{
  "type": "FeatureCollection",
  "generator": "overpass-turbo",
  "copyright": "The data included in this document is from www.openstreetmap.org. The data is made available under ODbL.",
  "timestamp": "2026-04-25T09:24:34Z",
  "features": [
    {
      "type": "Feature",
      "properties": {
        "@id": "relation/4614893",
        "landuse": "military",
        "name": "Bundesnachrichtendienst, Außenstelle Pullach im Isartal",
        "name:de": "Bundesnachrichtendienst, Außenstelle Pullach im Isartal",
        "name:en": "Federal Intelligence Service",
        "name:es": "Servicio Federal de Inteligencia",
        "name:fr": "Service fédéral de renseignement",
        "name:it": "Servizio Informazioni Federale",
        "name:ro": "Serviciile Federale de Informații",
        "short_name": "BND",
        "type": "multipolygon",
        "website": "https://www.bnd.bund.de/DE/Der_BND/Unsere-Standorte/standorte-node.html",
        "wikidata": "Q73933322",
        "wikipedia": "de:BND-Liegenschaft in Pullach"
      },
      "geometry": {
        "type": "MultiPolygon",
        "coordinates": [
          [
            [
              [
                11.528102,
                48.0619223
              ],
              [
                11.528019,
                48.0618751
              ],
              [
                11.5280046,
                48.0617481
              ],
              [
                11.5280583,
                48.0616607
              ],
              [
                11.528198,
                48.0612511
              ],
              [
                11.5286044,
                48.0611746
              ],
              [
                11.528827,
                48.0611372
              ],
              [
                11.5289964,
                48.0611199
              ],
              [
                11.5295993,
                48.0610089
              ],
              [
                11.5295863,
                48.0606302
              ],
              [
                11.5297315,
                48.060625
              ],
              [
                11.5298461,
                48.0606177
              ],
              [
                11.5298471,
                48.0605787
              ],
              [
                11.5298848,
                48.0605777
              ],
              [
                11.5299723,
                48.0605761
              ],
              [
                11.52999,
                48.0604527
              ],
              [
                11.5301394,
                48.0604283
              ],
              [
                11.5301882,
                48.0604017
              ],
              [
                11.530278,
                48.0603931
              ],
              [
                11.5305422,
                48.0604977
              ],
              [
                11.5306397,
                48.0605766
              ],
              [
                11.5308168,
                48.0606529
              ],
              [
                11.5308848,
                48.0607523
              ],
              [
                11.5311375,
                48.0608724
              ],
              [
                11.5313312,
                48.0610147
              ],
              [
                11.5316406,
                48.0610499
              ],
              [
                11.5362969,
                48.0638064
              ],
              [
                11.5374689,
                48.0650671
              ],
              [
                11.5373953,
                48.0654557
              ],
              [
                11.5359404,
                48.0660206
              ],
              [
                11.5345992,
                48.0661032
              ],
              [
                11.532045,
                48.0662604
              ],
              [
                11.5311949,
                48.0655908
              ],
              [
                11.5293421,
                48.0636939
              ],
              [
                11.5293472,
                48.0636143
              ],
              [
                11.5294339,
                48.0635556
              ],
              [
                11.5296106,
                48.0634747
              ],
              [
                11.5295417,
                48.0633985
              ],
              [
                11.5295066,
                48.0633597
              ],
              [
                11.5294644,
                48.0633147
              ],
              [
                11.5293793,
                48.063224
              ],
              [
                11.5292626,
                48.0632645
              ],
              [
                11.529186,
                48.063273
              ],
              [
                11.5291168,
                48.0632766
              ],
              [
                11.5290589,
                48.0632791
              ],
              [
                11.5289711,
                48.0632715
              ],
              [
                11.5288786,
                48.0632435
              ],
              [
                11.5286602,
                48.0629913
              ],
              [
                11.5283333,
                48.0625574
              ],
              [
                11.5282235,
                48.0623091
              ],
              [
                11.5281285,
                48.0619577
              ],
              [
                11.528102,
                48.0619223
              ]
            ]
          ],
          [
            [
              [
                11.5279505,
                48.0623719
              ],
              [
                11.5280813,
                48.0626267
              ],
              [
                11.5288174,
                48.0635498
              ],
              [
                11.5293417,
                48.0640986
              ],
              [
                11.529564,
                48.0643455
              ],
              [
                11.5296572,
                48.0644519
              ],
              [
                11.5296211,
                48.0644699
              ],
              [
                11.5296507,
                48.0645033
              ],
              [
                11.5296619,
                48.0645165
              ],
              [
                11.5296779,
                48.0645113
              ],
              [
                11.5298192,
                48.0645961
              ],
              [
                11.5299074,
                48.0646874
              ],
              [
                11.5304147,
                48.0652221
              ],
              [
                11.5303971,
                48.0652322
              ],
              [
                11.5303567,
                48.0652461
              ],
              [
                11.5302526,
                48.0652711
              ],
              [
                11.5293832,
                48.0654423
              ],
              [
                11.5273404,
                48.065852
              ],
              [
                11.5234973,
                48.0609365
              ],
              [
                11.5255864,
                48.0605175
              ],
              [
                11.5253232,
                48.0599236
              ],
              [
                11.5250031,
                48.0594354
              ],
              [
                11.5255464,
                48.0592946
              ],
              [
                11.5257019,
                48.0595425
              ],
              [
                11.5258001,
                48.0595682
              ],
              [
                11.5261355,
                48.059485
              ],
              [
                11.5262695,
                48.0595529
              ],
              [
                11.5263444,
                48.0596941
              ],
              [
                11.526709,
                48.0596024
              ],
              [
                11.5268009,
                48.0597603
              ],
              [
                11.5271755,
                48.0604067
              ],
              [
                11.5272696,
                48.0605648
              ],
              [
                11.5273781,
                48.0607319
              ],
              [
                11.5275733,
                48.0610687
              ],
              [
                11.5276972,
                48.061272
              ],
              [
                11.5277133,
                48.0613016
              ],
              [
                11.5277292,
                48.0613459
              ],
              [
                11.5277448,
                48.061407
              ],
              [
                11.527835,
                48.0620172
              ],
              [
                11.5277569,
                48.0620282
              ],
              [
                11.5277785,
                48.0621052
              ],
              [
                11.5278268,
                48.0621916
              ],
              [
                11.5279001,
                48.0622985
              ],
              [
                11.5279505,
                48.0623719
              ]
            ]
          ]
        ]
      },
      "id": "relation/4614893"
    },
    {
      "type": "Feature",
      "properties": {
        "@id": "relation/19647706",
        "addr:city": "München",
        "addr:country": "DE",
        "addr:housenumber": "3",
        "addr:postcode": "81369",
        "addr:street": "Steinerstraße",
        "amenity": "hospital",
        "capacity": "200",
        "check_date": "2025-08-30",
        "email": "info-skm@sana.de",
        "emergency": "yes",
        "healthcare": "hospital",
        "healthcare:speciality": "surgery",
        "name": "Sana Klinik München",
        "operator": "Sana Kliniken AG",
        "phone": "+49 89 72403-0",
        "type": "multipolygon",
        "website": "https://www.sana.de/muenchen",
        "wheelchair": "yes"
      },
      "geometry": {
        "type": "MultiPolygon",
        "coordinates": [
          [
            [
              [
                11.5390187,
                48.1040469
              ],
              [
                11.539058,
                48.103861
              ],
              [
                11.5391104,
                48.103866
              ],
              [
                11.5392035,
                48.1038761
              ],
              [
                11.5394305,
                48.1039021
              ],
              [
                11.5395734,
                48.1039202
              ],
              [
                11.5395217,
                48.1041742
              ],
              [
                11.5395101,
                48.1042307
              ],
              [
                11.5395063,
                48.1042492
              ],
              [
                11.5394962,
                48.104298
              ],
              [
                11.539482,
                48.1043669
              ],
              [
                11.5396272,
                48.1043803
              ],
              [
                11.5396614,
                48.1043834
              ],
              [
                11.5398085,
                48.1043969
              ],
              [
                11.5398643,
                48.1044016
              ],
              [
                11.5400533,
                48.1044189
              ],
              [
                11.5400041,
                48.1046645
              ],
              [
                11.5400004,
                48.1047097
              ],
              [
                11.5388903,
                48.1045973
              ],
              [
                11.5390006,
                48.1040828
              ],
              [
                11.5390187,
                48.1040469
              ]
            ]
          ],
          [
            [
              [
                11.5395573,
                48.1037162
              ],
              [
                11.5396504,
                48.1034259
              ],
              [
                11.5397193,
                48.1030954
              ],
              [
                11.5402777,
                48.1031907
              ],
              [
                11.5404637,
                48.103223
              ],
              [
                11.5405137,
                48.1032324
              ],
              [
                11.5402479,
                48.1038307
              ],
              [
                11.5395573,
                48.1037162
              ]
            ]
          ]
        ]
      },
      "id": "relation/19647706"
    },
    {
      "type": "Feature",
      "properties": {
        "@id": "relation/6257785",
        "addr:city": "München",
        "addr:housenumber": "19",
        "addr:postcode": "80337",
        "addr:street": "Ruppertstraße",
        "alt_name": "Bürgerbüro Ruppertstraße",
        "building": "public",
        "building:levels": "5",
        "description": "Bitte vereinbaren Sie online einen Termin: https://www.muenchen.de/rathaus/terminvereinbarung_bb.html",
        "government": "administrative",
        "long_name": "Kreisverwaltungsreferat Ruppertstraße",
        "name": "KVR Ruppertstraße",
        "office": "government",
        "official_name": "Hauptabteilung II Bürgerangelegenheiten, Bürgerbüro Meldewesen, Kfz-, Gewerbe- und Fundangelegenheiten.",
        "opening_hours": "Mo,We,Fr 07:30-12:00; Tu 08:30-12:00,14:00-18:00; Th 08:30-15:00; PH off",
        "phone": "+49 89 233 96000",
        "roof:levels": "0",
        "type": "multipolygon",
        "website": "https://stadt.muenchen.de/rathaus/verwaltung/kreisverwaltungsreferat.html",
        "wheelchair": "yes"
      },
      "geometry": {
        "type": "Polygon",
        "coordinates": [
          [
            [
              11.5498632,
              48.1247206
            ],
            [
              11.5499714,
              48.1248373
            ],
            [
              11.5498743,
              48.1248791
            ],
            [
              11.5497605,
              48.1247967
            ],
            [
              11.549623,
              48.1246433
            ],
            [
              11.5497411,
              48.1245915
            ],
            [
              11.5497541,
              48.1246077
            ],
            [
              11.5497709,
              48.1246011
            ],
            [
              11.5497392,
              48.1245671
            ],
            [
              11.5495624,
              48.1246406
            ],
            [
              11.5494656,
              48.1245369
            ],
            [
              11.5497887,
              48.1244025
            ],
            [
              11.5501153,
              48.1242668
            ],
            [
              11.551053,
              48.1238769
            ],
            [
              11.5510982,
              48.1239253
            ],
            [
              11.551196,
              48.1240302
            ],
            [
              11.5513561,
              48.1242017
            ],
            [
              11.5513091,
              48.1242212
            ],
            [
              11.5508796,
              48.1243998
            ],
            [
              11.5504764,
              48.1245675
            ],
            [
              11.5504197,
              48.124591
            ],
            [
              11.5503859,
              48.1245548
            ],
            [
              11.5500586,
              48.1246909
            ],
            [
              11.550116,
              48.1247524
            ],
            [
              11.5499691,
              48.1248135
            ],
            [
              11.549877,
              48.1247148
            ],
            [
              11.5498632,
              48.1247206
            ]
          ],
          [
            [
              11.5499634,
              48.1245898
            ],
            [
              11.5502913,
              48.1244534
            ],
            [
              11.5502134,
              48.12437
            ],
            [
              11.5498855,
              48.1245063
            ],
            [
              11.5499634,
              48.1245898
            ]
          ],
          [
            [
              11.5508746,
              48.124256
            ],
            [
              11.5511055,
              48.1241611
            ],
            [
              11.5509965,
              48.1240428
            ],
            [
              11.5507655,
              48.1241377
            ],
            [
              11.5508746,
              48.124256
            ]
          ],
          [
            [
              11.5504473,
              48.1243886
            ],
            [
              11.5506776,
              48.124293
            ],
            [
              11.5505998,
              48.1242096
            ],
            [
              11.5503695,
              48.1243051
            ],
            [
              11.5504473,
              48.1243886
            ]
          ]
        ]
      },
      "id": "relation/6257785"
    },
    {
      "type": "Feature",
      "properties": {
        "@id": "relation/2068621",
        "addr:city": "München",
        "addr:housenumber": "4",
        "addr:postcode": "80335",
        "addr:street": "Deroystraße",
        "building:levels": "9",
        "government": "tax",
        "name": "Finanzamt München",
        "office": "government",
        "razed:building": "public",
        "roof:levels": "0",
        "type": "multipolygon",
        "wheelchair": "yes"
      },
      "geometry": {
        "type": "Polygon",
        "coordinates": [
          [
            [
              11.5449544,
              48.146047
            ],
            [
              11.5447508,
              48.1460905
            ],
            [
              11.5446997,
              48.145983
            ],
            [
              11.5449737,
              48.1459245
            ],
            [
              11.5449678,
              48.1459123
            ],
            [
              11.5450164,
              48.1459019
            ],
            [
              11.5450235,
              48.1459169
            ],
            [
              11.5454894,
              48.1458175
            ],
            [
              11.5454816,
              48.1458012
            ],
            [
              11.545527,
              48.1457915
            ],
            [
              11.5455335,
              48.1458052
            ],
            [
              11.5458159,
              48.145745
            ],
            [
              11.5458691,
              48.1458569
            ],
            [
              11.5456496,
              48.1459037
            ],
            [
              11.5457373,
              48.1460879
            ],
            [
              11.5457098,
              48.1460938
            ],
            [
              11.5457478,
              48.1461736
            ],
            [
              11.5459455,
              48.1461315
            ],
            [
              11.5459983,
              48.1462424
            ],
            [
              11.5457637,
              48.1462924
            ],
            [
              11.5457797,
              48.1463261
            ],
            [
              11.5456917,
              48.1463448
            ],
            [
              11.5456753,
              48.1463103
            ],
            [
              11.545239,
              48.1464033
            ],
            [
              11.5452562,
              48.1464395
            ],
            [
              11.545169,
              48.1464581
            ],
            [
              11.5451521,
              48.1464227
            ],
            [
              11.5449119,
              48.1464739
            ],
            [
              11.5448583,
              48.1463611
            ],
            [
              11.5451104,
              48.1463073
            ],
            [
              11.5450728,
              48.1462284
            ],
            [
              11.5450437,
              48.1462346
            ],
            [
              11.5449544,
              48.146047
            ]
          ],
          [
            [
              11.5451356,
              48.1460101
            ],
            [
              11.5452243,
              48.1461964
            ],
            [
              11.5451973,
              48.1462022
            ],
            [
              11.5452346,
              48.1462805
            ],
            [
              11.5456251,
              48.1461972
            ],
            [
              11.5455888,
              48.1461209
            ],
            [
              11.5455675,
              48.1461254
            ],
            [
              11.5454778,
              48.1459371
            ],
            [
              11.5451356,
              48.1460101
            ]
          ]
        ]
      },
      "id": "relation/2068621"
    },
    {
      "type": "Feature",
      "properties": {
        "@id": "relation/12787953",
        "name": "Europäisches Patentamt",
        "name:en": "European Patent Office",
        "name:fr": "Office Européen des Brevets",
        "office": "government",
        "type": "multipolygon",
        "website": "https://www.epo.org/"
      },
      "geometry": {
        "type": "MultiPolygon",
        "coordinates": [
          [
            [
              [
                11.5476418,
                48.1390733
              ],
              [
                11.5476324,
                48.1390443
              ],
              [
                11.547601,
                48.138947
              ],
              [
                11.5475911,
                48.1389163
              ],
              [
                11.5474983,
                48.138629
              ],
              [
                11.5474895,
                48.1384924
              ],
              [
                11.5474882,
                48.1384733
              ],
              [
                11.5491474,
                48.1383788
              ],
              [
                11.5495391,
                48.1386909
              ],
              [
                11.5495927,
                48.1387336
              ],
              [
                11.549583,
                48.1387441
              ],
              [
                11.5495699,
                48.1387567
              ],
              [
                11.5495508,
                48.1387718
              ],
              [
                11.549529,
                48.1387858
              ],
              [
                11.5495042,
                48.1388001
              ],
              [
                11.5494761,
                48.1388113
              ],
              [
                11.5494405,
                48.1388215
              ],
              [
                11.5494077,
                48.1388278
              ],
              [
                11.5476418,
                48.1390733
              ]
            ]
          ],
          [
            [
              [
                11.5449204,
                48.1404887
              ],
              [
                11.544854,
                48.1401223
              ],
              [
                11.5455784,
                48.1400867
              ],
              [
                11.5468233,
                48.1400255
              ],
              [
                11.5469199,
                48.1399703
              ],
              [
                11.5470668,
                48.1398865
              ],
              [
                11.5473302,
                48.1397362
              ],
              [
                11.5473599,
                48.1397202
              ],
              [
                11.547504,
                48.1398305
              ],
              [
                11.547232,
                48.1399844
              ],
              [
                11.547878,
                48.1404773
              ],
              [
                11.5479886,
                48.1404291
              ],
              [
                11.5481428,
                48.1404261
              ],
              [
                11.5482261,
                48.1407772
              ],
              [
                11.5465604,
                48.1408213
              ],
              [
                11.5465566,
                48.1407653
              ],
              [
                11.5464068,
                48.1407699
              ],
              [
                11.5464103,
                48.1408204
              ],
              [
                11.5449755,
                48.1407925
              ],
              [
                11.5449204,
                48.1404887
              ]
            ]
          ],
          [
            [
              [
                11.5484026,
                48.1404299
              ],
              [
                11.5483716,
                48.1403429
              ],
              [
                11.5483602,
                48.140325
              ],
              [
                11.5483455,
                48.1403076
              ],
              [
                11.5483173,
                48.1402834
              ],
              [
                11.548197,
                48.1401926
              ],
              [
                11.54764,
                48.1397688
              ],
              [
                11.5475111,
                48.1396706
              ],
              [
                11.5473384,
                48.1394959
              ],
              [
                11.5472592,
                48.1394093
              ],
              [
                11.5472501,
                48.139397
              ],
              [
                11.5472451,
                48.1393856
              ],
              [
                11.5472431,
                48.1393724
              ],
              [
                11.5472427,
                48.1393603
              ],
              [
                11.5472441,
                48.1393489
              ],
              [
                11.5472474,
                48.1393386
              ],
              [
                11.5472535,
                48.1393297
              ],
              [
                11.5472655,
                48.1393185
              ],
              [
                11.547277,
                48.1393118
              ],
              [
                11.5472914,
                48.1393055
              ],
              [
                11.5473061,
                48.1393006
              ],
              [
                11.5473245,
                48.1392963
              ],
              [
                11.5481666,
                48.1391649
              ],
              [
                11.5488283,
                48.1390663
              ],
              [
                11.5488968,
                48.1390583
              ],
              [
                11.548951,
                48.1390542
              ],
              [
                11.549014,
                48.1390515
              ],
              [
                11.5492657,
                48.139046
              ],
              [
                11.5499032,
                48.1390354
              ],
              [
                11.5499716,
                48.139035
              ],
              [
                11.5501989,
                48.1390386
              ],
              [
                11.5509698,
                48.1390592
              ],
              [
                11.5509758,
                48.1394363
              ],
              [
                11.5510928,
                48.1398981
              ],
              [
                11.5514073,
                48.1403547
              ],
              [
                11.5513803,
                48.1403626
              ],
              [
                11.5512903,
                48.140389
              ],
              [
                11.5512494,
                48.1403247
              ],
              [
                11.5510554,
                48.1403811
              ],
              [
                11.5510471,
                48.1403685
              ],
              [
                11.5509858,
                48.1402752
              ],
              [
                11.5510471,
                48.1402543
              ],
              [
                11.5508755,
                48.1399984
              ],
              [
                11.5503886,
                48.1401362
              ],
              [
                11.5504226,
                48.1402396
              ],
              [
                11.550237,
                48.140264
              ],
              [
                11.5502062,
                48.1401586
              ],
              [
                11.5495558,
                48.1402463
              ],
              [
                11.5495833,
                48.1403525
              ],
              [
                11.5494022,
                48.1403754
              ],
              [
                11.5493721,
                48.1402901
              ],
              [
                11.5489047,
                48.1401973
              ],
              [
                11.548837,
                48.1403447
              ],
              [
                11.5487578,
                48.1403295
              ],
              [
                11.5487418,
                48.140368
              ],
              [
                11.5486635,
                48.140386
              ],
              [
                11.548675,
                48.140405
              ],
              [
                11.5486554,
                48.1404146
              ],
              [
                11.5486202,
                48.1404316
              ],
              [
                11.5486097,
                48.1404367
              ],
              [
                11.5486051,
                48.1404317
              ],
              [
                11.548592,
                48.1404316
              ],
              [
                11.5485817,
                48.1404315
              ],
              [
                11.5484026,
                48.1404299
              ]
            ]
          ]
        ]
      },
      "id": "relation/12787953"
    },
    {
      "type": "Feature",
      "properties": {
        "@id": "relation/11701898",
        "addr:city": "München",
        "addr:country": "DE",
        "addr:housenumber": "1",
        "addr:postcode": "80469",
        "addr:street": "Bob-van-Benthem-Platz",
        "building": "office",
        "building:levels": "11",
        "government": "patent_office",
        "heritage": "4",
        "heritage:operator": "BLfD",
        "internet_access": "wlan",
        "name": "Europäisches Patentamt",
        "name:en": "European Patent Office - Isar building",
        "office": "government",
        "ref:BLfD": "D-1-62-000-9006",
        "roof:levels": "1",
        "roof:shape": "flat",
        "type": "multipolygon",
        "website": "https://www.epo.org/de/service-support/contact-us",
        "wikidata": "Q7132151",
        "wikimedia_commons": "Category:European Patent Office (Bob-van-Benthem-Platz, Munich)",
        "wikipedia": "de:Europäische Patentorganisation"
      },
      "geometry": {
        "type": "Polygon",
        "coordinates": [
          [
            [
              11.5793592,
              48.1300342
            ],
            [
              11.5797426,
              48.1298363
            ],
            [
              11.5798271,
              48.1299092
            ],
            [
              11.5799309,
              48.1299104
            ],
            [
              11.5801177,
              48.1300797
            ],
            [
              11.5800952,
              48.1300915
            ],
            [
              11.5801153,
              48.1301086
            ],
            [
              11.5801378,
              48.1300968
            ],
            [
              11.580307,
              48.1301079
            ],
            [
              11.580395,
              48.1301877
            ],
            [
              11.5803932,
              48.1302013
            ],
            [
              11.5804142,
              48.1302026
            ],
            [
              11.580416,
              48.1301889
            ],
            [
              11.580542,
              48.1302024
            ],
            [
              11.5806644,
              48.1303134
            ],
            [
              11.5806889,
              48.1303008
            ],
            [
              11.5808253,
              48.1304229
            ],
            [
              11.5805223,
              48.1305771
            ],
            [
              11.5803857,
              48.1305648
            ],
            [
              11.5803831,
              48.1305774
            ],
            [
              11.5803764,
              48.1306102
            ],
            [
              11.5803707,
              48.130638
            ],
            [
              11.5803678,
              48.130652
            ],
            [
              11.5806627,
              48.1306787
            ],
            [
              11.5807793,
              48.1307792
            ],
            [
              11.5808739,
              48.130735
            ],
            [
              11.5811999,
              48.1307641
            ],
            [
              11.5813509,
              48.1309036
            ],
            [
              11.5813298,
              48.1310037
            ],
            [
              11.5814104,
              48.1310759
            ],
            [
              11.5805801,
              48.1314989
            ],
            [
              11.5805686,
              48.1314884
            ],
            [
              11.5804357,
              48.1314786
            ],
            [
              11.5798241,
              48.1309393
            ],
            [
              11.5798051,
              48.1309493
            ],
            [
              11.5796673,
              48.1308305
            ],
            [
              11.5800614,
              48.1306232
            ],
            [
              11.5801899,
              48.1306357
            ],
            [
              11.5801915,
              48.1306236
            ],
            [
              11.5801975,
              48.1305954
            ],
            [
              11.5802044,
              48.1305631
            ],
            [
              11.5802062,
              48.1305495
            ],
            [
              11.5799199,
              48.1305231
            ],
            [
              11.5794096,
              48.1300777
            ],
            [
              11.5793592,
              48.1300342
            ]
          ],
          [
            [
              11.5805767,
              48.1311802
            ],
            [
              11.5806772,
              48.1311285
            ],
            [
              11.5804877,
              48.1309647
            ],
            [
              11.5803872,
              48.1310165
            ],
            [
              11.5805767,
              48.1311802
            ]
          ]
        ]
      },
      "id": "relation/11701898"
    },
    {
      "type": "Feature",
      "properties": {
        "@id": "relation/1665166",
        "addr:city": "München",
        "addr:country": "DE",
        "addr:housenumber": "12",
        "addr:postcode": "80331",
        "addr:street": "Zweibrückenstraße",
        "alt_name": "Deutsches Patentamt",
        "building": "office",
        "building:levels": "12",
        "government": "patent_office",
        "name": "Deutsches Patent- und Markenamt",
        "office": "government",
        "roof:levels": "1",
        "roof:shape": "flat",
        "type": "multipolygon",
        "wikidata": "Q314296"
      },
      "geometry": {
        "type": "Polygon",
        "coordinates": [
          [
            [
              11.5845398,
              48.1322555
            ],
            [
              11.5844285,
              48.1323372
            ],
            [
              11.5838072,
              48.1326422
            ],
            [
              11.5837748,
              48.1326579
            ],
            [
              11.5837447,
              48.1326726
            ],
            [
              11.5836745,
              48.1327074
            ],
            [
              11.5834334,
              48.1328259
            ],
            [
              11.5829517,
              48.1323835
            ],
            [
              11.5830412,
              48.1323403
            ],
            [
              11.5832356,
              48.1322465
            ],
            [
              11.5830577,
              48.1320828
            ],
            [
              11.5830217,
              48.1321002
            ],
            [
              11.582069,
              48.1312238
            ],
            [
              11.5822931,
              48.1311153
            ],
            [
              11.5830725,
              48.1318323
            ],
            [
              11.5831272,
              48.1318058
            ],
            [
              11.5831025,
              48.1317829
            ],
            [
              11.5832031,
              48.1316848
            ],
            [
              11.58337,
              48.1316533
            ],
            [
              11.5835271,
              48.1318009
            ],
            [
              11.5834201,
              48.1319029
            ],
            [
              11.5832604,
              48.1319284
            ],
            [
              11.583238,
              48.1319077
            ],
            [
              11.5831833,
              48.1319342
            ],
            [
              11.5832458,
              48.1319917
            ],
            [
              11.5832085,
              48.1320098
            ],
            [
              11.5833865,
              48.1321736
            ],
            [
              11.5837735,
              48.1319868
            ],
            [
              11.5837878,
              48.1319886
            ],
            [
              11.5839324,
              48.131887
            ],
            [
              11.5839354,
              48.1318849
            ],
            [
              11.583999,
              48.131924
            ],
            [
              11.5841137,
              48.1319944
            ],
            [
              11.5843901,
              48.132164
            ],
            [
              11.5845398,
              48.1322555
            ]
          ],
          [
            [
              11.5839444,
              48.1320731
            ],
            [
              11.5834273,
              48.1323188
            ],
            [
              11.5832323,
              48.1324115
            ],
            [
              11.5835152,
              48.1326648
            ],
            [
              11.5836595,
              48.1325944
            ],
            [
              11.5836925,
              48.1325783
            ],
            [
              11.5837219,
              48.1325639
            ],
            [
              11.5842877,
              48.1322879
            ],
            [
              11.5842501,
              48.1322641
            ],
            [
              11.5839757,
              48.1320931
            ],
            [
              11.5839444,
              48.1320731
            ]
          ]
        ]
      },
      "id": "relation/1665166"
    },
    {
      "type": "Feature",
      "properties": {
        "@id": "relation/301240",
        "addr:city": "München",
        "amenity": "police",
        "architect": "Theodor Fischer",
        "architect:wikidata": "Q61259",
        "building": "public",
        "building:colour": "#90B090",
        "building:levels": "5",
        "heritage": "4",
        "heritage:operator": "BLfD",
        "image": "https://de.wikipedia.org/wiki/Datei:Polizeipraesidium_Muenchen-1.jpg",
        "name": "Polizeipräsidium München",
        "name:en": "Munich Police Department",
        "ref:BLfD": "D-1-62-000-1578",
        "roof:colour": "#C07070",
        "roof:levels": "3",
        "roof:shape": "gabled",
        "start_date": "1913",
        "type": "multipolygon",
        "wheelchair": "yes",
        "wikidata": "Q117085748",
        "wikimedia_commons": "Category:Building_of_Polizeipräsidium_München",
        "wikipedia": "de:Polizeipräsidium München"
      },
      "geometry": {
        "type": "Polygon",
        "coordinates": [
          [
            [
              11.5717696,
              48.1385263
            ],
            [
              11.571842,
              48.1385797
            ],
            [
              11.5718618,
              48.1385942
            ],
            [
              11.5718677,
              48.1385987
            ],
            [
              11.5718906,
              48.1386155
            ],
            [
              11.5719841,
              48.1386808
            ],
            [
              11.5720374,
              48.138718
            ],
            [
              11.5721888,
              48.1387876
            ],
            [
              11.5721928,
              48.1387892
            ],
            [
              11.572249,
              48.1388164
            ],
            [
              11.5724454,
              48.1388784
            ],
            [
              11.572616,
              48.138924
            ],
            [
              11.5728736,
              48.1389662
            ],
            [
              11.5728765,
              48.139008
            ],
            [
              11.5729032,
              48.1390389
            ],
            [
              11.5723632,
              48.1391907
            ],
            [
              11.571817,
              48.1393443
            ],
            [
              11.5717961,
              48.1393502
            ],
            [
              11.5717758,
              48.1393559
            ],
            [
              11.5712499,
              48.1395038
            ],
            [
              11.5711803,
              48.1393946
            ],
            [
              11.5710972,
              48.1392657
            ],
            [
              11.5712892,
              48.1392147
            ],
            [
              11.5713002,
              48.1392293
            ],
            [
              11.5713891,
              48.1392055
            ],
            [
              11.5713308,
              48.1391133
            ],
            [
              11.5713099,
              48.1390802
            ],
            [
              11.571252,
              48.1389886
            ],
            [
              11.5710306,
              48.1386384
            ],
            [
              11.5712063,
              48.1385908
            ],
            [
              11.5712922,
              48.1387228
            ],
            [
              11.571626,
              48.1386311
            ],
            [
              11.5715433,
              48.1384995
            ],
            [
              11.571527,
              48.1384735
            ],
            [
              11.5716454,
              48.1384265
            ],
            [
              11.5717696,
              48.1385263
            ]
          ],
          [
            [
              11.5725393,
              48.1390637
            ],
            [
              11.5726439,
              48.139035
            ],
            [
              11.5725205,
              48.1390046
            ],
            [
              11.5725098,
              48.1390243
            ],
            [
              11.5725393,
              48.1390637
            ]
          ],
          [
            [
              11.571423,
              48.1389231
            ],
            [
              11.5715546,
              48.1388846
            ],
            [
              11.5714792,
              48.1387712
            ],
            [
              11.5713476,
              48.1388096
            ],
            [
              11.571423,
              48.1389231
            ]
          ],
          [
            [
              11.5720403,
              48.1391027
            ],
            [
              11.5723136,
              48.1390231
            ],
            [
              11.5722823,
              48.1389801
            ],
            [
              11.5722873,
              48.1389642
            ],
            [
              11.5720899,
              48.1388946
            ],
            [
              11.5719345,
              48.1389396
            ],
            [
              11.5719553,
              48.1389711
            ],
            [
              11.5719777,
              48.1389645
            ],
            [
              11.5720403,
              48.1390591
            ],
            [
              11.5720179,
              48.1390657
            ],
            [
              11.5720403,
              48.1391027
            ]
          ],
          [
            [
              11.5715828,
              48.1392258
            ],
            [
              11.571698,
              48.1391932
            ],
            [
              11.5719157,
              48.1391316
            ],
            [
              11.5718061,
              48.1389589
            ],
            [
              11.5714737,
              48.1390539
            ],
            [
              11.5715828,
              48.1392258
            ]
          ],
          [
            [
              11.5717443,
              48.1388601
            ],
            [
              11.5718772,
              48.1388213
            ],
            [
              11.5718805,
              48.1387498
            ],
            [
              11.5718024,
              48.1387077
            ],
            [
              11.5716695,
              48.1387465
            ],
            [
              11.5717443,
              48.1388601
            ]
          ]
        ]
      },
      "id": "relation/301240"
    },
    {
      "type": "Feature",
      "properties": {
        "@id": "relation/61204",
        "addr:city": "München",
        "addr:country": "DE",
        "addr:housenumber": "5",
        "addr:postcode": "80335",
        "addr:street": "Prielmayerstraße",
        "amenity": "courthouse",
        "building": "yes",
        "building:levels": "6",
        "contact:phone": "+49 89 559 702",
        "contact:website": "https://www.justiz.bayern.de/gerichte-und-behoerden/oberlandesgerichte/muenchen/",
        "name": "Oberlandesgericht München",
        "type": "multipolygon",
        "wikidata": "Q30313701"
      },
      "geometry": {
        "type": "Polygon",
        "coordinates": [
          [
            [
              11.5631519,
              48.1413773
            ],
            [
              11.5626729,
              48.1406734
            ],
            [
              11.5629021,
              48.1406028
            ],
            [
              11.5629593,
              48.1405858
            ],
            [
              11.5630345,
              48.1405634
            ],
            [
              11.5632592,
              48.1404941
            ],
            [
              11.5632721,
              48.140513
            ],
            [
              11.5637371,
              48.1411963
            ],
            [
              11.5635039,
              48.1412696
            ],
            [
              11.5633896,
              48.1413031
            ],
            [
              11.5631519,
              48.1413773
            ]
          ],
          [
            [
              11.5631942,
              48.1411844
            ],
            [
              11.5634807,
              48.1410976
            ],
            [
              11.5633935,
              48.1409695
            ],
            [
              11.563107,
              48.1410563
            ],
            [
              11.5631942,
              48.1411844
            ]
          ],
          [
            [
              11.5630094,
              48.1409088
            ],
            [
              11.5632954,
              48.1408218
            ],
            [
              11.563206,
              48.140691
            ],
            [
              11.5629201,
              48.140778
            ],
            [
              11.5630094,
              48.1409088
            ]
          ]
        ]
      },
      "id": "relation/61204"
    },
    {
      "type": "Feature",
      "properties": {
        "@id": "relation/147095",
        "addr:city": "München",
        "addr:country": "DE",
        "addr:housenumber": "8",
        "addr:postcode": "80331",
        "addr:street": "Marienplatz",
        "amenity": "townhall",
        "architect": "Georg von Hauberrisser",
        "architect:wikidata": "Q45399",
        "building": "government",
        "building:architecture": "neo-gothic",
        "email": "rathaus@muenchen.de",
        "fax": "+49 89 233-26458",
        "height": "30",
        "height:note": "estimated",
        "heritage": "4",
        "heritage:operator": "BLfD",
        "name": "Neues Rathaus",
        "name:de": "Neues Rathaus",
        "name:en": "New Town Hall",
        "name:es": "Nuevo Ayuntamiento",
        "name:he": "בית העירייה החדש של מינכן",
        "name:ru": "Новая Ратуша-Глокеншпиль",
        "name:zh": "新市政廳",
        "opening_hours": "Oct-Apr Mo-Fr 10:00-17:00; May-Sep 10:00-19:00",
        "operator": "Stadtverwaltung",
        "phone": "+49 89 233-26458",
        "ref:BLfD": "D-1-62-000-4288",
        "roof:height": "8",
        "source:height": "rough estimate from photograph taken from across the square",
        "start_date": "1867 / 1909",
        "tourism": "attraction",
        "type": "multipolygon",
        "wheelchair": "yes",
        "wikidata": "Q152979",
        "wikimedia_commons": "Category:Neues Rathaus (München)",
        "wikipedia": "de:Neues Rathaus (München)"
      },
      "geometry": {
        "type": "Polygon",
        "coordinates": [
          [
            [
              11.5754195,
              48.1383103
            ],
            [
              11.5753037,
              48.1380755
            ],
            [
              11.5752698,
              48.1379865
            ],
            [
              11.575241,
              48.1379109
            ],
            [
              11.5752195,
              48.1378545
            ],
            [
              11.5751646,
              48.1377104
            ],
            [
              11.5751353,
              48.1376335
            ],
            [
              11.5751196,
              48.1375922
            ],
            [
              11.5751148,
              48.1375796
            ],
            [
              11.5751028,
              48.1375744
            ],
            [
              11.5750997,
              48.137566
            ],
            [
              11.5751075,
              48.1375572
            ],
            [
              11.5751214,
              48.1375551
            ],
            [
              11.5751334,
              48.1375602
            ],
            [
              11.575137,
              48.137557
            ],
            [
              11.5751316,
              48.1375401
            ],
            [
              11.5753391,
              48.1374964
            ],
            [
              11.5754083,
              48.1374818
            ],
            [
              11.5754032,
              48.1374714
            ],
            [
              11.5753954,
              48.137471
            ],
            [
              11.5753906,
              48.1374669
            ],
            [
              11.5753915,
              48.1374618
            ],
            [
              11.5753975,
              48.1374587
            ],
            [
              11.5754051,
              48.1374593
            ],
            [
              11.5754099,
              48.1374635
            ],
            [
              11.5754791,
              48.1374492
            ],
            [
              11.5755475,
              48.1374349
            ],
            [
              11.5755483,
              48.1374305
            ],
            [
              11.5755544,
              48.1374274
            ],
            [
              11.575562,
              48.1374281
            ],
            [
              11.5755666,
              48.137432
            ],
            [
              11.5755656,
              48.1374371
            ],
            [
              11.5755606,
              48.1374397
            ],
            [
              11.5755644,
              48.1374478
            ],
            [
              11.5756278,
              48.1374342
            ],
            [
              11.5756911,
              48.1374206
            ],
            [
              11.5757554,
              48.1374067
            ],
            [
              11.5758224,
              48.1373923
            ],
            [
              11.5758903,
              48.1373777
            ],
            [
              11.5759582,
              48.1373631
            ],
            [
              11.5759838,
              48.1373582
            ],
            [
              11.5760091,
              48.1373522
            ],
            [
              11.5760344,
              48.1373463
            ],
            [
              11.5760596,
              48.1373404
            ],
            [
              11.5760849,
              48.1373345
            ],
            [
              11.57611,
              48.1373286
            ],
            [
              11.5761353,
              48.1373226
            ],
            [
              11.5761605,
              48.1373167
            ],
            [
              11.5762278,
              48.1373009
            ],
            [
              11.5762951,
              48.1372851
            ],
            [
              11.5763704,
              48.1372674
            ],
            [
              11.5764181,
              48.1373579
            ],
            [
              11.5764491,
              48.1374166
            ],
            [
              11.5765727,
              48.137641
            ],
            [
              11.5766075,
              48.1376331
            ],
            [
              11.5766284,
              48.1376742
            ],
            [
              11.5767707,
              48.1378951
            ],
            [
              11.5767854,
              48.1378921
            ],
            [
              11.5768539,
              48.1379937
            ],
            [
              11.5767133,
              48.1380265
            ],
            [
              11.5767122,
              48.1380245
            ],
            [
              11.5764367,
              48.1380877
            ],
            [
              11.5763261,
              48.1381123
            ],
            [
              11.5760474,
              48.1381731
            ],
            [
              11.5755887,
              48.1382736
            ],
            [
              11.5754195,
              48.1383103
            ]
          ],
          [
            [
              11.575862,
              48.1376088
            ],
            [
              11.5759435,
              48.1375902
            ],
            [
              11.5759863,
              48.1375804
            ],
            [
              11.5759702,
              48.137549
            ],
            [
              11.5760197,
              48.1375377
            ],
            [
              11.5760362,
              48.1375698
            ],
            [
              11.5761126,
              48.1375524
            ],
            [
              11.5760866,
              48.1375017
            ],
            [
              11.5758362,
              48.1375604
            ],
            [
              11.575862,
              48.1376088
            ]
          ],
          [
            [
              11.5760016,
              48.1380698
            ],
            [
              11.5759694,
              48.1380019
            ],
            [
              11.5758781,
              48.1380212
            ],
            [
              11.5759116,
              48.1380918
            ],
            [
              11.5760016,
              48.1380698
            ]
          ],
          [
            [
              11.5753937,
              48.1376517
            ],
            [
              11.5753762,
              48.1376773
            ],
            [
              11.575423,
              48.1377854
            ],
            [
              11.5754723,
              48.137778
            ],
            [
              11.5755203,
              48.137801
            ],
            [
              11.5755319,
              48.1378333
            ],
            [
              11.5755047,
              48.1378667
            ],
            [
              11.5754561,
              48.1378748
            ],
            [
              11.5754781,
              48.1379449
            ],
            [
              11.5754862,
              48.1379706
            ],
            [
              11.5755516,
              48.1379568
            ],
            [
              11.5755469,
              48.1379468
            ],
            [
              11.5757893,
              48.1378955
            ],
            [
              11.5757924,
              48.1379089
            ],
            [
              11.5758986,
              48.137887
            ],
            [
              11.5758611,
              48.1378061
            ],
            [
              11.575816,
              48.1378155
            ],
            [
              11.5758087,
              48.1378002
            ],
            [
              11.5757268,
              48.1376398
            ],
            [
              11.5757598,
              48.1376314
            ],
            [
              11.5757425,
              48.1376008
            ],
            [
              11.5756418,
              48.1376262
            ],
            [
              11.5756287,
              48.1376013
            ],
            [
              11.5755567,
              48.1376167
            ],
            [
              11.5753937,
              48.1376517
            ]
          ],
          [
            [
              11.5761037,
              48.1378752
            ],
            [
              11.5761834,
              48.1378588
            ],
            [
              11.5763096,
              48.137829
            ],
            [
              11.5764775,
              48.1377906
            ],
            [
              11.5764639,
              48.1377638
            ],
            [
              11.5764983,
              48.1377559
            ],
            [
              11.5764478,
              48.1376568
            ],
            [
              11.5760054,
              48.137758
            ],
            [
              11.5760532,
              48.137861
            ],
            [
              11.5760933,
              48.1378527
            ],
            [
              11.5761037,
              48.1378752
            ]
          ],
          [
            [
              11.5762764,
              48.138018
            ],
            [
              11.5763903,
              48.1379924
            ],
            [
              11.5765672,
              48.1379523
            ],
            [
              11.5765482,
              48.1379149
            ],
            [
              11.5765618,
              48.1379118
            ],
            [
              11.5766046,
              48.1379021
            ],
            [
              11.5765872,
              48.1378679
            ],
            [
              11.576354,
              48.1379176
            ],
            [
              11.5762437,
              48.1379403
            ],
            [
              11.5762764,
              48.138018
            ]
          ],
          [
            [
              11.5761988,
              48.137533
            ],
            [
              11.5763387,
              48.1375019
            ],
            [
              11.5763121,
              48.1374487
            ],
            [
              11.576173,
              48.1374814
            ],
            [
              11.5761988,
              48.137533
            ]
          ]
        ]
      },
      "id": "relation/147095"
    },
    {
      "type": "Feature",
      "properties": {
        "@id": "relation/14000383",
        "addr:city": "München",
        "addr:housenumber": "14",
        "addr:postcode": "80538",
        "addr:street": "Prinzregentenstraße",
        "building": "government",
        "government": "commune",
        "name": "Bezirk Oberbayern",
        "office": "government",
        "opening_hours": "Mo-Th 08:00-17:00; Fr 08:00-13:00",
        "phone": "+49 89 219801",
        "type": "multipolygon",
        "website": "https://www.bezirk-oberbayern.de/",
        "wheelchair": "yes"
      },
      "geometry": {
        "type": "Polygon",
        "coordinates": [
          [
            [
              11.5858659,
              48.1433405
            ],
            [
              11.5853432,
              48.1427595
            ],
            [
              11.5854331,
              48.1427206
            ],
            [
              11.5853768,
              48.1426599
            ],
            [
              11.5859558,
              48.1424206
            ],
            [
              11.5860116,
              48.1424779
            ],
            [
              11.5860386,
              48.1424689
            ],
            [
              11.5869791,
              48.1430758
            ],
            [
              11.5870305,
              48.1432063
            ],
            [
              11.5862425,
              48.1433488
            ],
            [
              11.5860353,
              48.1433863
            ],
            [
              11.5860107,
              48.143363
            ],
            [
              11.5859482,
              48.1433041
            ],
            [
              11.5858659,
              48.1433405
            ]
          ],
          [
            [
              11.5857643,
              48.1429928
            ],
            [
              11.5860848,
              48.1428773
            ],
            [
              11.5862511,
              48.1427592
            ],
            [
              11.5859587,
              48.142565
            ],
            [
              11.5855417,
              48.1427306
            ],
            [
              11.5857643,
              48.1429928
            ]
          ],
          [
            [
              11.5859574,
              48.1430706
            ],
            [
              11.5859078,
              48.1430321
            ],
            [
              11.5857938,
              48.1430644
            ],
            [
              11.5859883,
              48.1432818
            ],
            [
              11.5862042,
              48.1432478
            ],
            [
              11.5861881,
              48.1432236
            ],
            [
              11.5862846,
              48.1431986
            ],
            [
              11.5862323,
              48.1430482
            ],
            [
              11.586168,
              48.1429847
            ],
            [
              11.5859574,
              48.1430706
            ]
          ],
          [
            [
              11.5862471,
              48.1429283
            ],
            [
              11.5863289,
              48.1430062
            ],
            [
              11.5863933,
              48.1431744
            ],
            [
              11.5865381,
              48.1431458
            ],
            [
              11.5865475,
              48.1431628
            ],
            [
              11.5868023,
              48.1431154
            ],
            [
              11.5863222,
              48.1428039
            ],
            [
              11.5862726,
              48.1428406
            ],
            [
              11.5863155,
              48.1428729
            ],
            [
              11.5862471,
              48.1429283
            ]
          ]
        ]
      },
      "id": "relation/14000383"
    },
    {
      "type": "Feature",
      "properties": {
        "@id": "relation/67886",
        "addr:city": "München",
        "addr:country": "DE",
        "addr:housenumber": "4",
        "addr:postcode": "80539",
        "addr:street": "Franz-Josef-Strauß-Ring",
        "building": "yes",
        "building:levels": "5",
        "email": "poststelle@stmb.bayern.de",
        "fax": "+49 89 2192-13350",
        "government": "ministry",
        "name": "Bayerisches Staatsministerium für Wohnen, Bau und Verkehr",
        "office": "government",
        "phone": "+49 89 2192-02",
        "type": "multipolygon",
        "website": "https://www.stmb.bayern.de/",
        "wikidata": "Q23788140",
        "wikipedia": "de:Bayerisches Staatsministerium für Wohnen, Bau und Verkehr"
      },
      "geometry": {
        "type": "Polygon",
        "coordinates": [
          [
            [
              11.5843953,
              48.1433548
            ],
            [
              11.584173,
              48.1428622
            ],
            [
              11.5848078,
              48.1427354
            ],
            [
              11.5848463,
              48.1427272
            ],
            [
              11.584915,
              48.1427131
            ],
            [
              11.5850679,
              48.1430508
            ],
            [
              11.5851015,
              48.1431255
            ],
            [
              11.5851152,
              48.1431558
            ],
            [
              11.5851378,
              48.1432059
            ],
            [
              11.5846267,
              48.1433084
            ],
            [
              11.5845811,
              48.1433175
            ],
            [
              11.5843953,
              48.1433548
            ]
          ],
          [
            [
              11.5845228,
              48.1431745
            ],
            [
              11.5848687,
              48.1431071
            ],
            [
              11.584772,
              48.1428861
            ],
            [
              11.5844261,
              48.1429535
            ],
            [
              11.5845228,
              48.1431745
            ]
          ]
        ]
      },
      "id": "relation/67886"
    },
    {
      "type": "Feature",
      "properties": {
        "@id": "relation/16328047",
        "building": "public",
        "name": "Amt für Wohnen und Migration",
        "note": "Wohnungsamt",
        "office": "government",
        "roof:levels": "1",
        "type": "multipolygon",
        "wheelchair": "yes"
      },
      "geometry": {
        "type": "Polygon",
        "coordinates": [
          [
            [
              11.5931749,
              48.127644
            ],
            [
              11.5933122,
              48.1278757
            ],
            [
              11.593345,
              48.1279236
            ],
            [
              11.5931894,
              48.1279866
            ],
            [
              11.5931699,
              48.1279946
            ],
            [
              11.5931325,
              48.1279309
            ],
            [
              11.5931288,
              48.1279246
            ],
            [
              11.5929038,
              48.1279865
            ],
            [
              11.5928694,
              48.1279298
            ],
            [
              11.5924947,
              48.1280497
            ],
            [
              11.5922227,
              48.1281697
            ],
            [
              11.5920274,
              48.1282618
            ],
            [
              11.5918047,
              48.1282156
            ],
            [
              11.5917183,
              48.1281969
            ],
            [
              11.5917678,
              48.128082
            ],
            [
              11.5918125,
              48.1280935
            ],
            [
              11.5918261,
              48.1280677
            ],
            [
              11.5919714,
              48.1280998
            ],
            [
              11.5920674,
              48.1280609
            ],
            [
              11.5919622,
              48.1279588
            ],
            [
              11.5917873,
              48.1279153
            ],
            [
              11.5918408,
              48.127799
            ],
            [
              11.591959,
              48.1277462
            ],
            [
              11.5920011,
              48.1277918
            ],
            [
              11.5920776,
              48.1277587
            ],
            [
              11.5921192,
              48.1278034
            ],
            [
              11.5922413,
              48.1277453
            ],
            [
              11.592376,
              48.1277041
            ],
            [
              11.5923459,
              48.1276566
            ],
            [
              11.5925129,
              48.1276048
            ],
            [
              11.5925477,
              48.1276518
            ],
            [
              11.5929005,
              48.1275488
            ],
            [
              11.5928146,
              48.1274132
            ],
            [
              11.5929903,
              48.1273635
            ],
            [
              11.5930412,
              48.1274436
            ],
            [
              11.5929474,
              48.1274723
            ],
            [
              11.5929961,
              48.1275547
            ],
            [
              11.5930459,
              48.1276415
            ],
            [
              11.5931492,
              48.127611
            ],
            [
              11.5931749,
              48.127644
            ]
          ],
          [
            [
              11.5923119,
              48.1279894
            ],
            [
              11.5924105,
              48.1279441
            ],
            [
              11.5925229,
              48.1279102
            ],
            [
              11.5924554,
              48.1278099
            ],
            [
              11.5923181,
              48.127849
            ],
            [
              11.5922176,
              48.1278963
            ],
            [
              11.5923119,
              48.1279894
            ]
          ],
          [
            [
              11.592985,
              48.127696
            ],
            [
              11.5929353,
              48.1277135
            ],
            [
              11.5929118,
              48.1276751
            ],
            [
              11.5926127,
              48.1277681
            ],
            [
              11.5926791,
              48.1278679
            ],
            [
              11.5928528,
              48.1278142
            ],
            [
              11.5928775,
              48.1278513
            ],
            [
              11.5929117,
              48.1278437
            ],
            [
              11.5929304,
              48.1278752
            ],
            [
              11.5930758,
              48.1278379
            ],
            [
              11.592985,
              48.127696
            ]
          ]
        ]
      },
      "id": "relation/16328047"
    },
    {
      "type": "Feature",
      "properties": {
        "@id": "relation/4125963",
        "addr:housenumber": "40",
        "addr:street": "Friedenstraße",
        "building": "office",
        "building:levels": "7",
        "building:material": "glass",
        "name": "Technisches Rathaus",
        "office": "government",
        "opening_hours": "Mo,We,Fr 07:30-12:00; Tu 08:30-12:00,14:00-16:00; Th 08:30-15:00",
        "roof:shape": "flat",
        "type": "multipolygon",
        "wheelchair": "yes",
        "wikidata": "Q2399470"
      },
      "geometry": {
        "type": "Polygon",
        "coordinates": [
          [
            [
              11.6132865,
              48.1305408
            ],
            [
              11.6134181,
              48.1304971
            ],
            [
              11.6135676,
              48.1306611
            ],
            [
              11.6127517,
              48.13094
            ],
            [
              11.6127899,
              48.1309614
            ],
            [
              11.6126466,
              48.1310625
            ],
            [
              11.6125428,
              48.1310061
            ],
            [
              11.6125261,
              48.131011
            ],
            [
              11.6124803,
              48.1310266
            ],
            [
              11.6124092,
              48.1310506
            ],
            [
              11.6123464,
              48.1310739
            ],
            [
              11.6123208,
              48.1310834
            ],
            [
              11.6122817,
              48.1311024
            ],
            [
              11.6122392,
              48.1311268
            ],
            [
              11.6122176,
              48.1311583
            ],
            [
              11.6122184,
              48.1311998
            ],
            [
              11.612226,
              48.1312151
            ],
            [
              11.6122379,
              48.131239
            ],
            [
              11.6122271,
              48.131248
            ],
            [
              11.6122521,
              48.1312812
            ],
            [
              11.6121811,
              48.1313088
            ],
            [
              11.611603,
              48.1307081
            ],
            [
              11.6116645,
              48.1306752
            ],
            [
              11.6116935,
              48.1306597
            ],
            [
              11.6116571,
              48.1306328
            ],
            [
              11.6114935,
              48.1305181
            ],
            [
              11.6114347,
              48.1304769
            ],
            [
              11.6114255,
              48.1304705
            ],
            [
              11.6114022,
              48.1304536
            ],
            [
              11.6113828,
              48.1304659
            ],
            [
              11.611342,
              48.1304373
            ],
            [
              11.611361,
              48.1304253
            ],
            [
              11.611294,
              48.1303783
            ],
            [
              11.6112525,
              48.1303492
            ],
            [
              11.611388,
              48.1302678
            ],
            [
              11.6114305,
              48.1302941
            ],
            [
              11.6115105,
              48.1302469
            ],
            [
              11.6114753,
              48.130218
            ],
            [
              11.6124273,
              48.1296607
            ],
            [
              11.612449,
              48.1296779
            ],
            [
              11.6124637,
              48.1296689
            ],
            [
              11.6124822,
              48.1296576
            ],
            [
              11.6124601,
              48.1296418
            ],
            [
              11.6125513,
              48.1295896
            ],
            [
              11.6133212,
              48.1303933
            ],
            [
              11.6132382,
              48.1304237
            ],
            [
              11.6132071,
              48.1303897
            ],
            [
              11.6131603,
              48.1304091
            ],
            [
              11.6131707,
              48.1304219
            ],
            [
              11.6131953,
              48.1304107
            ],
            [
              11.6132271,
              48.1304417
            ],
            [
              11.6132016,
              48.1304533
            ],
            [
              11.6132163,
              48.1304681
            ],
            [
              11.6132505,
              48.1305027
            ],
            [
              11.6132865,
              48.1305408
            ]
          ],
          [
            [
              11.6128678,
              48.1302858
            ],
            [
              11.6127941,
              48.1303154
            ],
            [
              11.6127629,
              48.130328
            ],
            [
              11.6128833,
              48.1303886
            ],
            [
              11.6128171,
              48.1304531
            ],
            [
              11.6127685,
              48.1305005
            ],
            [
              11.6125932,
              48.13042
            ],
            [
              11.6127168,
              48.1303087
            ],
            [
              11.6126516,
              48.1302814
            ],
            [
              11.6125818,
              48.1303226
            ],
            [
              11.6124374,
              48.1302232
            ],
            [
              11.6125045,
              48.1301805
            ],
            [
              11.6125889,
              48.1301268
            ],
            [
              11.6127338,
              48.1302284
            ],
            [
              11.6127822,
              48.1301962
            ],
            [
              11.6125861,
              48.129991
            ],
            [
              11.6125125,
              48.129914
            ],
            [
              11.6125593,
              48.1298878
            ],
            [
              11.6125174,
              48.1298454
            ],
            [
              11.6123325,
              48.1299506
            ],
            [
              11.6123545,
              48.1299687
            ],
            [
              11.6123041,
              48.1299961
            ],
            [
              11.6122844,
              48.1299799
            ],
            [
              11.6117633,
              48.1302807
            ],
            [
              11.6116445,
              48.1303483
            ],
            [
              11.6116061,
              48.1303147
            ],
            [
              11.6115228,
              48.1303627
            ],
            [
              11.6115623,
              48.1303913
            ],
            [
              11.6115782,
              48.1304028
            ],
            [
              11.6116277,
              48.1304387
            ],
            [
              11.6117757,
              48.1305458
            ],
            [
              11.6121245,
              48.1307983
            ],
            [
              11.6121811,
              48.1308393
            ],
            [
              11.6121639,
              48.1308499
            ],
            [
              11.612146,
              48.130861
            ],
            [
              11.6122091,
              48.1309062
            ],
            [
              11.6122904,
              48.1308774
            ],
            [
              11.612403,
              48.130836
            ],
            [
              11.6124127,
              48.1308324
            ],
            [
              11.6123663,
              48.1306915
            ],
            [
              11.61298,
              48.1305913
            ],
            [
              11.6130002,
              48.1306357
            ],
            [
              11.6132399,
              48.1305562
            ],
            [
              11.6132003,
              48.1305178
            ],
            [
              11.6131704,
              48.1304871
            ],
            [
              11.6130834,
              48.1305114
            ],
            [
              11.6130595,
              48.1304864
            ],
            [
              11.6128678,
              48.1302858
            ]
          ]
        ]
      },
      "id": "relation/4125963"
    },
    {
      "type": "Feature",
      "properties": {
        "@id": "relation/19424646",
        "addr:city": "München",
        "addr:country": "DE",
        "addr:housename": "Landgericht München I",
        "addr:housenumber": "16",
        "addr:postcode": "80335",
        "addr:street": "Nymphenburger Straße",
        "amenity": "courthouse",
        "building": "public",
        "building:levels": "1",
        "description": "Strafabteilungen der LG München I und II und des AG München",
        "name": "Strafjustizzentrum",
        "type": "multipolygon",
        "wheelchair": "no",
        "wikidata": "Q22976853",
        "wikimedia_commons": "Category:Strafjustizzentrum München",
        "wikipedia": "de:Strafjustizzentrum München"
      },
      "geometry": {
        "type": "Polygon",
        "coordinates": [
          [
            [
              11.5540177,
              48.1492235
            ],
            [
              11.5539718,
              48.1491208
            ],
            [
              11.5538797,
              48.1491378
            ],
            [
              11.5538419,
              48.1490365
            ],
            [
              11.5539221,
              48.1490208
            ],
            [
              11.5537729,
              48.1486814
            ],
            [
              11.5539004,
              48.148656
            ],
            [
              11.5547547,
              48.1484859
            ],
            [
              11.5547431,
              48.14846
            ],
            [
              11.5547801,
              48.1484135
            ],
            [
              11.5548568,
              48.1483982
            ],
            [
              11.554868,
              48.1483897
            ],
            [
              11.555033,
              48.1483568
            ],
            [
              11.5550771,
              48.1483711
            ],
            [
              11.5551018,
              48.1484263
            ],
            [
              11.5551116,
              48.1484483
            ],
            [
              11.5550998,
              48.1484715
            ],
            [
              11.5551131,
              48.1485013
            ],
            [
              11.5550666,
              48.1485106
            ],
            [
              11.555082,
              48.1485455
            ],
            [
              11.5550982,
              48.1485812
            ],
            [
              11.5554281,
              48.1485155
            ],
            [
              11.5554153,
              48.1484869
            ],
            [
              11.555777,
              48.1484149
            ],
            [
              11.5558216,
              48.1485147
            ],
            [
              11.5558508,
              48.1485089
            ],
            [
              11.5558634,
              48.1485369
            ],
            [
              11.5558346,
              48.1485426
            ],
            [
              11.5558692,
              48.1486199
            ],
            [
              11.5558965,
              48.148681
            ],
            [
              11.5552005,
              48.1488195
            ],
            [
              11.5552697,
              48.1489743
            ],
            [
              11.5549761,
              48.1490328
            ],
            [
              11.5542502,
              48.1491772
            ],
            [
              11.5541624,
              48.1491947
            ],
            [
              11.5541437,
              48.1491984
            ],
            [
              11.5541255,
              48.149202
            ],
            [
              11.5540177,
              48.1492235
            ]
          ],
          [
            [
              11.5541966,
              48.1490574
            ],
            [
              11.5549225,
              48.1489129
            ],
            [
              11.5548543,
              48.1487604
            ],
            [
              11.5549278,
              48.1487458
            ],
            [
              11.5549699,
              48.1487374
            ],
            [
              11.5549411,
              48.1486731
            ],
            [
              11.5540996,
              48.1488405
            ],
            [
              11.5541966,
              48.1490574
            ]
          ]
        ]
      },
      "id": "relation/19424646"
    },
    {
      "type": "Feature",
      "properties": {
        "@id": "relation/156362",
        "addr:city": "München",
        "addr:housenumber": "9",
        "addr:postcode": "80797",
        "addr:street": "Winzererstraße",
        "building": "public",
        "height": "22",
        "office": "government",
        "roof:shape": "flat",
        "type": "multipolygon",
        "website": "https://www.stmas.bayern.de/"
      },
      "geometry": {
        "type": "Polygon",
        "coordinates": [
          [
            [
              11.5588252,
              48.1563855
            ],
            [
              11.5587791,
              48.1563594
            ],
            [
              11.5587722,
              48.156365
            ],
            [
              11.5587344,
              48.1563678
            ],
            [
              11.5587339,
              48.1563437
            ],
            [
              11.5587409,
              48.1563382
            ],
            [
              11.5584004,
              48.1561464
            ],
            [
              11.5583934,
              48.1561519
            ],
            [
              11.5583556,
              48.1561547
            ],
            [
              11.5583552,
              48.1561306
            ],
            [
              11.5583621,
              48.1561251
            ],
            [
              11.5583282,
              48.156106
            ],
            [
              11.5583068,
              48.156094
            ],
            [
              11.5583624,
              48.1560544
            ],
            [
              11.5583627,
              48.156025
            ],
            [
              11.5583304,
              48.1560485
            ],
            [
              11.5581742,
              48.1560574
            ],
            [
              11.5580253,
              48.1559672
            ],
            [
              11.5579911,
              48.1558591
            ],
            [
              11.5578995,
              48.1558065
            ],
            [
              11.5580288,
              48.1558
            ],
            [
              11.5580215,
              48.1557405
            ],
            [
              11.5579582,
              48.1557047
            ],
            [
              11.5580011,
              48.1556728
            ],
            [
              11.557993,
              48.155668
            ],
            [
              11.5579901,
              48.1556427
            ],
            [
              11.5580242,
              48.1556414
            ],
            [
              11.5580346,
              48.155648
            ],
            [
              11.5582366,
              48.1554842
            ],
            [
              11.5586231,
              48.1554098
            ],
            [
              11.5586199,
              48.1554029
            ],
            [
              11.5586361,
              48.1553813
            ],
            [
              11.5586672,
              48.1553909
            ],
            [
              11.558671,
              48.1554001
            ],
            [
              11.5587323,
              48.1553892
            ],
            [
              11.5588802,
              48.1557361
            ],
            [
              11.5589066,
              48.1557455
            ],
            [
              11.5589347,
              48.1557546
            ],
            [
              11.5589587,
              48.1557225
            ],
            [
              11.5589824,
              48.1557318
            ],
            [
              11.5590031,
              48.1557396
            ],
            [
              11.5590984,
              48.1557217
            ],
            [
              11.5593107,
              48.1562266
            ],
            [
              11.5592505,
              48.1562384
            ],
            [
              11.5592537,
              48.1562453
            ],
            [
              11.5592363,
              48.1562679
            ],
            [
              11.559206,
              48.1562549
            ],
            [
              11.5592028,
              48.1562479
            ],
            [
              11.5589379,
              48.1562985
            ],
            [
              11.5588252,
              48.1563855
            ]
          ],
          [
            [
              11.5588372,
              48.1561921
            ],
            [
              11.5590899,
              48.1561442
            ],
            [
              11.559004,
              48.1559462
            ],
            [
              11.5586618,
              48.1560117
            ],
            [
              11.5585728,
              48.1560835
            ],
            [
              11.5588062,
              48.156215
            ],
            [
              11.5588372,
              48.1561921
            ]
          ],
          [
            [
              11.5584017,
              48.1557413
            ],
            [
              11.5585013,
              48.1557222
            ],
            [
              11.5585356,
              48.1556804
            ],
            [
              11.5585241,
              48.1556532
            ],
            [
              11.5584911,
              48.1555753
            ],
            [
              11.5583563,
              48.1556005
            ],
            [
              11.558239,
              48.1556914
            ],
            [
              11.5583697,
              48.1557666
            ],
            [
              11.5584017,
              48.1557413
            ]
          ]
        ]
      },
      "id": "relation/156362"
    },
    {
      "type": "Feature",
      "properties": {
        "@id": "relation/1657606",
        "addr:city": "München",
        "addr:country": "DE",
        "addr:housenumber": "2",
        "addr:postcode": "81925",
        "addr:street": "Rosenkavalierplatz",
        "building": "office",
        "building:levels": "7",
        "name": "Bayerisches Staatsministerium für Umwelt und Verbraucherschutz",
        "office": "government",
        "phone": "+49 89 9214 00",
        "roof:levels": "0",
        "roof:shape": "flat",
        "short_name": "StMUV",
        "type": "multipolygon",
        "website": "https://www.stmuv.bayern.de/",
        "wikidata": "Q812441"
      },
      "geometry": {
        "type": "Polygon",
        "coordinates": [
          [
            [
              11.6179568,
              48.153225
            ],
            [
              11.6179569,
              48.1526757
            ],
            [
              11.6181334,
              48.1526757
            ],
            [
              11.6181334,
              48.1526446
            ],
            [
              11.6190181,
              48.1526447
            ],
            [
              11.6190181,
              48.1526761
            ],
            [
              11.6191872,
              48.1526761
            ],
            [
              11.6191872,
              48.1527034
            ],
            [
              11.619187,
              48.1532259
            ],
            [
              11.6190208,
              48.1532259
            ],
            [
              11.6190208,
              48.1532571
            ],
            [
              11.6181328,
              48.153257
            ],
            [
              11.6181328,
              48.153225
            ],
            [
              11.6179568,
              48.153225
            ]
          ],
          [
            [
              11.6182366,
              48.1530999
            ],
            [
              11.6189172,
              48.1531
            ],
            [
              11.6189173,
              48.1528019
            ],
            [
              11.6182367,
              48.1528018
            ],
            [
              11.6182366,
              48.1530999
            ]
          ]
        ]
      },
      "id": "relation/1657606"
    },
    {
      "type": "Feature",
      "properties": {
        "@id": "relation/1546130",
        "amenity": "hospital",
        "building": "yes",
        "healthcare": "hospital",
        "name": "StOSanZentrum",
        "type": "multipolygon"
      },
      "geometry": {
        "type": "Polygon",
        "coordinates": [
          [
            [
              11.5825209,
              48.2105205
            ],
            [
              11.5826922,
              48.2105025
            ],
            [
              11.5827881,
              48.21042
            ],
            [
              11.5828096,
              48.2104874
            ],
            [
              11.5829782,
              48.210472
            ],
            [
              11.5829868,
              48.2105233
            ],
            [
              11.5824106,
              48.2105715
            ],
            [
              11.582416,
              48.2105991
            ],
            [
              11.5820103,
              48.2106344
            ],
            [
              11.5819928,
              48.2105446
            ],
            [
              11.581907,
              48.2105521
            ],
            [
              11.5818599,
              48.2103113
            ],
            [
              11.5819878,
              48.2103001
            ],
            [
              11.5819716,
              48.210217
            ],
            [
              11.5823259,
              48.2101862
            ],
            [
              11.5823392,
              48.2102345
            ],
            [
              11.5823708,
              48.2102479
            ],
            [
              11.5824049,
              48.2102595
            ],
            [
              11.58247,
              48.2102538
            ],
            [
              11.5825209,
              48.2105205
            ]
          ],
          [
            [
              11.5820843,
              48.2105133
            ],
            [
              11.5823373,
              48.2104896
            ],
            [
              11.582301,
              48.2103173
            ],
            [
              11.5820479,
              48.210341
            ],
            [
              11.5820843,
              48.2105133
            ]
          ]
        ]
      },
      "id": "relation/1546130"
    },
    {
      "type": "Feature",
      "properties": {
        "@id": "relation/6610186",
        "addr:city": "Unterschleißheim",
        "addr:country": "DE",
        "addr:housenumber": "1",
        "addr:postcode": "85716",
        "addr:street": "Rathausplatz",
        "amenity": "townhall",
        "building": "public",
        "check_date": "2025-10-18",
        "name": "Rathaus Unterschleißheim",
        "phone": "+49 89 310090",
        "roof:colour": "#666666",
        "type": "multipolygon",
        "website": "https://www.unterschleissheim.de/startseite.html"
      },
      "geometry": {
        "type": "Polygon",
        "coordinates": [
          [
            [
              11.5711145,
              48.2732475
            ],
            [
              11.5710965,
              48.2732355
            ],
            [
              11.5710815,
              48.2732094
            ],
            [
              11.5710032,
              48.2732089
            ],
            [
              11.5709753,
              48.2731646
            ],
            [
              11.5709473,
              48.2731202
            ],
            [
              11.570909,
              48.2731309
            ],
            [
              11.570844,
              48.2730276
            ],
            [
              11.5708824,
              48.2730169
            ],
            [
              11.5708329,
              48.2729404
            ],
            [
              11.5707151,
              48.2729405
            ],
            [
              11.5706739,
              48.2729405
            ],
            [
              11.5706169,
              48.2729028
            ],
            [
              11.570562,
              48.2728664
            ],
            [
              11.5705183,
              48.27288
            ],
            [
              11.5705213,
              48.2729055
            ],
            [
              11.5702343,
              48.272985
            ],
            [
              11.5702203,
              48.2729585
            ],
            [
              11.5702063,
              48.2729612
            ],
            [
              11.5702057,
              48.2729519
            ],
            [
              11.5701094,
              48.2729745
            ],
            [
              11.5701072,
              48.2729266
            ],
            [
              11.5700586,
              48.2729385
            ],
            [
              11.5700535,
              48.2728233
            ],
            [
              11.5701018,
              48.2728234
            ],
            [
              11.5702017,
              48.2728216
            ],
            [
              11.5702033,
              48.2727334
            ],
            [
              11.5702182,
              48.2727322
            ],
            [
              11.5702148,
              48.2726599
            ],
            [
              11.5702689,
              48.2726226
            ],
            [
              11.5701989,
              48.2725904
            ],
            [
              11.5704242,
              48.2724406
            ],
            [
              11.5705095,
              48.2725281
            ],
            [
              11.5705276,
              48.272518
            ],
            [
              11.5705657,
              48.2724966
            ],
            [
              11.5705828,
              48.2725227
            ],
            [
              11.5708542,
              48.272522
            ],
            [
              11.5708676,
              48.2724912
            ],
            [
              11.5709514,
              48.2724947
            ],
            [
              11.570859,
              48.2726497
            ],
            [
              11.5708905,
              48.2726691
            ],
            [
              11.5709219,
              48.2726885
            ],
            [
              11.5709508,
              48.2726729
            ],
            [
              11.5709859,
              48.2726962
            ],
            [
              11.5710149,
              48.2727155
            ],
            [
              11.5711534,
              48.2728074
            ],
            [
              11.5710783,
              48.2728586
            ],
            [
              11.5710101,
              48.2729052
            ],
            [
              11.5710545,
              48.2729765
            ],
            [
              11.5712062,
              48.273225
            ],
            [
              11.5711756,
              48.273232
            ],
            [
              11.5711536,
              48.2732379
            ],
            [
              11.5711145,
              48.2732475
            ]
          ],
          [
            [
              11.5707015,
              48.2728236
            ],
            [
              11.5707322,
              48.2728435
            ],
            [
              11.5707751,
              48.2728431
            ],
            [
              11.570805,
              48.2728226
            ],
            [
              11.5708044,
              48.2727941
            ],
            [
              11.5707737,
              48.2727742
            ],
            [
              11.5707308,
              48.2727746
            ],
            [
              11.5707009,
              48.2727951
            ],
            [
              11.5707015,
              48.2728236
            ]
          ]
        ]
      },
      "id": "relation/6610186"
    },
    {
      "type": "Feature",
      "properties": {
        "@id": "way/170942297",
        "addr:housenumber": "2",
        "addr:street": "Bahnhofstraße",
        "amenity": "townhall",
        "building": "public",
        "building:levels": "2",
        "contact:email": "gemeinde@baierbrunn.bayern.de",
        "contact:fax": "+49 89 74415010",
        "contact:phone": "+49 89 7441500",
        "contact:website": "https://www.baierbrunn.org/dienste/rathaus/",
        "name": "Rathaus Baierbrunn",
        "opening_hours": "Mo-Fr 08:00-12:00; We off; Th 09:00-12:00,14:00-18:00; PH off",
        "roof:shape": "gabled"
      },
      "geometry": {
        "type": "Polygon",
        "coordinates": [
          [
            [
              11.4857485,
              48.0195826
            ],
            [
              11.4857901,
              48.0194627
            ],
            [
              11.485917,
              48.0194825
            ],
            [
              11.4859491,
              48.0194875
            ],
            [
              11.4859804,
              48.0194923
            ],
            [
              11.4861666,
              48.0195213
            ],
            [
              11.4861249,
              48.0196411
            ],
            [
              11.485873,
              48.019602
            ],
            [
              11.4857485,
              48.0195826
            ]
          ]
        ]
      },
      "id": "way/170942297"
    },
    {
      "type": "Feature",
      "properties": {
        "@id": "way/238252421",
        "addr:city": "Grünwald",
        "addr:country": "DE",
        "addr:housenumber": "34",
        "addr:postcode": "82031",
        "addr:street": "Tölzer Straße",
        "amenity": "police",
        "building": "yes",
        "building:colour": "#BBBBBB",
        "building:levels": "3",
        "name": "Polizeiinspektion München 32 (Grünwald)",
        "phone": "+49 89 641440",
        "roof:colour": "lightgrey",
        "roof:shape": "gabled",
        "website": "https://www.polizei.bayern.de/wir-ueber-uns/organisation/dienststellen/0900812110000.html",
        "wheelchair": "limited"
      },
      "geometry": {
        "type": "Polygon",
        "coordinates": [
          [
            [
              11.5199988,
              48.0323368
            ],
            [
              11.5202049,
              48.0323123
            ],
            [
              11.5202481,
              48.0324746
            ],
            [
              11.5202914,
              48.0326373
            ],
            [
              11.5200852,
              48.0326618
            ],
            [
              11.5199988,
              48.0323368
            ]
          ]
        ]
      },
      "id": "way/238252421"
    },
    {
      "type": "Feature",
      "properties": {
        "@id": "way/71157920",
        "addr:city": "Grünwald",
        "addr:country": "DE",
        "addr:housenumber": "3",
        "addr:postcode": "82031",
        "addr:street": "Rathausstraße",
        "amenity": "townhall",
        "building": "yes",
        "building:colour": "white",
        "building:levels": "5",
        "check_date": "2025-06-06",
        "name": "Gemeinde Grünwald",
        "opening_hours": "Mo,We,Th 08:00-12:00; Tu 10:00-12:00,14:30-18:00; Fr 07:30-12:00; Tu 14:30-17:00 \"Bauamt und Wasserwerk\"",
        "phone": "+49 89 64162-0",
        "roof:colour": "grey",
        "roof:shape": "flat",
        "website": "https://www.gemeinde-gruenwald.de/"
      },
      "geometry": {
        "type": "Polygon",
        "coordinates": [
          [
            [
              11.520967,
              48.0410765
            ],
            [
              11.5207859,
              48.0408494
            ],
            [
              11.521126,
              48.0407282
            ],
            [
              11.5211954,
              48.0408153
            ],
            [
              11.5213071,
              48.0409553
            ],
            [
              11.520967,
              48.0410765
            ]
          ]
        ]
      },
      "id": "way/71157920"
    },
    {
      "type": "Feature",
      "properties": {
        "@id": "way/26814172",
        "addr:city": "Oberhaching",
        "addr:country": "DE",
        "addr:housenumber": "11",
        "addr:postcode": "82041",
        "addr:street": "Alpenstraße",
        "amenity": "townhall",
        "building": "yes",
        "name": "Rathaus Oberhaching",
        "opening_hours": "Mo-Fr 08:00-12:00; Th 16:00-18:00",
        "wheelchair": "yes"
      },
      "geometry": {
        "type": "Polygon",
        "coordinates": [
          [
            [
              11.5912002,
              48.0245185
            ],
            [
              11.5913447,
              48.0244875
            ],
            [
              11.5914258,
              48.0244701
            ],
            [
              11.5914233,
              48.0244649
            ],
            [
              11.591394,
              48.0244038
            ],
            [
              11.5915922,
              48.0243612
            ],
            [
              11.5916563,
              48.0244948
            ],
            [
              11.591532,
              48.0245215
            ],
            [
              11.5915507,
              48.0245606
            ],
            [
              11.5916373,
              48.024741
            ],
            [
              11.5913303,
              48.0248069
            ],
            [
              11.5912389,
              48.0246165
            ],
            [
              11.5910932,
              48.0246478
            ],
            [
              11.5909847,
              48.024671
            ],
            [
              11.5910199,
              48.0247444
            ],
            [
              11.5909127,
              48.0247674
            ],
            [
              11.5908202,
              48.0245745
            ],
            [
              11.5908909,
              48.0245594
            ],
            [
              11.590909,
              48.0245971
            ],
            [
              11.590936,
              48.0245913
            ],
            [
              11.5909618,
              48.0245858
            ],
            [
              11.5909548,
              48.0245712
            ],
            [
              11.5912002,
              48.0245185
            ]
          ]
        ]
      },
      "id": "way/26814172"
    },
    {
      "type": "Feature",
      "properties": {
        "@id": "way/246641416",
        "addr:city": "Sauerlach",
        "addr:country": "DE",
        "addr:housenumber": "1",
        "addr:postcode": "82054",
        "addr:street": "Bahnhofstraße",
        "admin_level": "8",
        "amenity": "townhall",
        "building": "civic",
        "building:levels": "2",
        "building:levels:underground": "1",
        "contact:email": "gemeinde.sauerlach@sauerlach.bayern.de",
        "contact:fax": "+49 8104 6646-99",
        "contact:phone": "+49 8104 6646-0",
        "contact:website": "https://www.sauerlach.de",
        "government": "administrative",
        "name": "Rathaus",
        "office": "government",
        "opening_hours": "Mo-Fr 08:30-12:00, Th 15:00-18:00; PH off",
        "operator": "Gemeinde Sauerlach",
        "townhall:type": "municipality",
        "wheelchair": "yes",
        "wikimedia_commons": "Category:Rathaus_Sauerlach"
      },
      "geometry": {
        "type": "Polygon",
        "coordinates": [
          [
            [
              11.6536436,
              47.9730922
            ],
            [
              11.6536036,
              47.9730879
            ],
            [
              11.6536025,
              47.9730921
            ],
            [
              11.6535838,
              47.9730901
            ],
            [
              11.653565,
              47.9730881
            ],
            [
              11.6535662,
              47.9730829
            ],
            [
              11.653549,
              47.973081
            ],
            [
              11.6535327,
              47.9730793
            ],
            [
              11.6535262,
              47.9730786
            ],
            [
              11.6535179,
              47.9731133
            ],
            [
              11.6535146,
              47.9731272
            ],
            [
              11.6534947,
              47.9731251
            ],
            [
              11.6534771,
              47.9731333
            ],
            [
              11.6534653,
              47.9731219
            ],
            [
              11.6533766,
              47.9731124
            ],
            [
              11.6534016,
              47.9730076
            ],
            [
              11.6534063,
              47.9729876
            ],
            [
              11.6534557,
              47.9727822
            ],
            [
              11.6534766,
              47.9727845
            ],
            [
              11.6535428,
              47.9727916
            ],
            [
              11.6535931,
              47.972797
            ],
            [
              11.6536288,
              47.9728008
            ],
            [
              11.6536237,
              47.9728219
            ],
            [
              11.6536421,
              47.9728238
            ],
            [
              11.6536371,
              47.9728444
            ],
            [
              11.6536272,
              47.9728857
            ],
            [
              11.6536222,
              47.9729068
            ],
            [
              11.6536038,
              47.9729048
            ],
            [
              11.653599,
              47.9729246
            ],
            [
              11.6535941,
              47.972945
            ],
            [
              11.6535894,
              47.9729647
            ],
            [
              11.6535842,
              47.9729862
            ],
            [
              11.6535747,
              47.9730262
            ],
            [
              11.65359,
              47.9730278
            ],
            [
              11.6536573,
              47.9730351
            ],
            [
              11.6536551,
              47.9730442
            ],
            [
              11.6536511,
              47.9730609
            ],
            [
              11.6536436,
              47.9730922
            ]
          ]
        ]
      },
      "id": "way/246641416"
    },
    {
      "type": "Feature",
      "properties": {
        "@id": "way/1430658783",
        "government": "register_office",
        "indoor": "room",
        "level": "0",
        "name": "Standesamt",
        "office": "government",
        "operator": "Gemeinde Sauerlach"
      },
      "geometry": {
        "type": "Polygon",
        "coordinates": [
          [
            [
              11.6536319,
              47.973141
            ],
            [
              11.6536436,
              47.9730922
            ],
            [
              11.6536511,
              47.9730609
            ],
            [
              11.6536814,
              47.9730641
            ],
            [
              11.6536962,
              47.9730657
            ],
            [
              11.6537147,
              47.9730677
            ],
            [
              11.6537395,
              47.9730704
            ],
            [
              11.6537988,
              47.9730767
            ],
            [
              11.6537796,
              47.9731569
            ],
            [
              11.6536968,
              47.973148
            ],
            [
              11.6536319,
              47.973141
            ]
          ]
        ]
      },
      "id": "way/1430658783"
    },
    {
      "type": "Feature",
      "properties": {
        "@id": "way/34244536",
        "addr:city": "Brunnthal",
        "addr:country": "DE",
        "addr:housenumber": "5",
        "addr:postcode": "85649",
        "addr:street": "Münchner Straße",
        "amenity": "townhall",
        "building": "public",
        "building:levels": "2",
        "name": "Rathaus Brunnthal",
        "opening_hours": "Mo 08:00-12:00,15:30-18:00; Tu 07:30-12:00; We 08:00-12:00; Th 08:00-12:00; Fr 08:00-12:00",
        "roof:colour": "red",
        "roof:levels": "1",
        "roof:shape": "gabled",
        "townhall:type": "village",
        "wheelchair": "no"
      },
      "geometry": {
        "type": "Polygon",
        "coordinates": [
          [
            [
              11.6843528,
              48.0072842
            ],
            [
              11.6843805,
              48.0071907
            ],
            [
              11.684384,
              48.007179
            ],
            [
              11.6843494,
              48.0071744
            ],
            [
              11.6843875,
              48.0070461
            ],
            [
              11.6843734,
              48.0070442
            ],
            [
              11.6843914,
              48.0069837
            ],
            [
              11.6844055,
              48.0069855
            ],
            [
              11.6844188,
              48.0069405
            ],
            [
              11.6846192,
              48.0069672
            ],
            [
              11.6846058,
              48.0070122
            ],
            [
              11.6846422,
              48.007017
            ],
            [
              11.6846334,
              48.0070468
            ],
            [
              11.6846242,
              48.0070776
            ],
            [
              11.6845878,
              48.0070727
            ],
            [
              11.6845498,
              48.007201
            ],
            [
              11.6845295,
              48.0071983
            ],
            [
              11.6845249,
              48.0072139
            ],
            [
              11.6844982,
              48.0073036
            ],
            [
              11.6844856,
              48.0073019
            ],
            [
              11.6843528,
              48.0072842
            ]
          ]
        ]
      },
      "id": "way/34244536"
    },
    {
      "type": "Feature",
      "properties": {
        "@id": "way/23880693",
        "access": "no",
        "description": "Ehemaliges Munitionsdepot Hohenbrunn",
        "landuse": "military",
        "military": "danger_area",
        "old_name": "Munitionsdepot Hohenbrunn"
      },
      "geometry": {
        "type": "Polygon",
        "coordinates": [
          [
            [
              11.7244845,
              48.0443269
            ],
            [
              11.7240083,
              48.0443097
            ],
            [
              11.7241088,
              48.0437955
            ],
            [
              11.7242523,
              48.0432891
            ],
            [
              11.7242615,
              48.0430916
            ],
            [
              11.7244406,
              48.0431837
            ],
            [
              11.7244629,
              48.0431655
            ],
            [
              11.7244846,
              48.0431495
            ],
            [
              11.7241561,
              48.0428877
            ],
            [
              11.7234758,
              48.0417237
            ],
            [
              11.7227173,
              48.04123
            ],
            [
              11.7225142,
              48.0410978
            ],
            [
              11.7223593,
              48.0409661
            ],
            [
              11.7222746,
              48.0408328
            ],
            [
              11.7221836,
              48.0406199
            ],
            [
              11.7218729,
              48.039893
            ],
            [
              11.7215958,
              48.0394209
            ],
            [
              11.7206818,
              48.0378638
            ],
            [
              11.7203759,
              48.0373427
            ],
            [
              11.7204669,
              48.0373263
            ],
            [
              11.720794,
              48.0374386
            ],
            [
              11.72084,
              48.0373836
            ],
            [
              11.7209077,
              48.0373029
            ],
            [
              11.720338,
              48.0371177
            ],
            [
              11.7204763,
              48.0365202
            ],
            [
              11.7203053,
              48.036068
            ],
            [
              11.7204475,
              48.0356717
            ],
            [
              11.7205748,
              48.0351202
            ],
            [
              11.7205779,
              48.0349459
            ],
            [
              11.7235773,
              48.0356919
            ],
            [
              11.726861,
              48.0360205
            ],
            [
              11.7271302,
              48.0352724
            ],
            [
              11.7285274,
              48.0357208
            ],
            [
              11.7294236,
              48.0360083
            ],
            [
              11.729507,
              48.0360351
            ],
            [
              11.7301301,
              48.0357762
            ],
            [
              11.7310788,
              48.0353872
            ],
            [
              11.7317308,
              48.0346056
            ],
            [
              11.7335666,
              48.0347762
            ],
            [
              11.7343631,
              48.0333293
            ],
            [
              11.7353364,
              48.0333393
            ],
            [
              11.735799,
              48.0331647
            ],
            [
              11.7364584,
              48.0328888
            ],
            [
              11.7368434,
              48.0327104
            ],
            [
              11.7375618,
              48.0328758
            ],
            [
              11.7383364,
              48.0326245
            ],
            [
              11.7386769,
              48.0316957
            ],
            [
              11.7394436,
              48.0319109
            ],
            [
              11.7397552,
              48.0317287
            ],
            [
              11.740032,
              48.0319384
            ],
            [
              11.7405603,
              48.0323388
            ],
            [
              11.7412881,
              48.0328301
            ],
            [
              11.7420132,
              48.0333446
            ],
            [
              11.7422871,
              48.033571
            ],
            [
              11.742632,
              48.033889
            ],
            [
              11.7429755,
              48.0341916
            ],
            [
              11.7434802,
              48.034603
            ],
            [
              11.7439442,
              48.034967
            ],
            [
              11.7439429,
              48.0350209
            ],
            [
              11.7439845,
              48.035025
            ],
            [
              11.7440502,
              48.0350316
            ],
            [
              11.7452188,
              48.0360075
            ],
            [
              11.7455284,
              48.0362622
            ],
            [
              11.745362,
              48.0364806
            ],
            [
              11.745005,
              48.03714
            ],
            [
              11.7448371,
              48.0375252
            ],
            [
              11.7446129,
              48.0376851
            ],
            [
              11.7441511,
              48.0397186
            ],
            [
              11.7433894,
              48.0432096
            ],
            [
              11.7387922,
              48.0435227
            ],
            [
              11.7364894,
              48.0437489
            ],
            [
              11.7341205,
              48.0441117
            ],
            [
              11.7329823,
              48.044245
            ],
            [
              11.7317075,
              48.0443477
            ],
            [
              11.7293325,
              48.0443172
            ],
            [
              11.7268993,
              48.0442172
            ],
            [
              11.7254406,
              48.0442653
            ],
            [
              11.7244845,
              48.0443269
            ]
          ]
        ]
      },
      "id": "way/23880693"
    },
    {
      "type": "Feature",
      "properties": {
        "@id": "way/108669629",
        "addr:city": "Planegg",
        "addr:country": "DE",
        "addr:housenumber": "8",
        "addr:postcode": "82152",
        "addr:street": "Pasinger Straße",
        "amenity": "townhall",
        "building": "yes",
        "building:colour": "#82CAFA",
        "building:levels": "3",
        "contact:phone": "+49 89 899 260",
        "contact:website": "https://www.planegg.de/startseite-gemeinde",
        "name": "Rathaus Planegg",
        "opening_hours": "Th 08:00-12:00; Tu 08:00-12:00,14:00-18:00; Mo 08:00-13:00; We 08:00-12:00; PH off; Fr off",
        "roof:colour": "grey",
        "start_date": "1995"
      },
      "geometry": {
        "type": "Polygon",
        "coordinates": [
          [
            [
              11.4241923,
              48.1030361
            ],
            [
              11.4241839,
              48.1030099
            ],
            [
              11.4241756,
              48.1029839
            ],
            [
              11.4240966,
              48.1029952
            ],
            [
              11.4240561,
              48.1028689
            ],
            [
              11.4240309,
              48.1027901
            ],
            [
              11.4238276,
              48.1028191
            ],
            [
              11.4238398,
              48.1028573
            ],
            [
              11.4238439,
              48.1028702
            ],
            [
              11.4236472,
              48.1028983
            ],
            [
              11.4236042,
              48.102764
            ],
            [
              11.4241364,
              48.102688
            ],
            [
              11.4241425,
              48.1027069
            ],
            [
              11.4242113,
              48.1026971
            ],
            [
              11.4243143,
              48.1030186
            ],
            [
              11.4241923,
              48.1030361
            ]
          ]
        ]
      },
      "id": "way/108669629"
    },
    {
      "type": "Feature",
      "properties": {
        "@id": "way/198359747",
        "addr:city": "Planegg",
        "addr:country": "DE",
        "addr:housenumber": "1",
        "addr:postcode": "82152",
        "addr:street": "Josef-von-Hirsch-Straße",
        "alt_name": "Polizei Planegg",
        "amenity": "police",
        "building": "yes",
        "name": "Polizeiinspektion München 46 (Planegg)",
        "phone": "+49 89 899250",
        "website": "https://www.polizei.bayern.de/wir-ueber-uns/organisation/dienststellen/0900814060000.html"
      },
      "geometry": {
        "type": "Polygon",
        "coordinates": [
          [
            [
              11.4240713,
              48.1042634
            ],
            [
              11.424218,
              48.1042534
            ],
            [
              11.4242254,
              48.1043613
            ],
            [
              11.4241351,
              48.1043884
            ],
            [
              11.4241587,
              48.1044165
            ],
            [
              11.4240353,
              48.1044586
            ],
            [
              11.4240129,
              48.1044296
            ],
            [
              11.4238694,
              48.1044737
            ],
            [
              11.4238115,
              48.1043809
            ],
            [
              11.4240052,
              48.1043207
            ],
            [
              11.4240731,
              48.1043006
            ],
            [
              11.4240713,
              48.1042634
            ]
          ]
        ]
      },
      "id": "way/198359747"
    },
    {
      "type": "Feature",
      "properties": {
        "@id": "way/415528251",
        "addr:city": "Planegg",
        "addr:country": "DE",
        "addr:housenumber": "32",
        "addr:postcode": "82152",
        "addr:street": "Germeringer Straße",
        "amenity": "hospital",
        "check_date": "2025-12-17",
        "email": "info@ukmp.de",
        "healthcare": "hospital",
        "healthcare:speciality": "urology",
        "name": "Urologische Klinik München-Planegg",
        "name:en": "Urological Clinic Munich-Planegg",
        "operator": "Medical Team Clinic GmbH",
        "operator:type": "private",
        "phone": "+49 89 85693-0",
        "ref:vatin": "DE217772009",
        "website": "https://www.ukmp.de/",
        "website:en": "https://www.ukmp.eu/",
        "wheelchair": "limited",
        "wheelchair:description": "kein Behinderten-WC;lange Zugangsrampe innen;direkt vor dem Gebäude parken, sonst steile Straßenabfahrt zu bewältigen"
      },
      "geometry": {
        "type": "Polygon",
        "coordinates": [
          [
            [
              11.4149907,
              48.1092508
            ],
            [
              11.4147225,
              48.1090977
            ],
            [
              11.4145321,
              48.1089473
            ],
            [
              11.4143623,
              48.1087465
            ],
            [
              11.4151824,
              48.108314
            ],
            [
              11.4152999,
              48.1083825
            ],
            [
              11.4154534,
              48.1083401
            ],
            [
              11.4155875,
              48.1083768
            ],
            [
              11.4157511,
              48.1084941
            ],
            [
              11.4158849,
              48.1084185
            ],
            [
              11.4160052,
              48.1084997
            ],
            [
              11.4160395,
              48.1085183
            ],
            [
              11.4156264,
              48.1088156
            ],
            [
              11.41532,
              48.1090574
            ],
            [
              11.4150296,
              48.1092244
            ],
            [
              11.4149907,
              48.1092508
            ]
          ]
        ]
      },
      "id": "way/415528251"
    },
    {
      "type": "Feature",
      "properties": {
        "@id": "way/149672472",
        "addr:city": "Gräfelfing",
        "addr:country": "DE",
        "addr:housenumber": "2",
        "addr:postcode": "82166",
        "addr:street": "Ruffiniallee",
        "amenity": "townhall",
        "building": "yes",
        "name": "Rathaus Gräfelfing",
        "opening_hours": "Mo,Tu,Th,Fr 08:00-12:00; We 08:00-18:00; PH off",
        "phone": "+49 89 8582-0",
        "website": "https://www.graefelfing.de/",
        "wheelchair": "yes"
      },
      "geometry": {
        "type": "Polygon",
        "coordinates": [
          [
            [
              11.4250771,
              48.1209282
            ],
            [
              11.4251667,
              48.1209253
            ],
            [
              11.4251648,
              48.1208998
            ],
            [
              11.4251632,
              48.120878
            ],
            [
              11.4252149,
              48.1208764
            ],
            [
              11.4252182,
              48.1209223
            ],
            [
              11.4253813,
              48.120917
            ],
            [
              11.4253904,
              48.1210419
            ],
            [
              11.4254295,
              48.1210406
            ],
            [
              11.4254418,
              48.1212088
            ],
            [
              11.4253952,
              48.1212103
            ],
            [
              11.4253971,
              48.1212355
            ],
            [
              11.4251002,
              48.1212451
            ],
            [
              11.4250805,
              48.1209753
            ],
            [
              11.4250771,
              48.1209282
            ]
          ]
        ]
      },
      "id": "way/149672472"
    },
    {
      "type": "Feature",
      "properties": {
        "@id": "way/98318219",
        "amenity": "hospital",
        "healthcare": "hospital",
        "name": "Würmtalklinik",
        "operator": "Deutscher Orden",
        "website": "https://www.suchtklinik-muenchen.de/"
      },
      "geometry": {
        "type": "Polygon",
        "coordinates": [
          [
            [
              11.4192217,
              48.1268669
            ],
            [
              11.4192081,
              48.12699
            ],
            [
              11.4191992,
              48.1273385
            ],
            [
              11.4189258,
              48.1273379
            ],
            [
              11.418521,
              48.1272732
            ],
            [
              11.41862,
              48.1268685
            ],
            [
              11.4192217,
              48.1268669
            ]
          ]
        ]
      },
      "id": "way/98318219"
    },
    {
      "type": "Feature",
      "properties": {
        "@id": "way/98388164",
        "alt_name": "Splitterschutzgraben",
        "building": "yes",
        "historic": "building",
        "military": "bunker",
        "name": "Splitterschutzgang"
      },
      "geometry": {
        "type": "Polygon",
        "coordinates": [
          [
            [
              11.4187443,
              48.1313213
            ],
            [
              11.4185556,
              48.1312869
            ],
            [
              11.4185697,
              48.1312524
            ],
            [
              11.4187584,
              48.1312868
            ],
            [
              11.4187443,
              48.1313213
            ]
          ]
        ]
      },
      "id": "way/98388164"
    },
    {
      "type": "Feature",
      "properties": {
        "@id": "way/90109623",
        "aeroway": "helipad"
      },
      "geometry": {
        "type": "Polygon",
        "coordinates": [
          [
            [
              11.5276864,
              48.0636096
            ],
            [
              11.5273042,
              48.0637361
            ],
            [
              11.5271934,
              48.0635936
            ],
            [
              11.527071,
              48.0634542
            ],
            [
              11.527389,
              48.063339
            ],
            [
              11.5274627,
              48.0633111
            ],
            [
              11.5276864,
              48.0636096
            ]
          ]
        ]
      },
      "id": "way/90109623"
    },
    {
      "type": "Feature",
      "properties": {
        "@id": "way/906579302",
        "architect": "Hermann Giesler",
        "building": "bunker",
        "bunker_type": "bomb_shelter",
        "heritage": "yes",
        "historic": "shelter",
        "image": "https://commons.wikimedia.org/wiki/File:20191006_Bundesnachrichtendienst_Pullach_by_OlafKosinsky_1175.jpg#/media/File:20191006_Bundesnachrichtendienst_Pullach",
        "layer": "-1",
        "level": "-1",
        "material": "concrete",
        "military": "bunker",
        "name": "Bunker Hagen - ehem. Führerhauptquartier Siegfried",
        "start_date": "1943",
        "website": "https://www.welt.de/geschichte/zweiter-weltkrieg/article133611412/Pullach-Der-Fuehrerbunker-den-Hitler-nie-benutzte.html",
        "wikimedia_commons": "File:20191006_Bundesnachrichtendienst_Pullach_by_OlafKosinsky_1175.jpg"
      },
      "geometry": {
        "type": "Polygon",
        "coordinates": [
          [
            [
              11.5301421,
              48.0641341
            ],
            [
              11.5300886,
              48.0640653
            ],
            [
              11.5299527,
              48.0639041
            ],
            [
              11.530992,
              48.0635264
            ],
            [
              11.5311174,
              48.0636804
            ],
            [
              11.5311291,
              48.0636948
            ],
            [
              11.531107,
              48.0637043
            ],
            [
              11.5301969,
              48.0640298
            ],
            [
              11.5302484,
              48.0640986
            ],
            [
              11.5301421,
              48.0641341
            ]
          ]
        ]
      },
      "id": "way/906579302"
    },
    {
      "type": "Feature",
      "properties": {
        "@id": "way/162999335",
        "addr:city": "München",
        "addr:housenumber": "109",
        "addr:postcode": "81479",
        "addr:street": "Wolfratshauser Straße",
        "amenity": "hospital",
        "contact:email": "krankenhaus.muenchen@martha-maria.de",
        "contact:fax": "+49897276203",
        "contact:phone": "+498972760",
        "contact:website": "https://kh-muenchen.martha-maria.de/",
        "emergency": "yes",
        "healthcare": "hospital",
        "name": "Krankenhaus Martha-Maria",
        "operator": "Diakoniewerk Martha-Maria Krankenhaus gGmbH",
        "wikidata": "Q1786538",
        "wikipedia": "de:Krankenhaus Martha Maria (München)"
      },
      "geometry": {
        "type": "Polygon",
        "coordinates": [
          [
            [
              11.534926,
              48.086024
            ],
            [
              11.5348763,
              48.0860376
            ],
            [
              11.5348039,
              48.0860388
            ],
            [
              11.53434,
              48.0861499
            ],
            [
              11.5343257,
              48.0861535
            ],
            [
              11.5342564,
              48.0860611
            ],
            [
              11.5342954,
              48.0860069
            ],
            [
              11.5340807,
              48.0857296
            ],
            [
              11.5340458,
              48.0856974
            ],
            [
              11.5339464,
              48.085599
            ],
            [
              11.5338615,
              48.0854743
            ],
            [
              11.5336267,
              48.0855341
            ],
            [
              11.5334356,
              48.0852182
            ],
            [
              11.5337137,
              48.0851503
            ],
            [
              11.5336668,
              48.0850435
            ],
            [
              11.5339588,
              48.0850098
            ],
            [
              11.5340244,
              48.0849275
            ],
            [
              11.5342872,
              48.0848307
            ],
            [
              11.534544,
              48.084869
            ],
            [
              11.5347209,
              48.0849103
            ],
            [
              11.5348604,
              48.0849676
            ],
            [
              11.5357139,
              48.0847095
            ],
            [
              11.5361755,
              48.0852533
            ],
            [
              11.5357575,
              48.0853462
            ],
            [
              11.5359626,
              48.0857194
            ],
            [
              11.5354868,
              48.0858477
            ],
            [
              11.535354,
              48.0859122
            ],
            [
              11.534926,
              48.086024
            ]
          ]
        ]
      },
      "id": "way/162999335"
    },
    {
      "type": "Feature",
      "properties": {
        "@id": "way/17012780",
        "addr:city": "München",
        "addr:country": "DE",
        "addr:housenumber": "15",
        "addr:postcode": "81377",
        "addr:street": "Marchioninistraße",
        "alt_name": "Klinikum München Großhadern",
        "amenity": "hospital",
        "beds": "1964",
        "email": "info@klinikum.uni-muenchen.de",
        "emergency": "yes",
        "healthcare": "hospital",
        "name": "Klinikum Großhadern",
        "name:en": "LMU Klinikum – Campus Großhadern",
        "official_name": "Klinikum der Universität München - Campus Großhadern",
        "phone": "+49 89 4400-0",
        "toilets:wheelchair": "yes",
        "website": "https://www.lmu-klinikum.de/das-klinikum/standorte/zukunft-grosshadern/c57c2b5efc57b0df",
        "wheelchair": "yes",
        "wikidata": "Q598814",
        "wikipedia": "en:Klinikum Großhadern",
        "@relations": [
          {
            "role": "",
            "rel": 6172896,
            "reltags": {
              "amenity": "hospital",
              "name": "Klinikum der Universität München",
              "type": "site",
              "wikidata": "Q55616095",
              "wikipedia": "en:LMU Klinikum"
            }
          }
        ]
      },
      "geometry": {
        "type": "Polygon",
        "coordinates": [
          [
            [
              11.4734353,
              48.112907
            ],
            [
              11.4719882,
              48.1127717
            ],
            [
              11.4646282,
              48.1120993
            ],
            [
              11.4647776,
              48.111204
            ],
            [
              11.4647125,
              48.1111864
            ],
            [
              11.4646077,
              48.1111578
            ],
            [
              11.4648039,
              48.1104137
            ],
            [
              11.4648656,
              48.110254
            ],
            [
              11.4649044,
              48.1100971
            ],
            [
              11.465443,
              48.1101544
            ],
            [
              11.466156,
              48.1102372
            ],
            [
              11.4662323,
              48.1102461
            ],
            [
              11.4662892,
              48.1099898
            ],
            [
              11.4664024,
              48.1093221
            ],
            [
              11.4664771,
              48.1088817
            ],
            [
              11.4664851,
              48.1088346
            ],
            [
              11.466573,
              48.1083184
            ],
            [
              11.4667375,
              48.108141
            ],
            [
              11.4668616,
              48.108098
            ],
            [
              11.4672538,
              48.1081051
            ],
            [
              11.4716158,
              48.1084625
            ],
            [
              11.4717729,
              48.1084615
            ],
            [
              11.4723918,
              48.1086331
            ],
            [
              11.4725057,
              48.1086741
            ],
            [
              11.4725324,
              48.1086837
            ],
            [
              11.4724388,
              48.1088845
            ],
            [
              11.4731032,
              48.1090156
            ],
            [
              11.4743066,
              48.1091425
            ],
            [
              11.4739398,
              48.1109976
            ],
            [
              11.4735411,
              48.1128501
            ],
            [
              11.4734353,
              48.112907
            ]
          ]
        ]
      },
      "id": "way/17012780"
    },
    {
      "type": "Feature",
      "properties": {
        "@id": "way/8116617",
        "amenity": "hospital",
        "emergency": "yes",
        "healthcare": "hospital",
        "name": "HELIOS Klinikum München West",
        "operator": "Helios Kliniken",
        "operator:type": "private",
        "operator:wikidata": "Q1254151",
        "operator:wikipedia": "de:Helios Kliniken",
        "phone": "+49 89 8892 0",
        "website": "https://www.helios-gesundheit.de/standorte-angebote/kliniken/muenchen-west/",
        "wheelchair": "yes",
        "wikidata": "Q1774641"
      },
      "geometry": {
        "type": "Polygon",
        "coordinates": [
          [
            [
              11.4527506,
              48.1438406
            ],
            [
              11.4531491,
              48.143787
            ],
            [
              11.4532955,
              48.1433623
            ],
            [
              11.4534548,
              48.1429004
            ],
            [
              11.4536157,
              48.1428902
            ],
            [
              11.4536387,
              48.1431136
            ],
            [
              11.4539639,
              48.1433969
            ],
            [
              11.4542176,
              48.1436179
            ],
            [
              11.4543592,
              48.1440135
            ],
            [
              11.4544319,
              48.1441099
            ],
            [
              11.4545734,
              48.1442977
            ],
            [
              11.4549437,
              48.1446887
            ],
            [
              11.4551272,
              48.1449088
            ],
            [
              11.4552262,
              48.1450275
            ],
            [
              11.4554899,
              48.1455074
            ],
            [
              11.4555552,
              48.1456262
            ],
            [
              11.4555819,
              48.1456747
            ],
            [
              11.4553841,
              48.1457204
            ],
            [
              11.453322,
              48.1459082
            ],
            [
              11.4531199,
              48.1451159
            ],
            [
              11.4529292,
              48.1442544
            ],
            [
              11.4528865,
              48.1440111
            ],
            [
              11.4527506,
              48.1438406
            ]
          ]
        ]
      },
      "id": "way/8116617"
    },
    {
      "type": "Feature",
      "properties": {
        "@id": "way/660356423",
        "aeroway": "helipad"
      },
      "geometry": {
        "type": "Polygon",
        "coordinates": [
          [
            [
              11.453997,
              48.1451786
            ],
            [
              11.4540085,
              48.1452005
            ],
            [
              11.4540081,
              48.1452238
            ],
            [
              11.4539958,
              48.1452455
            ],
            [
              11.453973,
              48.1452631
            ],
            [
              11.4539427,
              48.1452745
            ],
            [
              11.4539083,
              48.1452783
            ],
            [
              11.453874,
              48.145274
            ],
            [
              11.4538441,
              48.1452621
            ],
            [
              11.453822,
              48.1452441
            ],
            [
              11.4538105,
              48.1452222
            ],
            [
              11.4538109,
              48.1451989
            ],
            [
              11.4538232,
              48.1451772
            ],
            [
              11.453846,
              48.1451596
            ],
            [
              11.4538763,
              48.1451482
            ],
            [
              11.4539107,
              48.1451444
            ],
            [
              11.453945,
              48.1451487
            ],
            [
              11.4539749,
              48.1451606
            ],
            [
              11.453997,
              48.1451786
            ]
          ]
        ]
      },
      "id": "way/660356423"
    },
    {
      "type": "Feature",
      "properties": {
        "@id": "way/32367784",
        "building": "bunker",
        "building:levels": "7",
        "bunker_type": "air_raid_shelter",
        "description": "Hochbunker, siebengeschossiger Turm über quadratischem Grundriß mit Zeltdach über Konsolgesims, Eckrustizierung und Freitreppe an der Westseite, von Karl Meitinger, 1941. Quelle: Bayerischer Denkmal-Atlas",
        "height": "35",
        "heritage": "4",
        "heritage:operator": "BLfD",
        "historic": "building",
        "military": "bunker",
        "name": "Hochbunker",
        "note": "Building height estimated",
        "ref:BLfD": "D-1-62-000-7835",
        "roof:colour": "#a3331e",
        "roof:levels": "2",
        "roof:shape": "pyramidal",
        "start_date": "1941",
        "wikidata": "Q15114920",
        "wikimedia_commons": "Category:Hochbunker Boschetsrieder Straße",
        "wikipedia": "de:Hochbunker Boschetsrieder Straße"
      },
      "geometry": {
        "type": "Polygon",
        "coordinates": [
          [
            [
              11.5299541,
              48.1000906
            ],
            [
              11.5299614,
              48.1000296
            ],
            [
              11.5299686,
              48.0999689
            ],
            [
              11.5301394,
              48.099978
            ],
            [
              11.5301273,
              48.1000796
            ],
            [
              11.5301249,
              48.1000997
            ],
            [
              11.5299541,
              48.1000906
            ]
          ]
        ]
      },
      "id": "way/32367784"
    },
    {
      "type": "Feature",
      "properties": {
        "@id": "way/1235147407",
        "aeroway": "helipad",
        "description": "Landeplatz des Augustinum Krankenhauses"
      },
      "geometry": {
        "type": "Polygon",
        "coordinates": [
          [
            [
              11.4872582,
              48.1227281
            ],
            [
              11.4872518,
              48.1227545
            ],
            [
              11.4872322,
              48.1227779
            ],
            [
              11.4872019,
              48.1227954
            ],
            [
              11.4871645,
              48.1228049
            ],
            [
              11.4871244,
              48.1228053
            ],
            [
              11.4870866,
              48.1227965
            ],
            [
              11.4870555,
              48.1227796
            ],
            [
              11.487035,
              48.1227566
            ],
            [
              11.4870275,
              48.1227304
            ],
            [
              11.4870339,
              48.122704
            ],
            [
              11.4870534,
              48.1226806
            ],
            [
              11.4870837,
              48.1226631
            ],
            [
              11.4871211,
              48.1226536
            ],
            [
              11.4871612,
              48.1226533
            ],
            [
              11.487199,
              48.122662
            ],
            [
              11.4872301,
              48.1226789
            ],
            [
              11.4872506,
              48.1227019
            ],
            [
              11.4872582,
              48.1227281
            ]
          ]
        ]
      },
      "id": "way/1235147407"
    },
    {
      "type": "Feature",
      "properties": {
        "@id": "way/448145655",
        "amenity": "hospital",
        "beds": "140",
        "contact:phone": "+49 89 70970",
        "contact:website": "https://augustinum.de/klinik/",
        "description": "Fachklinik für Innere Medizin. Lehrkrankenhaus der Ludwig-Maximilians-Universität München. Die Schwerpunkte sind Kardiologie, Angiologie, Gastroenterologie, Pneumologie, Nieren-, Hochdruck- und Stoffwechselerkrankungen.",
        "healthcare": "hospital",
        "healthcare:speciality": "cardiology",
        "name": "Klinik Augustinum",
        "wikidata": "Q27478876"
      },
      "geometry": {
        "type": "Polygon",
        "coordinates": [
          [
            [
              11.4895263,
              48.1219746
            ],
            [
              11.489647,
              48.1219747
            ],
            [
              11.4896469,
              48.1220563
            ],
            [
              11.4901181,
              48.1220616
            ],
            [
              11.4901596,
              48.121999
            ],
            [
              11.4902763,
              48.1218996
            ],
            [
              11.4904284,
              48.1218623
            ],
            [
              11.4908873,
              48.1218693
            ],
            [
              11.4908208,
              48.1230697
            ],
            [
              11.490802,
              48.1233132
            ],
            [
              11.4908516,
              48.1234537
            ],
            [
              11.4909071,
              48.1237652
            ],
            [
              11.4892477,
              48.1236265
            ],
            [
              11.4876236,
              48.1235334
            ],
            [
              11.4876383,
              48.122178
            ],
            [
              11.4876397,
              48.1220088
            ],
            [
              11.4876397,
              48.1219488
            ],
            [
              11.4893691,
              48.1219745
            ],
            [
              11.4895263,
              48.1219746
            ]
          ]
        ]
      },
      "id": "way/448145655"
    },
    {
      "type": "Feature",
      "properties": {
        "@id": "way/30076084",
        "addr:city": "München",
        "addr:country": "DE",
        "addr:housename": "Kfz-Zulassungsstelle",
        "addr:housenumber": "2",
        "addr:postcode": "80686",
        "addr:street": "Eichstätter Straße",
        "building": "public",
        "building:colour": "#AAAAAA",
        "building:levels": "5",
        "name": "Kraftfahrzeugzulassungs- und Fahrerlaubnisbehörde",
        "office": "government",
        "opening_hours": "Mo 07:00-12:30; Tu 08:30-12:30,13:30-18:00; We 07:00-12:30; Th 07:30-15:00; Fr 07:00-12:30",
        "phone": "+49 89 23396090",
        "website": "https://stadt.muenchen.de/buergerservice/verkehr-mobilitaet/fahrzeuge.html",
        "wheelchair": "limited"
      },
      "geometry": {
        "type": "Polygon",
        "coordinates": [
          [
            [
              11.5200176,
              48.1321334
            ],
            [
              11.5198565,
              48.1320032
            ],
            [
              11.5206808,
              48.1315488
            ],
            [
              11.5208419,
              48.131679
            ],
            [
              11.5204727,
              48.1318825
            ],
            [
              11.5200176,
              48.1321334
            ]
          ]
        ]
      },
      "id": "way/30076084"
    },
    {
      "type": "Feature",
      "properties": {
        "@id": "way/40153692",
        "amenity": "townhall",
        "name": "Hauptzollamt",
        "wikidata": "Q1589828",
        "wikimedia_commons": "Category:Main Custom Office in Munich",
        "wikipedia": "de:Hauptzollamt (München)"
      },
      "geometry": {
        "type": "Polygon",
        "coordinates": [
          [
            [
              11.5336633,
              48.1406124
            ],
            [
              11.5336603,
              48.1405897
            ],
            [
              11.5336382,
              48.1404226
            ],
            [
              11.5336305,
              48.140365
            ],
            [
              11.5335747,
              48.1403683
            ],
            [
              11.5335603,
              48.1402597
            ],
            [
              11.5338419,
              48.1402431
            ],
            [
              11.533902,
              48.1406971
            ],
            [
              11.5336763,
              48.1407104
            ],
            [
              11.533551,
              48.1407187
            ],
            [
              11.533481,
              48.1407234
            ],
            [
              11.533515,
              48.1409809
            ],
            [
              11.5335199,
              48.1410223
            ],
            [
              11.533522,
              48.1410408
            ],
            [
              11.5336984,
              48.1410304
            ],
            [
              11.5337397,
              48.1413425
            ],
            [
              11.5313305,
              48.1414845
            ],
            [
              11.5313223,
              48.1414226
            ],
            [
              11.5311472,
              48.141433
            ],
            [
              11.5311138,
              48.1411807
            ],
            [
              11.5312281,
              48.141174
            ],
            [
              11.5313402,
              48.1411674
            ],
            [
              11.5326475,
              48.1410903
            ],
            [
              11.5327407,
              48.1410468
            ],
            [
              11.5327054,
              48.1407749
            ],
            [
              11.5326916,
              48.140669
            ],
            [
              11.532854,
              48.1406593
            ],
            [
              11.5328378,
              48.1405319
            ],
            [
              11.532783,
              48.1405353
            ],
            [
              11.5327721,
              48.1404527
            ],
            [
              11.5321662,
              48.1404884
            ],
            [
              11.5321607,
              48.1404472
            ],
            [
              11.5321272,
              48.1404492
            ],
            [
              11.5321233,
              48.1404202
            ],
            [
              11.5320873,
              48.1404223
            ],
            [
              11.5320218,
              48.1404262
            ],
            [
              11.5320317,
              48.1405011
            ],
            [
              11.5316252,
              48.1405251
            ],
            [
              11.5316239,
              48.1405157
            ],
            [
              11.5313698,
              48.1405307
            ],
            [
              11.531377,
              48.1405849
            ],
            [
              11.5314075,
              48.1405831
            ],
            [
              11.531461,
              48.1409875
            ],
            [
              11.5311762,
              48.1410043
            ],
            [
              11.5311618,
              48.1408953
            ],
            [
              11.5312551,
              48.1408898
            ],
            [
              11.5311983,
              48.1404613
            ],
            [
              11.5311907,
              48.1404032
            ],
            [
              11.5314748,
              48.1403864
            ],
            [
              11.5318479,
              48.1403645
            ],
            [
              11.5320136,
              48.1403547
            ],
            [
              11.5320791,
              48.1403508
            ],
            [
              11.5321149,
              48.1403487
            ],
            [
              11.5321474,
              48.1403468
            ],
            [
              11.5322802,
              48.140339
            ],
            [
              11.5328993,
              48.1403025
            ],
            [
              11.5329907,
              48.1402971
            ],
            [
              11.5330206,
              48.1405215
            ],
            [
              11.5330368,
              48.140649
            ],
            [
              11.5331663,
              48.1406412
            ],
            [
              11.5332337,
              48.1406375
            ],
            [
              11.5332723,
              48.1406353
            ],
            [
              11.5333565,
              48.1406306
            ],
            [
              11.5335374,
              48.1406202
            ],
            [
              11.5336633,
              48.1406124
            ]
          ]
        ]
      },
      "id": "way/40153692"
    },
    {
      "type": "Feature",
      "properties": {
        "@id": "way/582325307",
        "addr:housenumber": "19",
        "addr:street": "Heimburgstraße",
        "amenity": "police",
        "building": "yes",
        "building:levels": "3",
        "height": "11",
        "name": "Polizeiinspektion München 45 (Pasing)",
        "ref": "PI 45",
        "roof:shape": "flat"
      },
      "geometry": {
        "type": "Polygon",
        "coordinates": [
          [
            [
              11.4448603,
              48.1484528
            ],
            [
              11.4444583,
              48.1485235
            ],
            [
              11.4444558,
              48.1485177
            ],
            [
              11.4444257,
              48.1484486
            ],
            [
              11.4443436,
              48.14826
            ],
            [
              11.4446109,
              48.1481885
            ],
            [
              11.4448603,
              48.1484528
            ]
          ]
        ]
      },
      "id": "way/582325307"
    },
    {
      "type": "Feature",
      "properties": {
        "@id": "way/35372536",
        "access": "private",
        "addr:city": "München",
        "addr:country": "DE",
        "addr:housenumber": "20",
        "addr:postcode": "81245",
        "addr:street": "Bergsonstraße",
        "amenity": "police",
        "name": "Verkehrspolizeiinspektion FFB Dienstsitz München",
        "short_name": "VPI FFB"
      },
      "geometry": {
        "type": "Polygon",
        "coordinates": [
          [
            [
              11.4526775,
              48.1655808
            ],
            [
              11.452682,
              48.1655647
            ],
            [
              11.4527512,
              48.165319
            ],
            [
              11.4527527,
              48.1653136
            ],
            [
              11.4528851,
              48.1653301
            ],
            [
              11.4529303,
              48.1653358
            ],
            [
              11.453136,
              48.1653616
            ],
            [
              11.4532035,
              48.1653701
            ],
            [
              11.4532184,
              48.165372
            ],
            [
              11.4532465,
              48.1653755
            ],
            [
              11.4533144,
              48.165384
            ],
            [
              11.4534347,
              48.165399
            ],
            [
              11.4532935,
              48.1659004
            ],
            [
              11.453231,
              48.1661222
            ],
            [
              11.4531007,
              48.1661059
            ],
            [
              11.4525719,
              48.1660396
            ],
            [
              11.452549,
              48.1660368
            ],
            [
              11.452591,
              48.1658878
            ],
            [
              11.4526097,
              48.1658214
            ],
            [
              11.4526775,
              48.1655808
            ]
          ]
        ]
      },
      "id": "way/35372536"
    },
    {
      "type": "Feature",
      "properties": {
        "@id": "way/129210094",
        "addr:city": "München",
        "addr:country": "DE",
        "addr:housenumber": "2-6",
        "addr:postcode": "81241",
        "addr:street": "Schmiedwegerl",
        "amenity": "hospital",
        "check_date": "2025-10-25",
        "email": "info@lubos-kliniken.de",
        "emergency": "no",
        "healthcare": "hospital",
        "healthcare:speciality": "surgery;gynaecology;urology;anaesthetics",
        "name": "Dr. Lubos Kliniken Pasing",
        "operator": "Dr. Lubos Kliniken Pasing GmbH & Co. KG",
        "operator:type": "private",
        "phone": "+49 89 92794 2100",
        "website": "https://www.lubos-kliniken.de/pasing",
        "wheelchair": "limited",
        "wikidata": "Q101509176",
        "wikimedia_commons": "File:Dr. Lubos Kliniken Pasing Schmiedwegerl 6.jpg",
        "wikipedia": "de:Dr. Lubos Kliniken Pasing"
      },
      "geometry": {
        "type": "Polygon",
        "coordinates": [
          [
            [
              11.4574755,
              48.1463128
            ],
            [
              11.4576793,
              48.1462634
            ],
            [
              11.4576916,
              48.1462642
            ],
            [
              11.4577189,
              48.1462568
            ],
            [
              11.4577278,
              48.1462612
            ],
            [
              11.4577285,
              48.1462763
            ],
            [
              11.457751,
              48.1464156
            ],
            [
              11.4577692,
              48.1465194
            ],
            [
              11.4578319,
              48.1467025
            ],
            [
              11.457697,
              48.1467232
            ],
            [
              11.4576556,
              48.1467066
            ],
            [
              11.4576456,
              48.1466748
            ],
            [
              11.4576044,
              48.1466803
            ],
            [
              11.4575878,
              48.14663
            ],
            [
              11.4575083,
              48.14664
            ],
            [
              11.4574913,
              48.1465287
            ],
            [
              11.4576009,
              48.1465181
            ],
            [
              11.4575859,
              48.1464279
            ],
            [
              11.4575742,
              48.1463889
            ],
            [
              11.4575191,
              48.1464034
            ],
            [
              11.4574755,
              48.1463128
            ]
          ]
        ]
      },
      "id": "way/129210094"
    },
    {
      "type": "Feature",
      "properties": {
        "@id": "way/25299234",
        "addr:postcode": "81241",
        "amenity": "townhall",
        "building": "government",
        "building:levels": "3",
        "check_date": "2024-12-30",
        "internet_access": "wlan",
        "name": "Bürgerzentrum Pasinger Rathaus (Neubau)",
        "name:de": "Bürgerzentrum Pasinger Rathaus (Neubau)",
        "name:en": "Pasing Town Hall Community Centre (new building)",
        "opening_hours": "Mo,We,Fr 07:30-13:00, Tu,Th 08:30-13:00, Tu 14:00-18:00",
        "roof:shape": "flat",
        "wheelchair": "yes"
      },
      "geometry": {
        "type": "Polygon",
        "coordinates": [
          [
            [
              11.462447,
              48.1473902
            ],
            [
              11.4624402,
              48.1472132
            ],
            [
              11.462438,
              48.1471544
            ],
            [
              11.4625173,
              48.1471531
            ],
            [
              11.4625167,
              48.1471375
            ],
            [
              11.4625158,
              48.1471146
            ],
            [
              11.4625594,
              48.147114
            ],
            [
              11.4625602,
              48.1471368
            ],
            [
              11.4625608,
              48.1471528
            ],
            [
              11.4625639,
              48.1472324
            ],
            [
              11.4626349,
              48.1472312
            ],
            [
              11.4627074,
              48.1472299
            ],
            [
              11.4626996,
              48.1470226
            ],
            [
              11.4626666,
              48.1470231
            ],
            [
              11.4626296,
              48.1470237
            ],
            [
              11.4626287,
              48.1469937
            ],
            [
              11.4626655,
              48.1469931
            ],
            [
              11.4626992,
              48.1469925
            ],
            [
              11.4628285,
              48.1469904
            ],
            [
              11.4628331,
              48.1471117
            ],
            [
              11.4628434,
              48.1473836
            ],
            [
              11.4624806,
              48.1473896
            ],
            [
              11.462447,
              48.1473902
            ]
          ]
        ]
      },
      "id": "way/25299234"
    },
    {
      "type": "Feature",
      "properties": {
        "@id": "way/25299100",
        "BLfD:criteria": "Baudenkmal",
        "addr:city": "München",
        "addr:country": "DE",
        "addr:housenumber": "486",
        "addr:postcode": "81241",
        "addr:street": "Landsberger Straße",
        "amenity": "townhall",
        "architect": "Heinrich Rettig;Friedrich Lämmle",
        "building": "civic",
        "building:levels": "3",
        "check_date": "2024-12-30",
        "contact:phone": "+49 89 233-96000",
        "contact:website": "https://stadt.muenchen.de/rathaus/verwaltung/kreisverwaltungsreferat.html",
        "description": "Rathaus der bis 1938 selbständigen Stadt Pasing: 1936/37 von Heinrich Rettig und Friedrich Lämmle; Westflügel 1949/50 von Heinrich Volbehr wiederaufgebaut",
        "government": "administrative",
        "heritage": "4",
        "heritage:operator": "BLfD",
        "image": "https://commons.wikimedia.org/wiki/File:Pasinger_Rathaus_-_M%C3%BCnchen_-_S%C3%BCdfl%C3%BCgel.jpg",
        "name": "Bürgerzentrum Pasinger Rathaus (Altbau)",
        "name:de": "Bürgerzentrum Pasinger Rathaus (Altbau)",
        "name:en": "Pasing Town Hall Community Centre (old building)",
        "office": "government",
        "opening_hours": "Mo,We,Fr 07:30-12:00; Tu 08:30-12:00,14:00-18:00; Th 08:30-15:00",
        "operator": "KVR München",
        "ref:BLfD": "D-1-62-000-540",
        "roof:levels": "1",
        "roof:shape": "gabled",
        "start_date": "1937",
        "wheelchair": "yes",
        "wikidata": "Q1530352",
        "wikipedia": "de:Rathaus (Pasing)"
      },
      "geometry": {
        "type": "Polygon",
        "coordinates": [
          [
            [
              11.4618741,
              48.1471671
            ],
            [
              11.4618087,
              48.147168
            ],
            [
              11.4617397,
              48.1471689
            ],
            [
              11.4617395,
              48.1471579
            ],
            [
              11.4617383,
              48.1471114
            ],
            [
              11.4614523,
              48.1471144
            ],
            [
              11.4614487,
              48.1470203
            ],
            [
              11.4618069,
              48.1470155
            ],
            [
              11.4622303,
              48.1470096
            ],
            [
              11.462466,
              48.1470067
            ],
            [
              11.4624626,
              48.1468946
            ],
            [
              11.4624576,
              48.1467312
            ],
            [
              11.4625388,
              48.1467301
            ],
            [
              11.4626207,
              48.146729
            ],
            [
              11.4626211,
              48.1467422
            ],
            [
              11.4627413,
              48.1467406
            ],
            [
              11.4628615,
              48.1467389
            ],
            [
              11.4628627,
              48.1467808
            ],
            [
              11.462864,
              48.1468239
            ],
            [
              11.4628341,
              48.1468243
            ],
            [
              11.4628234,
              48.1468244
            ],
            [
              11.4626237,
              48.1468271
            ],
            [
              11.462626,
              48.1469055
            ],
            [
              11.4626287,
              48.1469937
            ],
            [
              11.4626296,
              48.1470237
            ],
            [
              11.4626323,
              48.147113
            ],
            [
              11.4625594,
              48.147114
            ],
            [
              11.4625158,
              48.1471146
            ],
            [
              11.4624692,
              48.1471152
            ],
            [
              11.4624685,
              48.1470897
            ],
            [
              11.4621726,
              48.1470936
            ],
            [
              11.462159,
              48.1470938
            ],
            [
              11.4618721,
              48.1470976
            ],
            [
              11.4618741,
              48.1471671
            ]
          ]
        ]
      },
      "id": "way/25299100"
    },
    {
      "type": "Feature",
      "properties": {
        "@id": "way/556112730",
        "addr:city": "München",
        "addr:housenumber": "47",
        "addr:postcode": "81247",
        "addr:street": "Freseniusstraße",
        "building": "yes",
        "building:levels": "2",
        "building_1": "school",
        "loc_name": "\"Hexenhaus\"",
        "name": "Verwaltung",
        "office": "government",
        "old_name": "Privatgymnasium Dr. Chmiel",
        "operator": "Münchner Schulstiftung -Ernst v. Borries-",
        "roof:colour": "red",
        "roof:material": "roof_tiles",
        "roof:shape": "gabled",
        "smoking": "no"
      },
      "geometry": {
        "type": "Polygon",
        "coordinates": [
          [
            [
              11.476768,
              48.1692748
            ],
            [
              11.4766343,
              48.1692746
            ],
            [
              11.4766344,
              48.169266
            ],
            [
              11.4766345,
              48.1692295
            ],
            [
              11.4766346,
              48.1692101
            ],
            [
              11.4767682,
              48.1692103
            ],
            [
              11.476768,
              48.1692748
            ]
          ]
        ]
      },
      "id": "way/556112730"
    },
    {
      "type": "Feature",
      "properties": {
        "@id": "way/301079124",
        "addr:housenumber": "111",
        "addr:street": "Angerlohstraße",
        "amenity": "police",
        "building": "civic",
        "check_date": "2025-03-21",
        "name": "Polizeihundeschule"
      },
      "geometry": {
        "type": "Polygon",
        "coordinates": [
          [
            [
              11.4814401,
              48.1905634
            ],
            [
              11.4814864,
              48.1903912
            ],
            [
              11.4817372,
              48.1904212
            ],
            [
              11.4816908,
              48.1905934
            ],
            [
              11.4814401,
              48.1905634
            ]
          ]
        ]
      },
      "id": "way/301079124"
    },
    {
      "type": "Feature",
      "properties": {
        "@id": "way/198989981",
        "addr:city": "München",
        "addr:country": "DE",
        "addr:housenumber": "93",
        "addr:postcode": "80639",
        "addr:street": "Romanstraße",
        "amenity": "hospital",
        "beds": "405",
        "check_date": "2026-01-28",
        "check_date:internet_access": "2026-01-28",
        "email": "info@barmherzige-muenchen.de",
        "emergency": "yes",
        "healthcare": "hospital",
        "internet_access": "wlan",
        "name": "Krankenhaus der Barmherzigen Brüder",
        "name:ar": "مستشفى دكتور بلتس",
        "name:de": "Krankenhaus der Barmherzigen Brüder",
        "operator": "Barmherzige Brüder gemeinnützige Krankenhaus GmbH",
        "phone": "+49 89 1797-0",
        "toilets:wheelchair": "yes",
        "website": "https://www.barmherzige-muenchen.de/",
        "wheelchair": "yes",
        "wikidata": "Q1703255",
        "wikipedia": "de:Krankenhaus Barmherzige Brüder (München)"
      },
      "geometry": {
        "type": "Polygon",
        "coordinates": [
          [
            [
              11.5107061,
              48.1556914
            ],
            [
              11.5106874,
              48.1559754
            ],
            [
              11.5107181,
              48.1561128
            ],
            [
              11.5108656,
              48.1561164
            ],
            [
              11.5108643,
              48.1561356
            ],
            [
              11.5110495,
              48.1561399
            ],
            [
              11.5113853,
              48.1561477
            ],
            [
              11.511333,
              48.1568133
            ],
            [
              11.510889,
              48.1568041
            ],
            [
              11.5108732,
              48.1570451
            ],
            [
              11.5105453,
              48.157038
            ],
            [
              11.5105261,
              48.1574743
            ],
            [
              11.5094241,
              48.1574692
            ],
            [
              11.5091786,
              48.1574705
            ],
            [
              11.5090946,
              48.157472
            ],
            [
              11.5089064,
              48.1574723
            ],
            [
              11.5087876,
              48.1573112
            ],
            [
              11.5087715,
              48.1572925
            ],
            [
              11.5087566,
              48.1572742
            ],
            [
              11.5086058,
              48.1571046
            ],
            [
              11.5085924,
              48.1570897
            ],
            [
              11.5084953,
              48.1569823
            ],
            [
              11.5084204,
              48.1569132
            ],
            [
              11.5083626,
              48.1568653
            ],
            [
              11.5081788,
              48.1567341
            ],
            [
              11.5081684,
              48.156726
            ],
            [
              11.5080664,
              48.1566545
            ],
            [
              11.5080108,
              48.1566183
            ],
            [
              11.5079869,
              48.1566317
            ],
            [
              11.5079509,
              48.1566312
            ],
            [
              11.5079252,
              48.1566233
            ],
            [
              11.5079058,
              48.1566035
            ],
            [
              11.5079034,
              48.1565781
            ],
            [
              11.5079195,
              48.1565586
            ],
            [
              11.5078646,
              48.1565228
            ],
            [
              11.507603,
              48.1563728
            ],
            [
              11.5077857,
              48.1561918
            ],
            [
              11.5078317,
              48.1561516
            ],
            [
              11.5079543,
              48.1560478
            ],
            [
              11.5083801,
              48.1556113
            ],
            [
              11.5107061,
              48.1556914
            ]
          ]
        ]
      },
      "id": "way/198989981"
    },
    {
      "type": "Feature",
      "properties": {
        "@id": "way/99148945",
        "addr:city": "München",
        "addr:country": "DE",
        "addr:housenumber": "71",
        "addr:postcode": "80638",
        "addr:street": "Menzinger Straße",
        "building": "yes",
        "government": "culture",
        "name": "Generaldirektion und Zentralverwaltung der Staatlichen Naturwissenschaftlichen Sammlungen Bayerns",
        "office": "government",
        "short_name": "SNSB",
        "wikidata": "Q98740086"
      },
      "geometry": {
        "type": "Polygon",
        "coordinates": [
          [
            [
              11.4986861,
              48.1646348
            ],
            [
              11.4986553,
              48.1645214
            ],
            [
              11.4988206,
              48.1645014
            ],
            [
              11.4988513,
              48.1646149
            ],
            [
              11.4987718,
              48.1646245
            ],
            [
              11.4986861,
              48.1646348
            ]
          ]
        ]
      },
      "id": "way/99148945"
    },
    {
      "type": "Feature",
      "properties": {
        "@id": "way/8887372",
        "addr:city": "München",
        "addr:country": "DE",
        "addr:housenumber": "44",
        "addr:postcode": "80638",
        "addr:street": "Menzinger Straße",
        "amenity": "hospital",
        "beds": "574",
        "email": "info@dritter-orden.de",
        "emergency": "yes",
        "healthcare": "hospital",
        "name": "Klinikum Dritter Orden",
        "official_name": "Klinikum Dritter Orden München-Nymphenburg",
        "operator": "Ordenskliniken München-Passau gGmbH",
        "phone": "+49 89 1795-0",
        "toilets:wheelchair": "yes",
        "website": "https://www.dritter-orden.de/",
        "wheelchair": "yes",
        "wikidata": "Q1774605"
      },
      "geometry": {
        "type": "Polygon",
        "coordinates": [
          [
            [
              11.5027696,
              48.1646661
            ],
            [
              11.5027957,
              48.1646045
            ],
            [
              11.5028741,
              48.1645673
            ],
            [
              11.5034955,
              48.1645002
            ],
            [
              11.5060018,
              48.1642297
            ],
            [
              11.5063896,
              48.1641522
            ],
            [
              11.5069565,
              48.1641932
            ],
            [
              11.5071059,
              48.1642639
            ],
            [
              11.5074296,
              48.1646803
            ],
            [
              11.5069895,
              48.1646587
            ],
            [
              11.5069852,
              48.1646858
            ],
            [
              11.5068933,
              48.1651578
            ],
            [
              11.5067032,
              48.1651701
            ],
            [
              11.5065289,
              48.1653638
            ],
            [
              11.5065671,
              48.1657334
            ],
            [
              11.5066262,
              48.166305
            ],
            [
              11.5067457,
              48.1673297
            ],
            [
              11.5066141,
              48.1673224
            ],
            [
              11.5061721,
              48.1673124
            ],
            [
              11.5061701,
              48.1672735
            ],
            [
              11.5061258,
              48.1672724
            ],
            [
              11.5060692,
              48.1672746
            ],
            [
              11.5060705,
              48.1673091
            ],
            [
              11.5054402,
              48.1673077
            ],
            [
              11.5041026,
              48.1672978
            ],
            [
              11.5032076,
              48.1672924
            ],
            [
              11.5031687,
              48.1672833
            ],
            [
              11.5031405,
              48.1672702
            ],
            [
              11.503119,
              48.1672584
            ],
            [
              11.5030872,
              48.1672346
            ],
            [
              11.5030723,
              48.1672043
            ],
            [
              11.5030301,
              48.1668508
            ],
            [
              11.5030239,
              48.1667984
            ],
            [
              11.5030216,
              48.1667794
            ],
            [
              11.5029766,
              48.1664124
            ],
            [
              11.5029551,
              48.1662219
            ],
            [
              11.502937,
              48.1660696
            ],
            [
              11.5029248,
              48.1659672
            ],
            [
              11.5028053,
              48.1649207
            ],
            [
              11.5027696,
              48.1646661
            ]
          ]
        ]
      },
      "id": "way/8887372"
    },
    {
      "type": "Feature",
      "properties": {
        "@id": "way/660357543",
        "aeroway": "helipad",
        "name": "Klinikum Dritter Orden",
        "ref": "BY619",
        "surface": "paved"
      },
      "geometry": {
        "type": "Polygon",
        "coordinates": [
          [
            [
              11.5037919,
              48.167957
            ],
            [
              11.5037946,
              48.16783
            ],
            [
              11.5039595,
              48.1678316
            ],
            [
              11.5039997,
              48.167832
            ],
            [
              11.5039971,
              48.167959
            ],
            [
              11.5037919,
              48.167957
            ]
          ]
        ]
      },
      "id": "way/660357543"
    },
    {
      "type": "Feature",
      "properties": {
        "@id": "way/1375946558",
        "amenity": "hospital",
        "healthcare": "hospital",
        "healthcare:speciality": "internal;rheumatology",
        "name": "Krankenhaus Neuwittelsbach",
        "name:en": "Hospital Neuwittelsbach",
        "opening_hours": "Mo-Fr 07:30-16:00",
        "operator": "Barmherzige Schwestern vom heiligen Vinzenz von Paul",
        "phone": "+49 89 1304 0",
        "website": "https://www.krankenhaus-neuwittelsbach.de/",
        "wheelchair": "yes",
        "wikidata": "Q1786541",
        "wikipedia": "de:Krankenhaus Neuwittelsbach"
      },
      "geometry": {
        "type": "Polygon",
        "coordinates": [
          [
            [
              11.5244937,
              48.1569112
            ],
            [
              11.5249976,
              48.1569641
            ],
            [
              11.5252127,
              48.1564962
            ],
            [
              11.526414,
              48.1566799
            ],
            [
              11.5261594,
              48.1574376
            ],
            [
              11.524484,
              48.1573699
            ],
            [
              11.5244937,
              48.1569112
            ]
          ]
        ]
      },
      "id": "way/1375946558"
    },
    {
      "type": "Feature",
      "properties": {
        "@id": "way/258124384",
        "addr:city": "München",
        "addr:country": "DE",
        "addr:housenumber": "7",
        "addr:postcode": "80639",
        "addr:street": "Winthirstraße",
        "amenity": "hospital",
        "check_date": "2024-12-01",
        "email": "rotkreuzklinikum-muenchen@swmbrk.de",
        "emergency": "yes",
        "healthcare": "hospital",
        "name": "Rotkreuzklinikum München",
        "phone": "+49 89 13030",
        "website": "https://www.rotkreuzklinikum-muenchen.de/",
        "wheelchair": "yes",
        "wikidata": "Q1805959"
      },
      "geometry": {
        "type": "Polygon",
        "coordinates": [
          [
            [
              11.5314269,
              48.1545441
            ],
            [
              11.5315147,
              48.1543477
            ],
            [
              11.5314649,
              48.1543378
            ],
            [
              11.5314783,
              48.1542865
            ],
            [
              11.5311297,
              48.154252
            ],
            [
              11.5311678,
              48.1541664
            ],
            [
              11.5309927,
              48.1540301
            ],
            [
              11.5309522,
              48.1540533
            ],
            [
              11.5309636,
              48.1540622
            ],
            [
              11.5308729,
              48.1541147
            ],
            [
              11.5307815,
              48.1540443
            ],
            [
              11.5307014,
              48.1539815
            ],
            [
              11.5309288,
              48.1538512
            ],
            [
              11.5312512,
              48.1536664
            ],
            [
              11.5313865,
              48.1535887
            ],
            [
              11.5319903,
              48.1532422
            ],
            [
              11.5321101,
              48.1533514
            ],
            [
              11.5322292,
              48.1532925
            ],
            [
              11.5322057,
              48.1532708
            ],
            [
              11.5324079,
              48.1531693
            ],
            [
              11.532456,
              48.1531826
            ],
            [
              11.5325556,
              48.1532103
            ],
            [
              11.5326606,
              48.1532394
            ],
            [
              11.5326085,
              48.1533481
            ],
            [
              11.532714,
              48.1533659
            ],
            [
              11.5327036,
              48.1533971
            ],
            [
              11.5329533,
              48.1534287
            ],
            [
              11.5329146,
              48.1535651
            ],
            [
              11.5326278,
              48.1546153
            ],
            [
              11.5325194,
              48.154632
            ],
            [
              11.532484,
              48.1547613
            ],
            [
              11.5324161,
              48.1547473
            ],
            [
              11.532117,
              48.1546861
            ],
            [
              11.5319376,
              48.1546495
            ],
            [
              11.5314433,
              48.1545485
            ],
            [
              11.5314269,
              48.1545441
            ]
          ]
        ]
      },
      "id": "way/258124384"
    },
    {
      "type": "Feature",
      "properties": {
        "@id": "way/474050250",
        "addr:city": "München",
        "addr:country": "DE",
        "addr:housenumber": "3",
        "addr:postcode": "80637",
        "addr:street": "Taxisstraße",
        "amenity": "hospital",
        "email": "rotkreuzklinikum-muenchen@swmbrk.de",
        "healthcare": "hospital",
        "name": "Rotkreuzklinikum München Frauenklinik",
        "phone": "+49 89 15706-0",
        "website": "https://rotkreuzklinikum-muenchen.de/",
        "wikidata": "Q125213821"
      },
      "geometry": {
        "type": "Polygon",
        "coordinates": [
          [
            [
              11.5315687,
              48.1608372
            ],
            [
              11.5316866,
              48.1608354
            ],
            [
              11.5324167,
              48.1608786
            ],
            [
              11.5323734,
              48.1614282
            ],
            [
              11.5323639,
              48.1616108
            ],
            [
              11.532262,
              48.1618717
            ],
            [
              11.5310966,
              48.1615562
            ],
            [
              11.5315687,
              48.1608372
            ]
          ]
        ]
      },
      "id": "way/474050250"
    },
    {
      "type": "Feature",
      "properties": {
        "@id": "way/96703873",
        "addr:city": "München",
        "addr:country": "DE",
        "addr:housenumber": "14",
        "addr:postcode": "80997",
        "addr:street": "Puchheimer Straße",
        "amenity": "police",
        "building": "yes",
        "check_date": "2025-06-26",
        "name": "Polizeiinspektion München 44 (Moosach)",
        "ref": "PI 44",
        "source": "survey"
      },
      "geometry": {
        "type": "Polygon",
        "coordinates": [
          [
            [
              11.5056995,
              48.1830611
            ],
            [
              11.5056572,
              48.1831679
            ],
            [
              11.5054973,
              48.1831397
            ],
            [
              11.5054916,
              48.183154
            ],
            [
              11.5054295,
              48.183143
            ],
            [
              11.5054355,
              48.1831279
            ],
            [
              11.5052446,
              48.1830943
            ],
            [
              11.5052867,
              48.1829882
            ],
            [
              11.5054775,
              48.1830218
            ],
            [
              11.5054819,
              48.1830108
            ],
            [
              11.5055485,
              48.1830225
            ],
            [
              11.5055736,
              48.1830269
            ],
            [
              11.5055691,
              48.1830381
            ],
            [
              11.5056995,
              48.1830611
            ]
          ]
        ]
      },
      "id": "way/96703873"
    },
    {
      "type": "Feature",
      "properties": {
        "@id": "way/217972725",
        "aeroway": "helipad"
      },
      "geometry": {
        "type": "Polygon",
        "coordinates": [
          [
            [
              11.48283,
              48.1984454
            ],
            [
              11.4826423,
              48.1985136
            ],
            [
              11.4824092,
              48.1985724
            ],
            [
              11.4822136,
              48.1983258
            ],
            [
              11.4826468,
              48.1981935
            ],
            [
              11.48283,
              48.1984454
            ]
          ]
        ]
      },
      "id": "way/217972725"
    },
    {
      "type": "Feature",
      "properties": {
        "@id": "way/1235147545",
        "aeroway": "helipad"
      },
      "geometry": {
        "type": "Polygon",
        "coordinates": [
          [
            [
              11.5091282,
              48.1944782
            ],
            [
              11.5088334,
              48.194252
            ],
            [
              11.5091807,
              48.1940508
            ],
            [
              11.5094756,
              48.1942771
            ],
            [
              11.5091282,
              48.1944782
            ]
          ]
        ]
      },
      "id": "way/1235147545"
    },
    {
      "type": "Feature",
      "properties": {
        "@id": "way/513161976",
        "aeroway": "helipad"
      },
      "geometry": {
        "type": "Polygon",
        "coordinates": [
          [
            [
              11.473657,
              48.2019441
            ],
            [
              11.4735283,
              48.2018435
            ],
            [
              11.4737234,
              48.2017326
            ],
            [
              11.4738521,
              48.2018332
            ],
            [
              11.473657,
              48.2019441
            ]
          ]
        ]
      },
      "id": "way/513161976"
    },
    {
      "type": "Feature",
      "properties": {
        "@id": "way/1235147341",
        "aeroway": "helipad"
      },
      "geometry": {
        "type": "Polygon",
        "coordinates": [
          [
            [
              11.5503806,
              48.0647297
            ],
            [
              11.5503939,
              48.0647118
            ],
            [
              11.5504175,
              48.0646995
            ],
            [
              11.5504468,
              48.0646953
            ],
            [
              11.5504759,
              48.0647
            ],
            [
              11.550499,
              48.0647127
            ],
            [
              11.5505117,
              48.0647308
            ],
            [
              11.5505113,
              48.0647508
            ],
            [
              11.550498,
              48.0647687
            ],
            [
              11.5504744,
              48.064781
            ],
            [
              11.5504452,
              48.0647852
            ],
            [
              11.5504161,
              48.0647805
            ],
            [
              11.5503929,
              48.0647678
            ],
            [
              11.5503802,
              48.0647497
            ],
            [
              11.5503806,
              48.0647297
            ]
          ]
        ]
      },
      "id": "way/1235147341"
    },
    {
      "type": "Feature",
      "properties": {
        "@id": "way/1134658711",
        "addr:city": "München",
        "addr:country": "DE",
        "addr:housenumber": "203",
        "addr:postcode": "81545",
        "addr:street": "Geiselgasteigstraße",
        "amenity": "hospital",
        "beds": "62",
        "building": "hospital",
        "description": "Fachklinik für Psychiatrie, Psychotherapie und Psychoanalyse",
        "email": "info@klinik-menterschwaige.de",
        "fax": "+49 89 642723 95",
        "healthcare": "hospital",
        "healthcare:speciality": "psychiatry",
        "name": "Klinik Menterschwaige",
        "opening_date": "1979-04-01",
        "operator": "Klinik für Dynamische Psychiatrie München GmbH",
        "operator:type": "private",
        "phone": "+49 89 642723 0",
        "visiting_hours": "Mo-Fr 16:30-20:00; Sa-Su 0:00-20:00",
        "website": "https://www.klinik-menterschwaige.de/"
      },
      "geometry": {
        "type": "Polygon",
        "coordinates": [
          [
            [
              11.5570116,
              48.0799897
            ],
            [
              11.5569183,
              48.0799233
            ],
            [
              11.5569798,
              48.0798847
            ],
            [
              11.556914,
              48.0798379
            ],
            [
              11.5568015,
              48.0799095
            ],
            [
              11.5566869,
              48.0799095
            ],
            [
              11.5566763,
              48.0799181
            ],
            [
              11.5566377,
              48.0799187
            ],
            [
              11.5562933,
              48.0801321
            ],
            [
              11.5561427,
              48.0800235
            ],
            [
              11.5564871,
              48.0798102
            ],
            [
              11.5565337,
              48.0797813
            ],
            [
              11.5567339,
              48.0797823
            ],
            [
              11.5567901,
              48.0798218
            ],
            [
              11.5568462,
              48.0798239
            ],
            [
              11.5568716,
              48.0798077
            ],
            [
              11.5566948,
              48.0796819
            ],
            [
              11.5568366,
              48.0795929
            ],
            [
              11.5571202,
              48.0797948
            ],
            [
              11.5573131,
              48.0796738
            ],
            [
              11.5574079,
              48.0797413
            ],
            [
              11.5571561,
              48.0798991
            ],
            [
              11.5571713,
              48.0799099
            ],
            [
              11.5571451,
              48.0799263
            ],
            [
              11.5571299,
              48.0799155
            ],
            [
              11.5570116,
              48.0799897
            ]
          ]
        ]
      },
      "id": "way/1134658711"
    },
    {
      "type": "Feature",
      "properties": {
        "@id": "way/65660647",
        "aeroway": "helipad",
        "emergency": "designated",
        "lit": "yes",
        "operator": "ADAC Luftrettung gGmbH"
      },
      "geometry": {
        "type": "Polygon",
        "coordinates": [
          [
            [
              11.5598858,
              48.0836711
            ],
            [
              11.5597094,
              48.0835483
            ],
            [
              11.5598919,
              48.0834313
            ],
            [
              11.5600683,
              48.0835541
            ],
            [
              11.5598858,
              48.0836711
            ]
          ]
        ]
      },
      "id": "way/65660647"
    },
    {
      "type": "Feature",
      "properties": {
        "@id": "way/1205813455",
        "addr:city": "München",
        "addr:country": "DE",
        "addr:housenumber": "65",
        "addr:street": "Seybothstraße",
        "amenity": "hospital",
        "emergency": "no",
        "healthcare": "hospital",
        "name": "Krankenhaus für Naturheilweisen",
        "website": "https://www.krankenhaus-naturheilweisen.de/"
      },
      "geometry": {
        "type": "Polygon",
        "coordinates": [
          [
            [
              11.5558597,
              48.0846774
            ],
            [
              11.5565645,
              48.0846092
            ],
            [
              11.5567527,
              48.0846974
            ],
            [
              11.5567145,
              48.0849725
            ],
            [
              11.5567183,
              48.0849934
            ],
            [
              11.556749,
              48.0850097
            ],
            [
              11.5569724,
              48.0850726
            ],
            [
              11.5570332,
              48.0850676
            ],
            [
              11.5571016,
              48.0853167
            ],
            [
              11.5565463,
              48.0853917
            ],
            [
              11.5563324,
              48.0852731
            ],
            [
              11.5559273,
              48.0850836
            ],
            [
              11.5558597,
              48.0846774
            ]
          ]
        ]
      },
      "id": "way/1205813455"
    },
    {
      "type": "Feature",
      "properties": {
        "@id": "way/13792215",
        "addr:city": "München",
        "addr:country": "DE",
        "addr:housenumber": "2",
        "addr:postcode": "81545",
        "addr:street": "Sanatoriumsplatz",
        "amenity": "hospital",
        "beds": "673",
        "contact:email": "info.kh@muenchen-klinik.de",
        "contact:facebook": "https://www.facebook.com/muenchenklinik",
        "contact:fax": "+49 89 6210 2442",
        "contact:instagram": "https://www.instagram.com/muenchenklinik",
        "contact:phone": "+49 89 6210 0",
        "contact:twitter": "https://twitter.com/muenchenklinik",
        "contact:website": "https://www.muenchen-klinik.de/krankenhaus/harlaching/",
        "contact:youtube": "https://www.youtube.com/user/KlinikumMuenchen",
        "emergency": "yes",
        "healthcare": "hospital",
        "healthcare:speciality": "gastroenterology;cardiology;gynaecology;nephrology;pulmonology;paediatrics;surgery;oncology;physiatry;orthopaedics;neurology;psychiatry;emergency;trauma",
        "name": "München Klinik Harlaching",
        "name:en": "Munich Clinic Harlaching",
        "old_name": "Städtisches Klinikum Harlaching",
        "operator": "München Klinik gGmbH",
        "short_name": "MüK",
        "start_date": "1896-09-15",
        "wheelchair": "yes",
        "wikidata": "Q1774619",
        "wikipedia": "de:München Klinik Harlaching"
      },
      "geometry": {
        "type": "Polygon",
        "coordinates": [
          [
            [
              11.5595522,
              48.0876239
            ],
            [
              11.5593914,
              48.0878071
            ],
            [
              11.5593743,
              48.0878266
            ],
            [
              11.5591734,
              48.0880557
            ],
            [
              11.5590492,
              48.0881901
            ],
            [
              11.5584323,
              48.0879552
            ],
            [
              11.5583541,
              48.0879253
            ],
            [
              11.5578177,
              48.08772
            ],
            [
              11.5574584,
              48.0875779
            ],
            [
              11.557048,
              48.0874092
            ],
            [
              11.5570396,
              48.0874058
            ],
            [
              11.5570136,
              48.087395
            ],
            [
              11.5569415,
              48.0873646
            ],
            [
              11.5572364,
              48.0870372
            ],
            [
              11.5572647,
              48.0870061
            ],
            [
              11.5571967,
              48.0869762
            ],
            [
              11.556436,
              48.086639
            ],
            [
              11.5563448,
              48.0866849
            ],
            [
              11.5560603,
              48.0868346
            ],
            [
              11.5559836,
              48.086873
            ],
            [
              11.5559331,
              48.0867891
            ],
            [
              11.5559135,
              48.0867637
            ],
            [
              11.5558767,
              48.0867317
            ],
            [
              11.555826,
              48.0867005
            ],
            [
              11.5557659,
              48.0866756
            ],
            [
              11.5557115,
              48.0866495
            ],
            [
              11.5555944,
              48.0865552
            ],
            [
              11.5555077,
              48.0865171
            ],
            [
              11.5552554,
              48.0865441
            ],
            [
              11.5552058,
              48.086531
            ],
            [
              11.5551708,
              48.0862957
            ],
            [
              11.5553553,
              48.0862676
            ],
            [
              11.5554091,
              48.0862366
            ],
            [
              11.5554543,
              48.0861858
            ],
            [
              11.555467,
              48.0861269
            ],
            [
              11.5553378,
              48.086146
            ],
            [
              11.5549825,
              48.0861995
            ],
            [
              11.5540657,
              48.0839461
            ],
            [
              11.5602937,
              48.0831137
            ],
            [
              11.5603928,
              48.0835231
            ],
            [
              11.5605231,
              48.0835124
            ],
            [
              11.5606036,
              48.0839272
            ],
            [
              11.5605316,
              48.0839581
            ],
            [
              11.5605273,
              48.0839599
            ],
            [
              11.5607075,
              48.0847751
            ],
            [
              11.560869,
              48.0853461
            ],
            [
              11.5603293,
              48.0854121
            ],
            [
              11.5603222,
              48.0853871
            ],
            [
              11.5601904,
              48.0854017
            ],
            [
              11.5601766,
              48.0854176
            ],
            [
              11.5597227,
              48.0855973
            ],
            [
              11.5596757,
              48.0856258
            ],
            [
              11.5596469,
              48.0856651
            ],
            [
              11.5595227,
              48.0859378
            ],
            [
              11.559502,
              48.08598
            ],
            [
              11.5594962,
              48.0859956
            ],
            [
              11.559493,
              48.0860045
            ],
            [
              11.5594937,
              48.0860133
            ],
            [
              11.5594982,
              48.0860456
            ],
            [
              11.5595462,
              48.0862524
            ],
            [
              11.5595486,
              48.0862656
            ],
            [
              11.5595465,
              48.0862887
            ],
            [
              11.5595439,
              48.0862987
            ],
            [
              11.5595315,
              48.0863343
            ],
            [
              11.5591306,
              48.0873544
            ],
            [
              11.5591274,
              48.0873608
            ],
            [
              11.5591218,
              48.0873682
            ],
            [
              11.5590851,
              48.087441
            ],
            [
              11.5595522,
              48.0876239
            ]
          ]
        ]
      },
      "id": "way/13792215"
    },
    {
      "type": "Feature",
      "properties": {
        "@id": "way/1038278498",
        "building": "bunker",
        "bunker_type": "personnel_shelter",
        "description": "Splitterschutzzelle",
        "military": "bunker",
        "source:website": "https://www.bunkerfreunde-muenchen.de/main.php?g2_itemId=43511"
      },
      "geometry": {
        "type": "Polygon",
        "coordinates": [
          [
            [
              11.5487173,
              48.0920483
            ],
            [
              11.5487133,
              48.0920284
            ],
            [
              11.5487197,
              48.0920282
            ],
            [
              11.5487316,
              48.0920472
            ],
            [
              11.5487173,
              48.0920483
            ]
          ]
        ]
      },
      "id": "way/1038278498"
    },
    {
      "type": "Feature",
      "properties": {
        "@id": "way/12119874",
        "alt_name": "Bundeswehruniversität München",
        "amenity": "university",
        "int_name": "Bundeswehr University Munich",
        "landuse": "military",
        "name": "Universität der Bundeswehr München",
        "name:ar": "الجامعة الألمانية بميونيوخ",
        "name:en": "Bundeswehr University Munich",
        "name:es": "Universidad Bundeswehr de Múnich",
        "name:fr": "Université de la Bundeswehr à Munich",
        "name:ja": "ミュンヘン連邦軍大学",
        "name:pl": "Uniwersytet Bundeswehry w Monachium",
        "name:ru": "Университет бундесвера в Мюнхене",
        "old_name": "Hochschule der Bundeswehr München",
        "short_name": "UniBwM",
        "source": "Local knowledge and Yahoo sat picture",
        "website": "https://www.unibw.de/",
        "wikidata": "Q283099",
        "wikipedia": "de:Universität der Bundeswehr München"
      },
      "geometry": {
        "type": "Polygon",
        "coordinates": [
          [
            [
              11.6196066,
              48.0704617
            ],
            [
              11.619661,
              48.0704653
            ],
            [
              11.6197504,
              48.070484
            ],
            [
              11.6197899,
              48.0704923
            ],
            [
              11.6199702,
              48.0705301
            ],
            [
              11.620034,
              48.0705435
            ],
            [
              11.6204574,
              48.0706323
            ],
            [
              11.6205961,
              48.0706613
            ],
            [
              11.6213463,
              48.0708186
            ],
            [
              11.6213527,
              48.0708112
            ],
            [
              11.6213749,
              48.0707856
            ],
            [
              11.6213886,
              48.0707697
            ],
            [
              11.6213982,
              48.0707586
            ],
            [
              11.6217704,
              48.070906
            ],
            [
              11.6219451,
              48.0709461
            ],
            [
              11.6219833,
              48.0709135
            ],
            [
              11.622071,
              48.0709654
            ],
            [
              11.6235977,
              48.071287
            ],
            [
              11.6282696,
              48.0722782
            ],
            [
              11.6365077,
              48.0740043
            ],
            [
              11.6367366,
              48.0740516
            ],
            [
              11.6449098,
              48.075773
            ],
            [
              11.6449804,
              48.0760175
            ],
            [
              11.645019,
              48.0761804
            ],
            [
              11.6450251,
              48.0762061
            ],
            [
              11.6452255,
              48.0768717
            ],
            [
              11.6453222,
              48.0769536
            ],
            [
              11.6455895,
              48.0769536
            ],
            [
              11.6464326,
              48.0771248
            ],
            [
              11.6487436,
              48.0776109
            ],
            [
              11.6487903,
              48.0776207
            ],
            [
              11.6488547,
              48.0776347
            ],
            [
              11.648877,
              48.0776396
            ],
            [
              11.6490464,
              48.0778028
            ],
            [
              11.6490998,
              48.0778854
            ],
            [
              11.6492174,
              48.0781871
            ],
            [
              11.6493733,
              48.07859
            ],
            [
              11.6489855,
              48.0786504
            ],
            [
              11.6488784,
              48.0786166
            ],
            [
              11.6488133,
              48.0785994
            ],
            [
              11.6460227,
              48.0791262
            ],
            [
              11.6459539,
              48.0791263
            ],
            [
              11.6459042,
              48.0791049
            ],
            [
              11.6458681,
              48.0790638
            ],
            [
              11.64579,
              48.0790742
            ],
            [
              11.6457434,
              48.0790801
            ],
            [
              11.6457053,
              48.0790851
            ],
            [
              11.6457294,
              48.0791241
            ],
            [
              11.6455765,
              48.0793434
            ],
            [
              11.6449959,
              48.0794463
            ],
            [
              11.6450088,
              48.0794671
            ],
            [
              11.6451127,
              48.0795698
            ],
            [
              11.6453343,
              48.0799605
            ],
            [
              11.6457547,
              48.0804591
            ],
            [
              11.6461741,
              48.080956
            ],
            [
              11.6464031,
              48.0813849
            ],
            [
              11.6463893,
              48.0813885
            ],
            [
              11.6464123,
              48.0814277
            ],
            [
              11.6464234,
              48.0814248
            ],
            [
              11.6465826,
              48.0817215
            ],
            [
              11.6465901,
              48.0817523
            ],
            [
              11.6465848,
              48.0817933
            ],
            [
              11.646528,
              48.0818241
            ],
            [
              11.6464571,
              48.0818528
            ],
            [
              11.6450091,
              48.0821459
            ],
            [
              11.6438438,
              48.0823817
            ],
            [
              11.6427182,
              48.082581
            ],
            [
              11.6421507,
              48.0826595
            ],
            [
              11.6415594,
              48.0826673
            ],
            [
              11.6412887,
              48.0826482
            ],
            [
              11.6397723,
              48.0824255
            ],
            [
              11.6383693,
              48.0822045
            ],
            [
              11.638311,
              48.0821906
            ],
            [
              11.6382939,
              48.082182
            ],
            [
              11.6382994,
              48.0821498
            ],
            [
              11.6382217,
              48.0821424
            ],
            [
              11.6381418,
              48.0821363
            ],
            [
              11.6381382,
              48.0821594
            ],
            [
              11.6341466,
              48.0816203
            ],
            [
              11.6336759,
              48.0816162
            ],
            [
              11.6327453,
              48.081701
            ],
            [
              11.632715,
              48.0817044
            ],
            [
              11.6326133,
              48.0817297
            ],
            [
              11.6321449,
              48.0818061
            ],
            [
              11.6317262,
              48.0818328
            ],
            [
              11.6315002,
              48.081843
            ],
            [
              11.6312685,
              48.0818509
            ],
            [
              11.6309914,
              48.0818536
            ],
            [
              11.6308064,
              48.0818554
            ],
            [
              11.6301542,
              48.0793788
            ],
            [
              11.6284772,
              48.0795874
            ],
            [
              11.627628,
              48.0779452
            ],
            [
              11.6266415,
              48.0763908
            ],
            [
              11.6263926,
              48.0753712
            ],
            [
              11.6259772,
              48.0736699
            ],
            [
              11.6268903,
              48.0726335
            ],
            [
              11.626702,
              48.0725943
            ],
            [
              11.6261943,
              48.0724887
            ],
            [
              11.625949,
              48.0727509
            ],
            [
              11.6260148,
              48.0727807
            ],
            [
              11.6258664,
              48.0729371
            ],
            [
              11.6258012,
              48.072909
            ],
            [
              11.6246661,
              48.0741229
            ],
            [
              11.622863,
              48.0742914
            ],
            [
              11.6215475,
              48.074419
            ],
            [
              11.6215102,
              48.0743993
            ],
            [
              11.6214986,
              48.0743757
            ],
            [
              11.6214934,
              48.0743567
            ],
            [
              11.6213522,
              48.0742952
            ],
            [
              11.6208921,
              48.0730039
            ],
            [
              11.6209259,
              48.0729713
            ],
            [
              11.6210061,
              48.0729243
            ],
            [
              11.6210855,
              48.0728885
            ],
            [
              11.62107,
              48.0728564
            ],
            [
              11.6210506,
              48.0728228
            ],
            [
              11.6209288,
              48.072863
            ],
            [
              11.6208891,
              48.072865
            ],
            [
              11.620857,
              48.0728527
            ],
            [
              11.6208328,
              48.0728239
            ],
            [
              11.6204675,
              48.0719079
            ],
            [
              11.6204219,
              48.0717999
            ],
            [
              11.6204175,
              48.0717898
            ],
            [
              11.6203609,
              48.0716593
            ],
            [
              11.6200711,
              48.0711828
            ],
            [
              11.6196066,
              48.0704617
            ]
          ]
        ]
      },
      "id": "way/12119874"
    },
    {
      "type": "Feature",
      "properties": {
        "@id": "way/20149838",
        "amenity": "townhall",
        "building": "civic",
        "building:levels": "2",
        "check_date:opening_hours": "2025-05-25",
        "fax": "+49 89 665 51-166",
        "layer": "1",
        "name": "Rathaus Unterhaching",
        "opening_hours": "Mo 14:00-18:00; Tu-Th 08:00-12:00; Fr 07:00-12:00",
        "phone": "+49 89 665 51-0",
        "roof:levels": "1",
        "wheelchair": "yes"
      },
      "geometry": {
        "type": "Polygon",
        "coordinates": [
          [
            [
              11.6093871,
              48.0661802
            ],
            [
              11.6093324,
              48.065771
            ],
            [
              11.6101045,
              48.065725
            ],
            [
              11.6101136,
              48.0658152
            ],
            [
              11.6101235,
              48.0659129
            ],
            [
              11.6101017,
              48.0659323
            ],
            [
              11.6100793,
              48.0659468
            ],
            [
              11.6100653,
              48.065953
            ],
            [
              11.610073,
              48.0659681
            ],
            [
              11.6100353,
              48.0659787
            ],
            [
              11.6099993,
              48.0659794
            ],
            [
              11.6099996,
              48.0659922
            ],
            [
              11.609963,
              48.0659965
            ],
            [
              11.6099275,
              48.0659895
            ],
            [
              11.6098921,
              48.0659794
            ],
            [
              11.609856,
              48.0659618
            ],
            [
              11.6098265,
              48.0659406
            ],
            [
              11.6098132,
              48.0659093
            ],
            [
              11.6098066,
              48.0658686
            ],
            [
              11.6095195,
              48.0658848
            ],
            [
              11.6095576,
              48.06617
            ],
            [
              11.6093871,
              48.0661802
            ]
          ]
        ]
      },
      "id": "way/20149838"
    },
    {
      "type": "Feature",
      "properties": {
        "@id": "way/23815958",
        "addr:city": "Taufkirchen",
        "addr:country": "DE",
        "addr:housenumber": "3",
        "addr:postcode": "82024",
        "addr:street": "Köglweg",
        "amenity": "townhall",
        "building": "yes",
        "check_date:opening_hours": "2024-03-25",
        "name": "Rathaus Taufkirchen",
        "opening_hours": "Mo-Fr 08:00-12:00, Th 14:30-17:30",
        "operator": "Gemeinde Taufkirchen",
        "website": "https://www.meintaufkirchen.de/",
        "wheelchair": "yes"
      },
      "geometry": {
        "type": "Polygon",
        "coordinates": [
          [
            [
              11.6155543,
              48.0457605
            ],
            [
              11.6154162,
              48.0457679
            ],
            [
              11.6153469,
              48.0457716
            ],
            [
              11.6153424,
              48.0457341
            ],
            [
              11.6151746,
              48.0457431
            ],
            [
              11.6151452,
              48.0454962
            ],
            [
              11.6150658,
              48.0455004
            ],
            [
              11.6150625,
              48.045473
            ],
            [
              11.6150779,
              48.0454722
            ],
            [
              11.615076,
              48.0454562
            ],
            [
              11.6151309,
              48.0454533
            ],
            [
              11.6151136,
              48.0453087
            ],
            [
              11.6152734,
              48.0453002
            ],
            [
              11.6152755,
              48.045318
            ],
            [
              11.6153501,
              48.045314
            ],
            [
              11.615388,
              48.045312
            ],
            [
              11.6153943,
              48.0453665
            ],
            [
              11.6154094,
              48.0454925
            ],
            [
              11.6154822,
              48.0454886
            ],
            [
              11.6154874,
              48.0455316
            ],
            [
              11.6154118,
              48.0455356
            ],
            [
              11.6154275,
              48.0456673
            ],
            [
              11.6155425,
              48.0456611
            ],
            [
              11.6155543,
              48.0457605
            ]
          ]
        ]
      },
      "id": "way/23815958"
    },
    {
      "type": "Feature",
      "properties": {
        "@id": "way/452741827",
        "addr:city": "Unterhaching",
        "addr:country": "DE",
        "addr:housenumber": "7",
        "addr:postcode": "82008",
        "addr:street": "Ottobrunner Straße",
        "amenity": "police",
        "building": "office",
        "building:levels": "2",
        "fax": "+49 89 61562 254",
        "name": "Polizeiinspektion München 31 (Unterhaching)",
        "phone": "+49 89 61562 0",
        "roof:levels": "1",
        "roof:shape": "gabled",
        "website": "https://www.polizei.bayern.de/wir-ueber-uns/organisation/dienststellen/0900812100000.html",
        "wheelchair": "limited"
      },
      "geometry": {
        "type": "Polygon",
        "coordinates": [
          [
            [
              11.6216984,
              48.0607058
            ],
            [
              11.6216754,
              48.0607582
            ],
            [
              11.6218398,
              48.0607904
            ],
            [
              11.6217919,
              48.0608994
            ],
            [
              11.6216135,
              48.0608644
            ],
            [
              11.6216283,
              48.0608307
            ],
            [
              11.6213115,
              48.0607686
            ],
            [
              11.6213676,
              48.0606409
            ],
            [
              11.6216984,
              48.0607058
            ]
          ]
        ]
      },
      "id": "way/452741827"
    },
    {
      "type": "Feature",
      "properties": {
        "@id": "way/14192244",
        "barrier": "fence",
        "landuse": "military",
        "military": "range",
        "name": "Schießplatz am Perlacher Forst",
        "operator": "Polizeiinspektion München 31 (Unterhaching)"
      },
      "geometry": {
        "type": "Polygon",
        "coordinates": [
          [
            [
              11.5868122,
              48.0775902
            ],
            [
              11.5893951,
              48.0774711
            ],
            [
              11.5897459,
              48.0802575
            ],
            [
              11.5881519,
              48.0812975
            ],
            [
              11.5876256,
              48.0808628
            ],
            [
              11.5876167,
              48.080798
            ],
            [
              11.5875358,
              48.0808004
            ],
            [
              11.5874791,
              48.0808024
            ],
            [
              11.5872153,
              48.0806158
            ],
            [
              11.5868122,
              48.0775902
            ]
          ]
        ]
      },
      "id": "way/14192244"
    },
    {
      "type": "Feature",
      "properties": {
        "@id": "way/23984003",
        "addr:city": "München",
        "addr:country": "DE",
        "addr:housenumber": "64",
        "addr:postcode": "81549",
        "addr:street": "Cincinnatistraße",
        "amenity": "courthouse",
        "building": "yes",
        "building:levels": "5",
        "check_date:opening_hours": "2025-05-17",
        "name": "Bundespatentgericht",
        "opening_hours:signed": "no",
        "roof:shape": "flat",
        "website": "https://www.bundespatentgericht.de/DE/Home/home_node.html",
        "wheelchair": "yes"
      },
      "geometry": {
        "type": "Polygon",
        "coordinates": [
          [
            [
              11.6006091,
              48.0915119
            ],
            [
              11.6007268,
              48.0913622
            ],
            [
              11.6013742,
              48.0915893
            ],
            [
              11.6014661,
              48.0914725
            ],
            [
              11.6008242,
              48.0912472
            ],
            [
              11.6009188,
              48.0911269
            ],
            [
              11.602308,
              48.0916144
            ],
            [
              11.6022111,
              48.0917376
            ],
            [
              11.6015864,
              48.0915184
            ],
            [
              11.6014956,
              48.0916337
            ],
            [
              11.6020943,
              48.0918438
            ],
            [
              11.6019777,
              48.0919921
            ],
            [
              11.6013348,
              48.0917665
            ],
            [
              11.6006091,
              48.0915119
            ]
          ]
        ]
      },
      "id": "way/23984003"
    },
    {
      "type": "Feature",
      "properties": {
        "@id": "way/946810886",
        "addr:city": "München",
        "addr:country": "DE",
        "addr:housenumber": "36",
        "addr:postcode": "81379",
        "addr:street": "Am Isarkanal",
        "alt_name": "Herzzentrum an der Isar",
        "amenity": "hospital",
        "beds": "115",
        "healthcare": "hospital",
        "healthcare:speciality": "internal;cardiology",
        "name": "Internistisches Klinikum München Süd",
        "old_name": "Internistische Klinik Dr. Müller",
        "operator": "Internistisches Klinikum München Süd GmbH",
        "phone": "+49 89 724000",
        "website": "https://stadt.muenchen.de/service/info/internistisches-klinikum-munchen-sud/1067506/",
        "wheelchair": "limited"
      },
      "geometry": {
        "type": "Polygon",
        "coordinates": [
          [
            [
              11.5470884,
              48.1022472
            ],
            [
              11.5470229,
              48.1021306
            ],
            [
              11.5473465,
              48.1019698
            ],
            [
              11.5479018,
              48.1016943
            ],
            [
              11.547985,
              48.1017602
            ],
            [
              11.5480692,
              48.1018277
            ],
            [
              11.5481872,
              48.1019353
            ],
            [
              11.5482976,
              48.1020378
            ],
            [
              11.5483762,
              48.1021303
            ],
            [
              11.548526,
              48.1023597
            ],
            [
              11.5485643,
              48.1024098
            ],
            [
              11.5481731,
              48.1025178
            ],
            [
              11.5481655,
              48.1025663
            ],
            [
              11.548203,
              48.1026434
            ],
            [
              11.5481127,
              48.102669
            ],
            [
              11.5481012,
              48.1026721
            ],
            [
              11.5482477,
              48.1029081
            ],
            [
              11.5482084,
              48.102919
            ],
            [
              11.5480894,
              48.102952
            ],
            [
              11.548031,
              48.1029652
            ],
            [
              11.5479269,
              48.1029952
            ],
            [
              11.5478711,
              48.1030113
            ],
            [
              11.5477772,
              48.1030383
            ],
            [
              11.5477291,
              48.1030529
            ],
            [
              11.547592,
              48.1030914
            ],
            [
              11.5474876,
              48.1029113
            ],
            [
              11.5471568,
              48.1023562
            ],
            [
              11.5470884,
              48.1022472
            ]
          ]
        ]
      },
      "id": "way/946810886"
    },
    {
      "type": "Feature",
      "properties": {
        "@id": "way/167826559",
        "aeroway": "helipad",
        "layer": "1",
        "lit": "yes",
        "operator": "Artemed Klinikum München Süd",
        "ref": "DE-0474",
        "surface": "concrete"
      },
      "geometry": {
        "type": "Polygon",
        "coordinates": [
          [
            [
              11.5482074,
              48.1032015
            ],
            [
              11.5480798,
              48.1030649
            ],
            [
              11.5483601,
              48.1029481
            ],
            [
              11.5484878,
              48.1030848
            ],
            [
              11.5482074,
              48.1032015
            ]
          ]
        ]
      },
      "id": "way/167826559"
    },
    {
      "type": "Feature",
      "properties": {
        "@id": "way/946815006",
        "amenity": "hospital",
        "beds": "155",
        "check_date": "2025-06-06",
        "email": "info-akms@artemed.de",
        "emergency": "yes",
        "fax": "+49 89 72440-400",
        "healthcare": "hospital",
        "healthcare:speciality": "anaesthetics;intensive;orthopaedics;trauma;emergency;radiology;surgery;vascular_surgery;cardiac_surgery;gastroenterology",
        "name": "Artemed Klinikum München Süd",
        "old_name": "Chirurgisches Klinikum München Süd",
        "operator": "Artemed SE",
        "phone": "+49 89 724400",
        "website": "https://www.artemed-muenchen-sued.de/",
        "wheelchair": "yes"
      },
      "geometry": {
        "type": "Polygon",
        "coordinates": [
          [
            [
              11.5485643,
              48.1024098
            ],
            [
              11.5487978,
              48.1026421
            ],
            [
              11.5490767,
              48.1029016
            ],
            [
              11.5491133,
              48.1029649
            ],
            [
              11.5484558,
              48.1032547
            ],
            [
              11.5483029,
              48.1033211
            ],
            [
              11.5480655,
              48.1034174
            ],
            [
              11.5480401,
              48.1034266
            ],
            [
              11.5479335,
              48.1032981
            ],
            [
              11.5478613,
              48.1032219
            ],
            [
              11.5477291,
              48.1030529
            ],
            [
              11.5477772,
              48.1030383
            ],
            [
              11.5478711,
              48.1030113
            ],
            [
              11.5479269,
              48.1029952
            ],
            [
              11.548031,
              48.1029652
            ],
            [
              11.5480894,
              48.102952
            ],
            [
              11.5482084,
              48.102919
            ],
            [
              11.5482477,
              48.1029081
            ],
            [
              11.5481012,
              48.1026721
            ],
            [
              11.5481127,
              48.102669
            ],
            [
              11.548203,
              48.1026434
            ],
            [
              11.5481655,
              48.1025663
            ],
            [
              11.5481731,
              48.1025178
            ],
            [
              11.5485643,
              48.1024098
            ]
          ]
        ]
      },
      "id": "way/946815006"
    },
    {
      "type": "Feature",
      "properties": {
        "@id": "way/329675311",
        "addr:city": "München",
        "addr:housenumber": "51",
        "addr:postcode": "81547",
        "addr:street": "Harlachinger Straße",
        "amenity": "hospital",
        "beds": "212",
        "building": "hospital",
        "building:levels": "5",
        "description": "Orthopädische Klinik",
        "emergency": "yes",
        "fax": "+49 89 6211 1111",
        "healthcare": "hospital",
        "healthcare:speciality": "orthopaedics",
        "name": "Schön Klinik München Harlaching",
        "operator": "Schön Klinik",
        "operator:type": "private",
        "operator:wikidata": "Q2258661",
        "operator:wikipedia": "de:Schön Klinik",
        "phone": "+49 89 62110",
        "start_date": "1913",
        "website": "https://www.schoen-klinik.de/muenchen-harlaching",
        "wheelchair": "yes"
      },
      "geometry": {
        "type": "Polygon",
        "coordinates": [
          [
            [
              11.5668379,
              48.104211
            ],
            [
              11.5668315,
              48.1042047
            ],
            [
              11.5668901,
              48.1041781
            ],
            [
              11.5668369,
              48.1041078
            ],
            [
              11.5668186,
              48.1040819
            ],
            [
              11.5667978,
              48.1040525
            ],
            [
              11.5667558,
              48.1039953
            ],
            [
              11.5667956,
              48.1039823
            ],
            [
              11.5667336,
              48.1039129
            ],
            [
              11.5665473,
              48.1039913
            ],
            [
              11.5661077,
              48.1035577
            ],
            [
              11.5663336,
              48.1034555
            ],
            [
              11.5664773,
              48.1035986
            ],
            [
              11.5666227,
              48.1037434
            ],
            [
              11.5668954,
              48.1036202
            ],
            [
              11.5669865,
              48.1035791
            ],
            [
              11.5675672,
              48.1033168
            ],
            [
              11.5673438,
              48.1030912
            ],
            [
              11.5675349,
              48.1030048
            ],
            [
              11.5679069,
              48.1033615
            ],
            [
              11.5677499,
              48.1034375
            ],
            [
              11.5675498,
              48.1035273
            ],
            [
              11.5676677,
              48.1036516
            ],
            [
              11.5672706,
              48.1038169
            ],
            [
              11.567154,
              48.1037048
            ],
            [
              11.5668324,
              48.1038491
            ],
            [
              11.567074,
              48.1040945
            ],
            [
              11.5671009,
              48.1040823
            ],
            [
              11.5680312,
              48.1049953
            ],
            [
              11.5678327,
              48.1050854
            ],
            [
              11.5678094,
              48.1050625
            ],
            [
              11.567862,
              48.1050386
            ],
            [
              11.5677494,
              48.1049281
            ],
            [
              11.5677356,
              48.1049344
            ],
            [
              11.5676779,
              48.1048775
            ],
            [
              11.5675853,
              48.1049194
            ],
            [
              11.5675679,
              48.1049023
            ],
            [
              11.5675953,
              48.1048898
            ],
            [
              11.5673815,
              48.1046799
            ],
            [
              11.5672891,
              48.1047219
            ],
            [
              11.5671438,
              48.1045793
            ],
            [
              11.5672374,
              48.1045368
            ],
            [
              11.5670574,
              48.1043601
            ],
            [
              11.5670112,
              48.1043811
            ],
            [
              11.5670057,
              48.1043757
            ],
            [
              11.5669871,
              48.1043841
            ],
            [
              11.5669342,
              48.1044082
            ],
            [
              11.566869,
              48.1044378
            ],
            [
              11.5667013,
              48.1042731
            ],
            [
              11.5668379,
              48.104211
            ]
          ]
        ]
      },
      "id": "way/329675311"
    },
    {
      "type": "Feature",
      "properties": {
        "@id": "way/37792728",
        "addr:city": "München",
        "addr:country": "DE",
        "addr:housenumber": "10",
        "addr:postcode": "81547",
        "addr:street": "Peter-Auzinger-Straße",
        "building": "yes",
        "check_date": "2023-10-29",
        "name": "Staatliches Bauamt München 1",
        "office": "government"
      },
      "geometry": {
        "type": "Polygon",
        "coordinates": [
          [
            [
              11.5829101,
              48.0990727
            ],
            [
              11.5829357,
              48.0990425
            ],
            [
              11.5830256,
              48.0989488
            ],
            [
              11.5839868,
              48.0993738
            ],
            [
              11.5848398,
              48.0997315
            ],
            [
              11.5846492,
              48.1000346
            ],
            [
              11.5844954,
              48.0999964
            ],
            [
              11.5846205,
              48.0997763
            ],
            [
              11.5844503,
              48.0997118
            ],
            [
              11.5843916,
              48.0997753
            ],
            [
              11.5843393,
              48.0997538
            ],
            [
              11.584312,
              48.0997823
            ],
            [
              11.5843726,
              48.0998081
            ],
            [
              11.5842542,
              48.099932
            ],
            [
              11.5840843,
              48.0998569
            ],
            [
              11.5842019,
              48.0997311
            ],
            [
              11.5842547,
              48.0997528
            ],
            [
              11.5842809,
              48.0997244
            ],
            [
              11.5842352,
              48.099706
            ],
            [
              11.584291,
              48.0996397
            ],
            [
              11.5839203,
              48.0994834
            ],
            [
              11.5838616,
              48.0995449
            ],
            [
              11.5838026,
              48.0995194
            ],
            [
              11.5837752,
              48.0995481
            ],
            [
              11.5838335,
              48.0995739
            ],
            [
              11.5836533,
              48.0997582
            ],
            [
              11.5834806,
              48.0996838
            ],
            [
              11.5836605,
              48.099499
            ],
            [
              11.5837101,
              48.0995205
            ],
            [
              11.5837396,
              48.0994889
            ],
            [
              11.5836909,
              48.0994678
            ],
            [
              11.583741,
              48.0994127
            ],
            [
              11.5833613,
              48.0992537
            ],
            [
              11.5833117,
              48.0993078
            ],
            [
              11.5832579,
              48.0992844
            ],
            [
              11.5832314,
              48.099315
            ],
            [
              11.583286,
              48.0993388
            ],
            [
              11.5830565,
              48.0995799
            ],
            [
              11.5828835,
              48.099505
            ],
            [
              11.5831066,
              48.0992635
            ],
            [
              11.5831625,
              48.0992861
            ],
            [
              11.583188,
              48.0992596
            ],
            [
              11.5831263,
              48.0992336
            ],
            [
              11.5831717,
              48.0991808
            ],
            [
              11.5829101,
              48.0990727
            ]
          ]
        ]
      },
      "id": "way/37792728"
    },
    {
      "type": "Feature",
      "properties": {
        "@id": "way/122004629",
        "addr:city": "München",
        "addr:housenumber": "26",
        "addr:postcode": "81543",
        "addr:street": "Ludmillastraße",
        "building": "government",
        "check_date:opening_hours": "2025-05-24",
        "government": "administrative",
        "name": "Landratsamt München Außenstelle Ludmillastraße",
        "office": "government",
        "opening_hours": "Mo-We 08:00-12:00; Th 08:00-12:00,14:00-17:30; Fr 08:00-12:00",
        "phone": "+49 89 62 21 18 00",
        "website": "https://www.landkreis-muenchen.de/landratsamt/standorte-und-oeffnungszeiten/ludmillastrasse/"
      },
      "geometry": {
        "type": "Polygon",
        "coordinates": [
          [
            [
              11.5666304,
              48.1107863
            ],
            [
              11.5670965,
              48.1104318
            ],
            [
              11.567229,
              48.1105133
            ],
            [
              11.5670608,
              48.1106412
            ],
            [
              11.5671438,
              48.1106912
            ],
            [
              11.5670291,
              48.1107762
            ],
            [
              11.5669483,
              48.1107276
            ],
            [
              11.5667621,
              48.1108655
            ],
            [
              11.5666304,
              48.1107863
            ]
          ]
        ]
      },
      "id": "way/122004629"
    },
    {
      "type": "Feature",
      "properties": {
        "@id": "way/29327859",
        "addr:city": "München",
        "addr:housenumber": "28",
        "addr:postcode": "81539",
        "addr:street": "Deisenhofener Straße",
        "amenity": "hospital",
        "building": "yes",
        "emergency": "no",
        "fax": "+49 89 9999-1111",
        "healthcare": "hospital",
        "healthcare:speciality": "child_psychiatry",
        "name": "kbo-Heckscher-Klinikum",
        "operator": "Kliniken des Bezirks Oberbayern - kbo-Heckscher-Klinikum gGmbH",
        "operator:type": "public",
        "phone": "+49 89 9999-0",
        "website": "https://kbo-heckscher-klinikum.de/",
        "wheelchair": "yes"
      },
      "geometry": {
        "type": "Polygon",
        "coordinates": [
          [
            [
              11.5827053,
              48.1141815
            ],
            [
              11.5821928,
              48.1133301
            ],
            [
              11.5825233,
              48.1132569
            ],
            [
              11.5825658,
              48.1133368
            ],
            [
              11.5823823,
              48.1133869
            ],
            [
              11.582575,
              48.1137102
            ],
            [
              11.5826226,
              48.1136991
            ],
            [
              11.5826694,
              48.1138156
            ],
            [
              11.5826408,
              48.1138226
            ],
            [
              11.5827262,
              48.1139648
            ],
            [
              11.5829126,
              48.1139156
            ],
            [
              11.5828835,
              48.1138636
            ],
            [
              11.5828724,
              48.1138659
            ],
            [
              11.5826194,
              48.1134472
            ],
            [
              11.5826436,
              48.1134419
            ],
            [
              11.5825482,
              48.1132452
            ],
            [
              11.5828254,
              48.1131853
            ],
            [
              11.5828633,
              48.1132688
            ],
            [
              11.5828018,
              48.1132807
            ],
            [
              11.5828337,
              48.1133536
            ],
            [
              11.5829545,
              48.1133347
            ],
            [
              11.5829705,
              48.1133823
            ],
            [
              11.5829421,
              48.1133875
            ],
            [
              11.5829462,
              48.1134025
            ],
            [
              11.5828823,
              48.1134138
            ],
            [
              11.5829113,
              48.1134904
            ],
            [
              11.5830333,
              48.113469
            ],
            [
              11.5830506,
              48.1135155
            ],
            [
              11.5830223,
              48.113522
            ],
            [
              11.5830285,
              48.1135387
            ],
            [
              11.5829658,
              48.1135506
            ],
            [
              11.5829937,
              48.1136261
            ],
            [
              11.5831089,
              48.1136084
            ],
            [
              11.5831278,
              48.1136521
            ],
            [
              11.5831049,
              48.1136558
            ],
            [
              11.5831094,
              48.1136703
            ],
            [
              11.5830461,
              48.1136831
            ],
            [
              11.5830746,
              48.1137635
            ],
            [
              11.5831971,
              48.113742
            ],
            [
              11.5832149,
              48.1137839
            ],
            [
              11.5831829,
              48.1137907
            ],
            [
              11.5831902,
              48.1138062
            ],
            [
              11.5830419,
              48.113835
            ],
            [
              11.5830614,
              48.113869
            ],
            [
              11.5831465,
              48.1138475
            ],
            [
              11.5832128,
              48.113966
            ],
            [
              11.5833524,
              48.113931
            ],
            [
              11.5834029,
              48.1140201
            ],
            [
              11.5827053,
              48.1141815
            ]
          ]
        ]
      },
      "id": "way/29327859"
    },
    {
      "type": "Feature",
      "properties": {
        "@id": "way/8056138",
        "addr:city": "München",
        "addr:housenumber": "1",
        "addr:postcode": "80336",
        "addr:street": "Ziemssenstraße",
        "alt_name": "Portalklinik",
        "amenity": "hospital",
        "emergency": "yes",
        "healthcare": "hospital",
        "name": "LMU Klinikum Campus Innenstadt",
        "operator": "Ludwig-Maximilians-Universität",
        "operator:short": "LMU",
        "operator:type": "university",
        "operator:wikidata": "Q55044",
        "operator:wikipedia": "de:Ludwig-Maximilians-Universität München",
        "phone": "+49 89 44000"
      },
      "geometry": {
        "type": "Polygon",
        "coordinates": [
          [
            [
              11.5586706,
              48.1326573
            ],
            [
              11.5586718,
              48.132026
            ],
            [
              11.5586617,
              48.1317846
            ],
            [
              11.5586474,
              48.131442
            ],
            [
              11.5586456,
              48.1313936
            ],
            [
              11.5586239,
              48.1306853
            ],
            [
              11.5586259,
              48.1304859
            ],
            [
              11.5586295,
              48.1301342
            ],
            [
              11.5586298,
              48.1300289
            ],
            [
              11.5589332,
              48.1299408
            ],
            [
              11.5590386,
              48.1299901
            ],
            [
              11.5592749,
              48.1301005
            ],
            [
              11.5594099,
              48.1301639
            ],
            [
              11.5596977,
              48.1302982
            ],
            [
              11.5601681,
              48.130518
            ],
            [
              11.5602848,
              48.1305726
            ],
            [
              11.5605518,
              48.1306974
            ],
            [
              11.5606811,
              48.1307578
            ],
            [
              11.5608707,
              48.1308481
            ],
            [
              11.5618288,
              48.131295
            ],
            [
              11.5620053,
              48.1313769
            ],
            [
              11.5620186,
              48.1313833
            ],
            [
              11.5622528,
              48.1314889
            ],
            [
              11.5623164,
              48.1315182
            ],
            [
              11.5627837,
              48.1317425
            ],
            [
              11.5628338,
              48.1317681
            ],
            [
              11.5621093,
              48.1331284
            ],
            [
              11.5603225,
              48.1329344
            ],
            [
              11.5601714,
              48.1329172
            ],
            [
              11.5596921,
              48.1328645
            ],
            [
              11.5594132,
              48.1328355
            ],
            [
              11.5588848,
              48.1327829
            ],
            [
              11.5586706,
              48.1326573
            ]
          ]
        ]
      },
      "id": "way/8056138"
    },
    {
      "type": "Feature",
      "properties": {
        "@id": "way/94552993",
        "addr:city": "München",
        "addr:country": "DE",
        "addr:housenumber": "5",
        "addr:postcode": "80336",
        "addr:street": "Beethovenstraße",
        "amenity": "police",
        "building": "office",
        "building:levels": "3",
        "name": "Polizeiinspektion München 14 (Westend)",
        "opening_hours": "24/7",
        "phone": "+49 89 543320",
        "ref": "PI 14",
        "roof:colour": "#DDDDDD",
        "roof:levels": "1",
        "website": "https://www.polizei.bayern.de/wir-ueber-uns/organisation/dienststellen/0900811040000.html",
        "wikidata": "Q41179771"
      },
      "geometry": {
        "type": "Polygon",
        "coordinates": [
          [
            [
              11.5542759,
              48.1319501
            ],
            [
              11.5543011,
              48.1318836
            ],
            [
              11.554276,
              48.1318794
            ],
            [
              11.5543011,
              48.1318131
            ],
            [
              11.5543295,
              48.1318178
            ],
            [
              11.5543535,
              48.1317541
            ],
            [
              11.5544376,
              48.1317683
            ],
            [
              11.5544206,
              48.1318133
            ],
            [
              11.5545375,
              48.1318329
            ],
            [
              11.5545428,
              48.1318191
            ],
            [
              11.5545931,
              48.1318275
            ],
            [
              11.5545874,
              48.1318426
            ],
            [
              11.5547141,
              48.1318639
            ],
            [
              11.55473,
              48.1318219
            ],
            [
              11.5548206,
              48.1318371
            ],
            [
              11.5547992,
              48.1318936
            ],
            [
              11.5548171,
              48.1318966
            ],
            [
              11.55479,
              48.1319685
            ],
            [
              11.554771,
              48.1319653
            ],
            [
              11.5547468,
              48.1320294
            ],
            [
              11.5545259,
              48.1319933
            ],
            [
              11.5542759,
              48.1319501
            ]
          ]
        ]
      },
      "id": "way/94552993"
    },
    {
      "type": "Feature",
      "properties": {
        "@id": "way/1201919908",
        "addr:city": "München",
        "addr:country": "DE",
        "addr:housenumber": "14a-16",
        "addr:postcode": "80336",
        "addr:street": "Mozartstraße",
        "amenity": "hospital",
        "contact:email": "info-muc@artemed.de",
        "contact:fax": "+49 89 51409167",
        "contact:phone": "+49 89 514090",
        "contact:website": "https://www.artemedmuenchen.de/",
        "healthcare": "hospital",
        "healthcare:speciality": "phlebology",
        "name": "Artemed Fachklinik München",
        "operator": "Artemed-Fachklinik München GmbH & Co. KG"
      },
      "geometry": {
        "type": "Polygon",
        "coordinates": [
          [
            [
              11.5544165,
              48.1302067
            ],
            [
              11.5551969,
              48.1301423
            ],
            [
              11.5552366,
              48.1304345
            ],
            [
              11.5547697,
              48.1304927
            ],
            [
              11.5544443,
              48.1304177
            ],
            [
              11.5544165,
              48.1302067
            ]
          ]
        ]
      },
      "id": "way/1201919908"
    },
    {
      "type": "Feature",
      "properties": {
        "@id": "way/646051346",
        "building": "public",
        "building:levels": "6",
        "government": "tax",
        "name": "Finanzamt München",
        "office": "government",
        "roof:levels": "0",
        "wheelchair": "yes"
      },
      "geometry": {
        "type": "Polygon",
        "coordinates": [
          [
            [
              11.5442358,
              48.1466892
            ],
            [
              11.543931,
              48.1460287
            ],
            [
              11.5445611,
              48.1458992
            ],
            [
              11.5445888,
              48.1459591
            ],
            [
              11.5448659,
              48.1465598
            ],
            [
              11.5444907,
              48.1466345
            ],
            [
              11.5442358,
              48.1466892
            ]
          ]
        ]
      },
      "id": "way/646051346"
    },
    {
      "type": "Feature",
      "properties": {
        "@id": "way/27572226",
        "building": "public",
        "building:levels": "1",
        "contact:website": "https://www.finanzamt.bayern/",
        "government": "tax",
        "name": "Finanzamt München Servicezentrum",
        "office": "government",
        "opening_hours": "Mo-We 07:30-16:00; Th 07:30-18:00; Fr 07:30-12:30",
        "roof:levels": "0"
      },
      "geometry": {
        "type": "Polygon",
        "coordinates": [
          [
            [
              11.5446525,
              48.1453659
            ],
            [
              11.5455412,
              48.1451807
            ],
            [
              11.54565,
              48.145413
            ],
            [
              11.5452875,
              48.1454891
            ],
            [
              11.5447631,
              48.1456032
            ],
            [
              11.5447262,
              48.1455216
            ],
            [
              11.5446525,
              48.1453659
            ]
          ]
        ]
      },
      "id": "way/27572226"
    },
    {
      "type": "Feature",
      "properties": {
        "@id": "way/183873316",
        "addr:city": "München",
        "addr:country": "DE",
        "addr:housenumber": "14",
        "addr:postcode": "80335",
        "addr:street": "Bayerstraße",
        "amenity": "police",
        "building": "yes",
        "fax": "+49 89 545829-128",
        "name": "Polizeiinspektion München 16 (Hauptbahnhof)",
        "phone": "+49 89 545829 0",
        "ref": "PI 16",
        "roof:shape": "hipped",
        "website": "https://www.polizei.bayern.de/wir-ueber-uns/organisation/dienststellen/0900811060000.html"
      },
      "geometry": {
        "type": "Polygon",
        "coordinates": [
          [
            [
              11.5553922,
              48.1394028
            ],
            [
              11.555371,
              48.1394023
            ],
            [
              11.5553693,
              48.1394351
            ],
            [
              11.5553687,
              48.1394484
            ],
            [
              11.5551458,
              48.1394434
            ],
            [
              11.5551466,
              48.1394275
            ],
            [
              11.5551473,
              48.1394134
            ],
            [
              11.5551481,
              48.1393993
            ],
            [
              11.5551482,
              48.1393973
            ],
            [
              11.5551203,
              48.1393967
            ],
            [
              11.5551267,
              48.1392718
            ],
            [
              11.5553728,
              48.1392774
            ],
            [
              11.5553985,
              48.1392779
            ],
            [
              11.5553922,
              48.1394028
            ]
          ]
        ]
      },
      "id": "way/183873316"
    },
    {
      "type": "Feature",
      "properties": {
        "@id": "way/264305953",
        "addr:city": "München",
        "addr:country": "DE",
        "addr:housenumber": "3",
        "addr:postcode": "80335",
        "addr:street": "Denisstraße",
        "amenity": "courthouse",
        "building": "yes",
        "building:levels": "7",
        "check_date": "2026-01-12",
        "fax": "+49 89 5597-3561",
        "name": "Landgericht München II",
        "phone": "+49 89 5597-0",
        "website": "https://www.justiz.bayern.de/",
        "wheelchair": "limited",
        "wikidata": "Q1802883"
      },
      "geometry": {
        "type": "Polygon",
        "coordinates": [
          [
            [
              11.5556983,
              48.1448516
            ],
            [
              11.5557368,
              48.1449057
            ],
            [
              11.5559558,
              48.1448365
            ],
            [
              11.5559278,
              48.1447794
            ],
            [
              11.5560834,
              48.1447301
            ],
            [
              11.5560965,
              48.1447258
            ],
            [
              11.5561888,
              48.1449173
            ],
            [
              11.5561238,
              48.1449324
            ],
            [
              11.5561159,
              48.1449225
            ],
            [
              11.5559695,
              48.144969
            ],
            [
              11.5559611,
              48.1449571
            ],
            [
              11.5559348,
              48.1449648
            ],
            [
              11.5559192,
              48.1449868
            ],
            [
              11.5559264,
              48.1450049
            ],
            [
              11.5559455,
              48.1450019
            ],
            [
              11.5559719,
              48.1450778
            ],
            [
              11.5559821,
              48.1451071
            ],
            [
              11.5559992,
              48.1451044
            ],
            [
              11.5560206,
              48.1451464
            ],
            [
              11.5558377,
              48.1452082
            ],
            [
              11.5558094,
              48.1452182
            ],
            [
              11.5557596,
              48.1451474
            ],
            [
              11.5557043,
              48.1450686
            ],
            [
              11.5556302,
              48.145092
            ],
            [
              11.5555642,
              48.1449983
            ],
            [
              11.5555038,
              48.1449131
            ],
            [
              11.5556983,
              48.1448516
            ]
          ]
        ]
      },
      "id": "way/264305953"
    },
    {
      "type": "Feature",
      "properties": {
        "@id": "way/321086356",
        "addr:city": "München",
        "addr:country": "DE",
        "addr:housenumber": "1a",
        "addr:postcode": "80335",
        "addr:street": "Arnulfstraße",
        "amenity": "police",
        "check_date": "2026-04-14",
        "email": "bpoli.muenchen@polizei.bund.de",
        "fax": "+49 89 515550 259",
        "indoor": "yes",
        "level": "0",
        "name": "Bundespolizeiinspektion München",
        "name:en": "Federal Police Munich",
        "operator": "Bundespolizei",
        "operator:short": "BPOL",
        "operator:wikidata": "Q56026",
        "operator:wikimedia_commons": "Category:Federal Police of Germany",
        "operator:wikipedia": "de:Bundespolizei (Deutschland)",
        "phone": "+49 89 515550 0",
        "short_name": "BPOLI München",
        "website": "https://www.bundespolizei.de/SharedDocs/Webs/Web/Organisationseinheiten/BPOLI/Muenchen.html?nn=5931928",
        "wheelchair": "yes"
      },
      "geometry": {
        "type": "Polygon",
        "coordinates": [
          [
            [
              11.5583265,
              48.1410625
            ],
            [
              11.5585953,
              48.1410431
            ],
            [
              11.5586012,
              48.1410816
            ],
            [
              11.558332,
              48.1411003
            ],
            [
              11.5583265,
              48.1410625
            ]
          ]
        ]
      },
      "id": "way/321086356"
    },
    {
      "type": "Feature",
      "properties": {
        "@id": "way/8056619",
        "addr:city": "München",
        "addr:country": "DE",
        "addr:housenumber": "48",
        "addr:postcode": "80337",
        "addr:street": "Thalkirchner Straße",
        "amenity": "hospital",
        "barrier": "wall",
        "emergency": "no",
        "fax": "+49 89 51476403",
        "healthcare": "hospital",
        "healthcare:speciality": "dermatology;allergology",
        "name": "München Klinik Thalkirchner Straße",
        "operator": "Städtisches Klinikum München GmbH",
        "phone": "+49 89 1476011",
        "website": "https://www.muenchen-klinik.de/krankenhaus/thalkirchner-strasse/",
        "wheelchair": "limited",
        "wikidata": "Q1687174"
      },
      "geometry": {
        "type": "Polygon",
        "coordinates": [
          [
            [
              11.5633309,
              48.1283662
            ],
            [
              11.5642057,
              48.1281771
            ],
            [
              11.5644192,
              48.1284615
            ],
            [
              11.5643562,
              48.1285959
            ],
            [
              11.5644286,
              48.128702
            ],
            [
              11.5644976,
              48.128803
            ],
            [
              11.564669,
              48.1288108
            ],
            [
              11.5649298,
              48.1291783
            ],
            [
              11.5651809,
              48.1295269
            ],
            [
              11.5650137,
              48.1295735
            ],
            [
              11.5642122,
              48.1297901
            ],
            [
              11.5640269,
              48.1294873
            ],
            [
              11.5639966,
              48.1294408
            ],
            [
              11.5636425,
              48.128939
            ],
            [
              11.5636088,
              48.1288781
            ],
            [
              11.5635279,
              48.128736
            ],
            [
              11.5633875,
              48.12848
            ],
            [
              11.5633309,
              48.1283662
            ]
          ]
        ]
      },
      "id": "way/8056619"
    },
    {
      "type": "Feature",
      "properties": {
        "@id": "way/30600740",
        "addr:city": "München",
        "addr:country": "DE",
        "addr:housenumber": "6",
        "addr:postcode": "80333",
        "addr:street": "Katharina-von-Bora-Straße",
        "building": "yes",
        "building:levels": "4",
        "building:material": "plaster",
        "government": "tax",
        "height": "20",
        "name": "Bayrisches Landesamt für Steuern",
        "office": "government",
        "roof:levels": "1",
        "website": "https://www.lfst.bayern.de/ueber-uns/kontakt/dienststelle-muenchen",
        "wheelchair": "yes"
      },
      "geometry": {
        "type": "Polygon",
        "coordinates": [
          [
            [
              11.5658634,
              48.1440319
            ],
            [
              11.5657962,
              48.1439265
            ],
            [
              11.565582,
              48.1436017
            ],
            [
              11.5655021,
              48.1434805
            ],
            [
              11.5659516,
              48.1433421
            ],
            [
              11.566036,
              48.1434634
            ],
            [
              11.5657458,
              48.143553
            ],
            [
              11.5659457,
              48.1438581
            ],
            [
              11.5662282,
              48.1437751
            ],
            [
              11.5663102,
              48.1439079
            ],
            [
              11.5658634,
              48.1440319
            ]
          ]
        ]
      },
      "id": "way/30600740"
    },
    {
      "type": "Feature",
      "properties": {
        "@id": "way/26558561",
        "addr:city": "München",
        "addr:country": "DE",
        "addr:housenumber": "7",
        "addr:postcode": "80333",
        "addr:street": "Lenbachplatz",
        "amenity": "courthouse",
        "architect": "Theo Pabst, Sep Ruf",
        "architect:wikidata": "Q1278646;Q101791",
        "building": "yes",
        "building:levels": "7",
        "description": "Zivilverfahren",
        "loc_name": "Lenbachblock",
        "name": "Landgericht München I",
        "opening_hours:signed": "no",
        "roof:colour": "grey",
        "roof:shape": "flat",
        "source": "knowledge",
        "start_date": "1954 - 1957"
      },
      "geometry": {
        "type": "Polygon",
        "coordinates": [
          [
            [
              11.5687767,
              48.1407078
            ],
            [
              11.5687352,
              48.1405928
            ],
            [
              11.5686938,
              48.1404802
            ],
            [
              11.5691582,
              48.140405
            ],
            [
              11.5692172,
              48.1405655
            ],
            [
              11.569241,
              48.1406326
            ],
            [
              11.5687767,
              48.1407078
            ]
          ]
        ]
      },
      "id": "way/26558561"
    },
    {
      "type": "Feature",
      "properties": {
        "@id": "way/91010425",
        "addr:city": "München",
        "addr:postcode": "80333",
        "addr:street": "Maxburgstraße",
        "amenity": "courthouse",
        "architect": "Theo Pabst, Sep Ruf",
        "architect:wikidata": "Q1278646;Q101791",
        "building": "yes",
        "building:architecture": "modern",
        "building:levels": "4",
        "image": "https://de.wikipedia.org/wiki/Datei:Maxburgstr_Munchen-01.jpg",
        "loc_name": "Maxburgblock",
        "name": "Justizgebäude Maxburgstraße, Nachlassgericht",
        "opening_hours:signed": "no",
        "roof:colour": "#BBBBBB",
        "roof:shape": "flat",
        "start_date": "1954 - 1957",
        "wheelchair": "yes"
      },
      "geometry": {
        "type": "Polygon",
        "coordinates": [
          [
            [
              11.5688163,
              48.1401204
            ],
            [
              11.5692061,
              48.1400556
            ],
            [
              11.5702206,
              48.1398868
            ],
            [
              11.5703556,
              48.140248
            ],
            [
              11.5701405,
              48.1402838
            ],
            [
              11.5700451,
              48.1400286
            ],
            [
              11.5692156,
              48.1401666
            ],
            [
              11.5689881,
              48.1402045
            ],
            [
              11.5688559,
              48.1402264
            ],
            [
              11.5688163,
              48.1401204
            ]
          ]
        ]
      },
      "id": "way/91010425"
    },
    {
      "type": "Feature",
      "properties": {
        "@id": "way/389764678",
        "addr:city": "München",
        "addr:country": "DE",
        "addr:housenumber": "4",
        "addr:postcode": "80333",
        "addr:street": "Max-Joseph-Straße",
        "contact:email": "info@hwk-muenchen.de",
        "contact:fax": "+49 895119295",
        "contact:phone": "+49 89 5119-0",
        "contact:website": "https://www.hwk-muenchen.de/",
        "int_name": "Chamber of Crafts for Munich and Upper Bavaria",
        "name": "Handwerkskammer für München und Oberbayern",
        "office": "government",
        "opening_hours": "Mo-Th 08:00-16:00; Fr 08:00-13:00"
      },
      "geometry": {
        "type": "Polygon",
        "coordinates": [
          [
            [
              11.5711053,
              48.1430756
            ],
            [
              11.5711885,
              48.1431028
            ],
            [
              11.5708598,
              48.1435494
            ],
            [
              11.5711358,
              48.1436313
            ],
            [
              11.5711113,
              48.1436699
            ],
            [
              11.5710759,
              48.1437203
            ],
            [
              11.5710568,
              48.1437474
            ],
            [
              11.5709869,
              48.1437253
            ],
            [
              11.5705128,
              48.1435758
            ],
            [
              11.5706224,
              48.1434201
            ],
            [
              11.5703103,
              48.1433216
            ],
            [
              11.5704857,
              48.1430727
            ],
            [
              11.5705244,
              48.1430849
            ],
            [
              11.5705539,
              48.143043
            ],
            [
              11.5705399,
              48.1430386
            ],
            [
              11.5706214,
              48.1429229
            ],
            [
              11.5711053,
              48.1430756
            ]
          ]
        ]
      },
      "id": "way/389764678"
    },
    {
      "type": "Feature",
      "properties": {
        "@id": "way/27923953",
        "addr:city": "München",
        "addr:country": "DE",
        "addr:housenumber": "39",
        "addr:postcode": "80538",
        "addr:street": "Maximilianstraße",
        "architect": "Georg Friedrich Christian Bürklein",
        "architect:wikidata": "Q70722",
        "building": "public",
        "building:architecture": "maximilian_style",
        "building:levels": "7",
        "check_date": "2025-10-26",
        "check_date:opening_hours": "2023-02-24",
        "contact:fax": "+49 89 2176-2914",
        "contact:phone": "+49 89 2176-0",
        "contact:website": "https://www.regierung.oberbayern.bayern.de/",
        "government": "administrative",
        "heritage": "4",
        "heritage:operator": "BLfD",
        "name": "Regierung von Oberbayern",
        "office": "government",
        "opening_hours": "Mo-Fr 07:30-19:00; PH,Sa,Su off",
        "ref:BLfD": "D-1-62-000-4452",
        "roof:shape": "flat",
        "start_date": "1864",
        "wheelchair": "yes",
        "wikidata": "Q1559177",
        "wikipedia": "de:Regierung von Oberbayern (Gebäude)"
      },
      "geometry": {
        "type": "Polygon",
        "coordinates": [
          [
            [
              11.5865619,
              48.1382489
            ],
            [
              11.5865772,
              48.1382857
            ],
            [
              11.58661,
              48.1383649
            ],
            [
              11.5866404,
              48.1384396
            ],
            [
              11.586552,
              48.1384558
            ],
            [
              11.5865405,
              48.1384278
            ],
            [
              11.586451,
              48.1384442
            ],
            [
              11.5861431,
              48.1385003
            ],
            [
              11.5861623,
              48.1385474
            ],
            [
              11.5861152,
              48.138556
            ],
            [
              11.5859336,
              48.1385889
            ],
            [
              11.5858915,
              48.1385966
            ],
            [
              11.5858749,
              48.1385559
            ],
            [
              11.5854782,
              48.1386282
            ],
            [
              11.5854927,
              48.1386634
            ],
            [
              11.5853956,
              48.1386812
            ],
            [
              11.5853673,
              48.1386121
            ],
            [
              11.5853318,
              48.1385256
            ],
            [
              11.585316,
              48.1384871
            ],
            [
              11.5853421,
              48.1384707
            ],
            [
              11.5853807,
              48.1384651
            ],
            [
              11.585412,
              48.1384744
            ],
            [
              11.5858085,
              48.138393
            ],
            [
              11.5858036,
              48.138381
            ],
            [
              11.5859316,
              48.1383578
            ],
            [
              11.5860744,
              48.1383318
            ],
            [
              11.586078,
              48.1383406
            ],
            [
              11.5864739,
              48.1382668
            ],
            [
              11.5864907,
              48.1382458
            ],
            [
              11.5865319,
              48.1382383
            ],
            [
              11.5865619,
              48.1382489
            ]
          ]
        ]
      },
      "id": "way/27923953"
    },
    {
      "type": "Feature",
      "properties": {
        "@id": "way/27445058",
        "addr:city": "München",
        "addr:country": "DE",
        "addr:housenumber": "3",
        "addr:postcode": "80539",
        "addr:street": "Odeonsplatz",
        "addr:suburb": "Maxvorstadt",
        "architect": "Leo von Klenze, Josef Wiedemann",
        "architect:wikidata": "Q60163;Q1706036",
        "building": "office",
        "building:architecture": "classicism",
        "building:levels": "3",
        "height": "15",
        "heritage": "4",
        "heritage:operator": "BLfD",
        "historic": "building",
        "name": "Bayerisches Staatsministerium des Innern, für Sport und Integration",
        "office": "government",
        "old_name": "Odeon",
        "ref:BLfD": "D-1-62-000-4928",
        "start_date": "1826-28, 1951/52",
        "wheelchair": "limited",
        "wikidata": "Q587157",
        "wikimedia_commons": "Category:Odeon, Munich",
        "wikipedia": "de:Odeon (München)"
      },
      "geometry": {
        "type": "Polygon",
        "coordinates": [
          [
            [
              11.5768665,
              48.1431905
            ],
            [
              11.5770535,
              48.1431506
            ],
            [
              11.5770987,
              48.143236
            ],
            [
              11.5771804,
              48.1434152
            ],
            [
              11.5772971,
              48.1436411
            ],
            [
              11.576762,
              48.1437575
            ],
            [
              11.5767058,
              48.1436403
            ],
            [
              11.5765623,
              48.1433409
            ],
            [
              11.5769037,
              48.1432681
            ],
            [
              11.5768665,
              48.1431905
            ]
          ]
        ]
      },
      "id": "way/27445058"
    },
    {
      "type": "Feature",
      "properties": {
        "@id": "way/124911353",
        "addr:city": "München",
        "addr:housenumber": "1",
        "addr:postcode": "80539",
        "addr:street": "Franz-Josef-Strauß-Ring",
        "building": "public",
        "description": "Mittelteil des ehemaligen Bayerisches Armeemuseum (Torso nach Kriegszerstörung), 1900–1905 von Ludwig von Mellinger, Neurenaissance, mit Portikus im Westen und mit Kuppel (einbezogen in den Neubau der Bayerischen Staatskanzlei von 1990 bis 1993)",
        "government": "government",
        "heritage": "4",
        "heritage:operator": "BLfD",
        "name": "Bayerische Staatskanzlei",
        "name:en": "Bavarian State Chancellery",
        "name:ru": "Баварская гос.канцелярия",
        "note": "Denkmalschutz nur Altbau, Öffentliches Gebäude hat nur offiziellen Namen",
        "office": "government",
        "ref:BLfD": "D-1-62-000-2732",
        "surveillance": "yes",
        "tourism": "attraction",
        "website": "https://www.bayern.de/staatskanzlei/staatskanzlei/",
        "wikidata": "Q812286",
        "wikimedia_commons": "Category:Bayerische Staatskanzlei (building)",
        "wikipedia": "de:Bayerische Staatskanzlei"
      },
      "geometry": {
        "type": "Polygon",
        "coordinates": [
          [
            [
              11.5825685,
              48.1425082
            ],
            [
              11.5824399,
              48.1422459
            ],
            [
              11.5825088,
              48.1422308
            ],
            [
              11.5822333,
              48.141669
            ],
            [
              11.5822148,
              48.1416731
            ],
            [
              11.5821684,
              48.1415786
            ],
            [
              11.5825483,
              48.1414957
            ],
            [
              11.5825946,
              48.1415901
            ],
            [
              11.5825782,
              48.1415937
            ],
            [
              11.5828355,
              48.1421185
            ],
            [
              11.5828537,
              48.1421555
            ],
            [
              11.5828701,
              48.1421519
            ],
            [
              11.5829987,
              48.1424142
            ],
            [
              11.5829824,
              48.1424178
            ],
            [
              11.5831079,
              48.1426737
            ],
            [
              11.5832828,
              48.1430304
            ],
            [
              11.5832991,
              48.1430268
            ],
            [
              11.5833259,
              48.1430884
            ],
            [
              11.5833398,
              48.1431206
            ],
            [
              11.5829628,
              48.1431984
            ],
            [
              11.5829533,
              48.143179
            ],
            [
              11.5829479,
              48.1431657
            ],
            [
              11.5829364,
              48.1431422
            ],
            [
              11.5829193,
              48.1431097
            ],
            [
              11.5829378,
              48.1431057
            ],
            [
              11.5826374,
              48.1424931
            ],
            [
              11.5825685,
              48.1425082
            ]
          ]
        ]
      },
      "id": "way/124911353"
    },
    {
      "type": "Feature",
      "properties": {
        "@id": "way/251952069",
        "amenity": "police",
        "building": "container",
        "building:levels": "0",
        "check_date": "2025-09-16",
        "name:signed": "no",
        "roof:shape": "flat"
      },
      "geometry": {
        "type": "Polygon",
        "coordinates": [
          [
            [
              11.584063,
              48.1453567
            ],
            [
              11.5840568,
              48.1453366
            ],
            [
              11.5841153,
              48.1453285
            ],
            [
              11.5841216,
              48.1453486
            ],
            [
              11.584063,
              48.1453567
            ]
          ]
        ]
      },
      "id": "way/251952069"
    },
    {
      "type": "Feature",
      "properties": {
        "@id": "way/1158371941",
        "building": "yes",
        "government": "ministry",
        "office": "government"
      },
      "geometry": {
        "type": "Polygon",
        "coordinates": [
          [
            [
              11.5845329,
              48.143444
            ],
            [
              11.5846293,
              48.1434247
            ],
            [
              11.5846749,
              48.1434156
            ],
            [
              11.5852572,
              48.1432989
            ],
            [
              11.5852444,
              48.1432706
            ],
            [
              11.5851864,
              48.1431416
            ],
            [
              11.5851727,
              48.1431112
            ],
            [
              11.5851637,
              48.1430912
            ],
            [
              11.5853589,
              48.143052
            ],
            [
              11.5854397,
              48.1432314
            ],
            [
              11.5854524,
              48.1432597
            ],
            [
              11.5855134,
              48.1433951
            ],
            [
              11.5845938,
              48.1435794
            ],
            [
              11.5845329,
              48.143444
            ]
          ]
        ]
      },
      "id": "way/1158371941"
    },
    {
      "type": "Feature",
      "properties": {
        "@id": "way/1423630775",
        "amenity": "hospital",
        "beds": "70",
        "email": "info@josephinum.de",
        "healthcare": "hospital",
        "healthcare:speciality": "surgery;orthopaedics;internal;otolaryngology;anaesthetics",
        "name": "Josephinum",
        "opening_hours:visitors": "14:00-18:00",
        "operator": "Klinik Josephinum gemeinnützige AG",
        "operator:type": "private_non_profit",
        "phone": "+49 89 23688-0",
        "website": "https://www.josephinum.de",
        "wikidata": "Q18018035"
      },
      "geometry": {
        "type": "Polygon",
        "coordinates": [
          [
            [
              11.5810912,
              48.145765
            ],
            [
              11.5810873,
              48.1457481
            ],
            [
              11.5810754,
              48.1457051
            ],
            [
              11.5810629,
              48.14566
            ],
            [
              11.5810583,
              48.1456432
            ],
            [
              11.5810369,
              48.145566
            ],
            [
              11.5810031,
              48.1454437
            ],
            [
              11.580985,
              48.145375
            ],
            [
              11.5812234,
              48.1453352
            ],
            [
              11.5813001,
              48.1453225
            ],
            [
              11.5813145,
              48.1453202
            ],
            [
              11.5813163,
              48.1453257
            ],
            [
              11.5813288,
              48.145324
            ],
            [
              11.581481,
              48.1453029
            ],
            [
              11.581651,
              48.1452807
            ],
            [
              11.5816866,
              48.1453878
            ],
            [
              11.5817173,
              48.1454888
            ],
            [
              11.5817709,
              48.1456823
            ],
            [
              11.5814508,
              48.1457217
            ],
            [
              11.5813589,
              48.1457331
            ],
            [
              11.5810912,
              48.145765
            ]
          ]
        ]
      },
      "id": "way/1423630775"
    },
    {
      "type": "Feature",
      "properties": {
        "@id": "way/355775564",
        "addr:city": "München",
        "addr:country": "DE",
        "addr:housenumber": "47",
        "addr:postcode": "81541",
        "addr:street": "Sankt-Martin-Straße",
        "building": "yes",
        "contact:fax": "+49 89 21193410",
        "contact:phone": "+49 89 21190",
        "name": "Bayerisches Landesamt für Statistik, Dienststelle München",
        "office": "government",
        "website": "https://www.statistik.bayern.de/"
      },
      "geometry": {
        "type": "Polygon",
        "coordinates": [
          [
            [
              11.5975503,
              48.1192763
            ],
            [
              11.5977585,
              48.1193239
            ],
            [
              11.5976227,
              48.1195938
            ],
            [
              11.5980274,
              48.1196846
            ],
            [
              11.5982176,
              48.1193066
            ],
            [
              11.5984121,
              48.1193502
            ],
            [
              11.5981635,
              48.1198442
            ],
            [
              11.5973557,
              48.119663
            ],
            [
              11.5975503,
              48.1192763
            ]
          ]
        ]
      },
      "id": "way/355775564"
    },
    {
      "type": "Feature",
      "properties": {
        "@id": "way/37805971",
        "addr:city": "München",
        "addr:country": "DE",
        "addr:housenumber": "47",
        "addr:postcode": "81541",
        "addr:street": "Sankt-Martin-Straße",
        "building": "public",
        "building:colour": "white",
        "government": "cadaster",
        "name": "Landesamt für Digitalisierung, Breitband und Vermessung",
        "office": "government",
        "roof:shape": "flat",
        "website": "https://www.ldbv.bayern.de/"
      },
      "geometry": {
        "type": "Polygon",
        "coordinates": [
          [
            [
              11.5972727,
              48.1192073
            ],
            [
              11.5970817,
              48.1195946
            ],
            [
              11.5963549,
              48.1194321
            ],
            [
              11.5961864,
              48.1188322
            ],
            [
              11.5964146,
              48.1188859
            ],
            [
              11.5965408,
              48.1193362
            ],
            [
              11.5969622,
              48.1194296
            ],
            [
              11.5970938,
              48.1191682
            ],
            [
              11.5972727,
              48.1192073
            ]
          ]
        ]
      },
      "id": "way/37805971"
    },
    {
      "type": "Feature",
      "properties": {
        "@id": "way/1280976151",
        "military": "obstacle_course"
      },
      "geometry": {
        "type": "Polygon",
        "coordinates": [
          [
            [
              11.6052139,
              48.1184118
            ],
            [
              11.6052674,
              48.1184419
            ],
            [
              11.605062,
              48.1185766
            ],
            [
              11.6048722,
              48.1186333
            ],
            [
              11.6046601,
              48.1186483
            ],
            [
              11.6044362,
              48.1185955
            ],
            [
              11.6042646,
              48.1185093
            ],
            [
              11.6041636,
              48.118424
            ],
            [
              11.6041206,
              48.1183815
            ],
            [
              11.6040818,
              48.1183327
            ],
            [
              11.6040796,
              48.1182428
            ],
            [
              11.6041295,
              48.1180868
            ],
            [
              11.6042548,
              48.1178284
            ],
            [
              11.6043254,
              48.1176757
            ],
            [
              11.6043997,
              48.1175067
            ],
            [
              11.6044995,
              48.1173417
            ],
            [
              11.6046187,
              48.1171061
            ],
            [
              11.6047222,
              48.1171264
            ],
            [
              11.6045871,
              48.1173621
            ],
            [
              11.6044849,
              48.1175238
            ],
            [
              11.604211,
              48.1181023
            ],
            [
              11.6041599,
              48.1182493
            ],
            [
              11.604166,
              48.1183233
            ],
            [
              11.6042354,
              48.118398
            ],
            [
              11.6043254,
              48.1184679
            ],
            [
              11.6044824,
              48.1185524
            ],
            [
              11.6046711,
              48.1185947
            ],
            [
              11.6048517,
              48.1185883
            ],
            [
              11.6050252,
              48.1185378
            ],
            [
              11.6052139,
              48.1184118
            ]
          ]
        ]
      },
      "id": "way/1280976151"
    },
    {
      "type": "Feature",
      "properties": {
        "@id": "way/69564042",
        "addr:city": "München",
        "addr:housenumber": "44",
        "addr:postcode": "81737",
        "addr:street": "Schmidbauerstraße",
        "amenity": "hospital",
        "beds": "150",
        "email": "info.muenchen-perlach@helios-kliniken.de",
        "emergency": "yes",
        "fax": "+49 89 67802-449",
        "healthcare": "hospital",
        "healthcare:speciality": "internal;gastroenterology;geriatrics;surgery;trauma;anaesthetics;intensive;radiology",
        "name": "Helios Klinik München Perlach",
        "name:en": "Helios Hospital München Perlach",
        "operator": "Helios Kliniken GmbH",
        "operator:type": "private",
        "operator:wikidata": "Q1254151",
        "operator:wikipedia": "de:Helios Kliniken",
        "phone": "+49 89 67802-1",
        "toilets:wheelchair": "yes",
        "website": "https://www.helios-gesundheit.de/standorte-angebote/kliniken/muenchen-perlach/",
        "wheelchair": "yes",
        "wikidata": "Q1774642"
      },
      "geometry": {
        "type": "Polygon",
        "coordinates": [
          [
            [
              11.6295521,
              48.1029388
            ],
            [
              11.6287324,
              48.1028368
            ],
            [
              11.6286808,
              48.1027722
            ],
            [
              11.6285915,
              48.1025999
            ],
            [
              11.6282436,
              48.1025583
            ],
            [
              11.6283136,
              48.1023147
            ],
            [
              11.6286481,
              48.1016305
            ],
            [
              11.6287285,
              48.1016139
            ],
            [
              11.6290462,
              48.101544
            ],
            [
              11.6290177,
              48.1014435
            ],
            [
              11.6290063,
              48.1013971
            ],
            [
              11.6290429,
              48.1012531
            ],
            [
              11.62925,
              48.1012543
            ],
            [
              11.629291,
              48.1012839
            ],
            [
              11.6293199,
              48.1012869
            ],
            [
              11.6294889,
              48.1012763
            ],
            [
              11.6296483,
              48.101362
            ],
            [
              11.6298015,
              48.1014006
            ],
            [
              11.6299334,
              48.1014124
            ],
            [
              11.6303756,
              48.1014464
            ],
            [
              11.6303724,
              48.1014577
            ],
            [
              11.6303356,
              48.1016444
            ],
            [
              11.6302968,
              48.1018781
            ],
            [
              11.630276,
              48.1019615
            ],
            [
              11.6302487,
              48.1020702
            ],
            [
              11.629987,
              48.1020424
            ],
            [
              11.629895,
              48.102303
            ],
            [
              11.6297374,
              48.1022839
            ],
            [
              11.6295521,
              48.1029388
            ]
          ]
        ]
      },
      "id": "way/69564042"
    },
    {
      "type": "Feature",
      "properties": {
        "@id": "way/660353277",
        "aeroway": "helipad"
      },
      "geometry": {
        "type": "Polygon",
        "coordinates": [
          [
            [
              11.6288631,
              48.10218
            ],
            [
              11.6288234,
              48.1021774
            ],
            [
              11.6287889,
              48.1021643
            ],
            [
              11.6287652,
              48.1021427
            ],
            [
              11.6287568,
              48.1021168
            ],
            [
              11.6287648,
              48.1020907
            ],
            [
              11.6287881,
              48.1020692
            ],
            [
              11.6288225,
              48.1020556
            ],
            [
              11.6288621,
              48.1020529
            ],
            [
              11.6288999,
              48.1020609
            ],
            [
              11.6289297,
              48.1020786
            ],
            [
              11.628946,
              48.1021027
            ],
            [
              11.6289462,
              48.1021294
            ],
            [
              11.6289303,
              48.1021537
            ],
            [
              11.6289009,
              48.1021715
            ],
            [
              11.6288631,
              48.10218
            ]
          ]
        ]
      },
      "id": "way/660353277"
    },
    {
      "type": "Feature",
      "properties": {
        "@id": "way/87949885",
        "addr:city": "München",
        "addr:country": "DE",
        "addr:housenumber": "4",
        "addr:postcode": "81671",
        "addr:street": "Bad-Schachener-Straße",
        "amenity": "police",
        "name": "Verkehrspolizeiinspektion München Verkehrsüberwachung"
      },
      "geometry": {
        "type": "Polygon",
        "coordinates": [
          [
            [
              11.6134581,
              48.1199389
            ],
            [
              11.6134608,
              48.1199321
            ],
            [
              11.6134703,
              48.1199087
            ],
            [
              11.6134788,
              48.1198877
            ],
            [
              11.6134837,
              48.1198755
            ],
            [
              11.6134742,
              48.1198735
            ],
            [
              11.6136061,
              48.1195816
            ],
            [
              11.6136323,
              48.1195228
            ],
            [
              11.613876,
              48.1195711
            ],
            [
              11.6140617,
              48.1196079
            ],
            [
              11.6144498,
              48.1196198
            ],
            [
              11.6144978,
              48.1196456
            ],
            [
              11.6145309,
              48.119644
            ],
            [
              11.6145687,
              48.1196421
            ],
            [
              11.6146017,
              48.1196405
            ],
            [
              11.6146142,
              48.1195925
            ],
            [
              11.6149105,
              48.1195683
            ],
            [
              11.6149811,
              48.1195586
            ],
            [
              11.6151109,
              48.1204419
            ],
            [
              11.6151224,
              48.1205191
            ],
            [
              11.6141603,
              48.1205824
            ],
            [
              11.6141485,
              48.1205051
            ],
            [
              11.6140961,
              48.1205087
            ],
            [
              11.6140896,
              48.120466
            ],
            [
              11.6140788,
              48.1203947
            ],
            [
              11.6140749,
              48.1203691
            ],
            [
              11.6140705,
              48.1203399
            ],
            [
              11.6140664,
              48.1203149
            ],
            [
              11.6137984,
              48.1203365
            ],
            [
              11.6137853,
              48.1203221
            ],
            [
              11.613801,
              48.1200113
            ],
            [
              11.6134581,
              48.1199389
            ]
          ]
        ]
      },
      "id": "way/87949885"
    },
    {
      "type": "Feature",
      "properties": {
        "@id": "way/349435519",
        "check_date:opening_hours": "2024-10-06",
        "government": "social_services",
        "indoor": "room",
        "layer": "-1",
        "level": "-1",
        "name": "Sozialbürgerhaus Orleansplatz",
        "office": "government",
        "opening_hours": "Mo-Fr 08:00-12:00",
        "operator": "Sozialreferat",
        "website": "https://stadt.muenchen.de/infos/sbh-orl.html",
        "wheelchair": "yes"
      },
      "geometry": {
        "type": "Polygon",
        "coordinates": [
          [
            [
              11.6044118,
              48.1276121
            ],
            [
              11.6045329,
              48.1276914
            ],
            [
              11.6044687,
              48.1277352
            ],
            [
              11.6043476,
              48.1276562
            ],
            [
              11.6044118,
              48.1276121
            ]
          ]
        ]
      },
      "id": "way/349435519"
    },
    {
      "type": "Feature",
      "properties": {
        "@id": "way/27938538",
        "addr:city": "München",
        "addr:country": "DE",
        "addr:housenumber": "3",
        "addr:postcode": "80538",
        "addr:street": "Sternstraße",
        "building": "yes",
        "name": "Versicherungskammer Bayern",
        "office": "government"
      },
      "geometry": {
        "type": "Polygon",
        "coordinates": [
          [
            [
              11.5896719,
              48.138937
            ],
            [
              11.5895311,
              48.1388073
            ],
            [
              11.5898072,
              48.1386737
            ],
            [
              11.5894788,
              48.1383714
            ],
            [
              11.5893494,
              48.138434
            ],
            [
              11.5892799,
              48.1384676
            ],
            [
              11.5892585,
              48.138448
            ],
            [
              11.5891343,
              48.1383336
            ],
            [
              11.5892427,
              48.1382811
            ],
            [
              11.5894233,
              48.1381937
            ],
            [
              11.5895265,
              48.1381439
            ],
            [
              11.58954,
              48.1381564
            ],
            [
              11.589588,
              48.1382005
            ],
            [
              11.5901413,
              48.13871
            ],
            [
              11.5900835,
              48.138738
            ],
            [
              11.5897149,
              48.1389162
            ],
            [
              11.5896719,
              48.138937
            ]
          ]
        ]
      },
      "id": "way/27938538"
    },
    {
      "type": "Feature",
      "properties": {
        "@id": "way/23684048",
        "addr:city": "München",
        "addr:country": "DE",
        "addr:housenumber": "22",
        "addr:street": "Ismaninger Straße",
        "amenity": "hospital",
        "beds": "1161",
        "emergency": "yes",
        "healthcare": "hospital",
        "name": "Klinikum rechts der Isar",
        "name:en": "Rechts der Isar Hospital",
        "name:zh": "议会大厦",
        "operator": "Technische Universität München",
        "phone": "+49 89 4140-0",
        "start_date": "1834",
        "toilets:wheelchair": "yes",
        "website": "https://www.mri.tum.de/",
        "wheelchair": "yes",
        "wikidata": "Q883813",
        "wikipedia": "de:Klinikum rechts der Isar"
      },
      "geometry": {
        "type": "Polygon",
        "coordinates": [
          [
            [
              11.6004638,
              48.1397205
            ],
            [
              11.599955,
              48.1398565
            ],
            [
              11.599777,
              48.1399076
            ],
            [
              11.5997492,
              48.1399157
            ],
            [
              11.5994733,
              48.139341
            ],
            [
              11.5987685,
              48.137874
            ],
            [
              11.5985172,
              48.1372997
            ],
            [
              11.598767,
              48.1372383
            ],
            [
              11.5988059,
              48.1372101
            ],
            [
              11.5988273,
              48.1371784
            ],
            [
              11.598836,
              48.1371488
            ],
            [
              11.598838,
              48.1371198
            ],
            [
              11.5988209,
              48.13706
            ],
            [
              11.5987932,
              48.137009
            ],
            [
              11.5987814,
              48.1369879
            ],
            [
              11.5987312,
              48.1368948
            ],
            [
              11.5985034,
              48.1364839
            ],
            [
              11.5989971,
              48.1363679
            ],
            [
              11.5990217,
              48.1361443
            ],
            [
              11.5990332,
              48.13604
            ],
            [
              11.5990346,
              48.1358458
            ],
            [
              11.5995052,
              48.1358439
            ],
            [
              11.5995066,
              48.1358117
            ],
            [
              11.6001704,
              48.1358171
            ],
            [
              11.6002723,
              48.1358394
            ],
            [
              11.6008061,
              48.1358672
            ],
            [
              11.6008665,
              48.1358887
            ],
            [
              11.6022411,
              48.1359728
            ],
            [
              11.6028469,
              48.1359679
            ],
            [
              11.6032786,
              48.1359704
            ],
            [
              11.6032765,
              48.1362079
            ],
            [
              11.6036077,
              48.1364709
            ],
            [
              11.6038601,
              48.1372885
            ],
            [
              11.6044663,
              48.1374187
            ],
            [
              11.6045825,
              48.1378034
            ],
            [
              11.6029254,
              48.1382089
            ],
            [
              11.6023141,
              48.1381944
            ],
            [
              11.6023056,
              48.1384601
            ],
            [
              11.6020554,
              48.1384606
            ],
            [
              11.6020511,
              48.13868
            ],
            [
              11.6016626,
              48.1386846
            ],
            [
              11.6015376,
              48.1391206
            ],
            [
              11.6011479,
              48.139068
            ],
            [
              11.6002757,
              48.1393266
            ],
            [
              11.6002919,
              48.1393607
            ],
            [
              11.6004313,
              48.1396549
            ],
            [
              11.6004459,
              48.1396856
            ],
            [
              11.6004638,
              48.1397205
            ]
          ]
        ]
      },
      "id": "way/23684048"
    },
    {
      "type": "Feature",
      "properties": {
        "@id": "way/27959436",
        "addr:city": "München",
        "addr:country": "DE",
        "addr:housenumber": "5",
        "addr:postcode": "80538",
        "addr:street": "Prinzregentenstraße",
        "building": "public",
        "building:levels": "4",
        "contact:phone": "+49 89 216380",
        "contact:website": "https://www.ldbv.bayern.de/",
        "government": "cadaster",
        "name": "Amt für Digitalisierung, Breitband und Vermessung München",
        "office": "government",
        "opening_hours": "Mo-Th 08:00-16:00; Fr 08:00-12:00",
        "wheelchair": "limited"
      },
      "geometry": {
        "type": "Polygon",
        "coordinates": [
          [
            [
              11.5924885,
              48.1426812
            ],
            [
              11.5923569,
              48.1424529
            ],
            [
              11.5924199,
              48.1424401
            ],
            [
              11.5927574,
              48.1423716
            ],
            [
              11.5928178,
              48.1425036
            ],
            [
              11.5926076,
              48.1425452
            ],
            [
              11.592624,
              48.1425732
            ],
            [
              11.5926425,
              48.1425683
            ],
            [
              11.5926762,
              48.1426305
            ],
            [
              11.5924885,
              48.1426812
            ]
          ]
        ]
      },
      "id": "way/27959436"
    },
    {
      "type": "Feature",
      "properties": {
        "@id": "way/112444427",
        "aeroway": "helipad",
        "lit": "yes",
        "operator": "Klinikum rechts der Isar der TUM",
        "ref": "DE-0471",
        "surface": "concrete"
      },
      "geometry": {
        "type": "Polygon",
        "coordinates": [
          [
            [
              11.6007802,
              48.1359155
            ],
            [
              11.6008712,
              48.1360817
            ],
            [
              11.6006173,
              48.1361435
            ],
            [
              11.6005264,
              48.1359774
            ],
            [
              11.6007802,
              48.1359155
            ]
          ]
        ]
      },
      "id": "way/112444427"
    },
    {
      "type": "Feature",
      "properties": {
        "@id": "way/94632582",
        "building": "yes",
        "height": "20",
        "location": "overground",
        "military": "bunker",
        "name": "Kunstbunker Tumulka",
        "roof:colour": "grey",
        "roof:shape": "flat",
        "wikimedia_commons": "Category:Kunstbunker Tumulka"
      },
      "geometry": {
        "type": "Polygon",
        "coordinates": [
          [
            [
              11.6094023,
              48.1389538
            ],
            [
              11.6093671,
              48.1388482
            ],
            [
              11.6095245,
              48.1388248
            ],
            [
              11.6095597,
              48.1389304
            ],
            [
              11.6094023,
              48.1389538
            ]
          ]
        ]
      },
      "id": "way/94632582"
    },
    {
      "type": "Feature",
      "properties": {
        "@id": "way/121772897",
        "building": "yes",
        "height": "20",
        "location": "overground",
        "military": "bunker",
        "wikimedia_commons": "File:Brucknerstr Muenchen-01.JPG"
      },
      "geometry": {
        "type": "Polygon",
        "coordinates": [
          [
            [
              11.6114502,
              48.1386751
            ],
            [
              11.6114206,
              48.1385702
            ],
            [
              11.6115823,
              48.138546
            ],
            [
              11.6116148,
              48.1386512
            ],
            [
              11.611605,
              48.1386526
            ],
            [
              11.6114502,
              48.1386751
            ]
          ]
        ]
      },
      "id": "way/121772897"
    },
    {
      "type": "Feature",
      "properties": {
        "@id": "way/485959330",
        "building": "yes",
        "height": "20",
        "location": "overground",
        "military": "bunker",
        "wikimedia_commons": "File:BrucknerZaubzerstr Muenchen-01.JPG"
      },
      "geometry": {
        "type": "Polygon",
        "coordinates": [
          [
            [
              11.6116725,
              48.1393539
            ],
            [
              11.6116416,
              48.1392517
            ],
            [
              11.6118024,
              48.1392315
            ],
            [
              11.6118326,
              48.1393338
            ],
            [
              11.6116725,
              48.1393539
            ]
          ]
        ]
      },
      "id": "way/485959330"
    },
    {
      "type": "Feature",
      "properties": {
        "@id": "way/127460320",
        "amenity": "hospital",
        "beds": "20",
        "check_date": "2025-08-14",
        "check_date:opening_hours": "2024-06-30",
        "emergency": "no",
        "fax": "+49 89 998902-24",
        "healthcare": "hospital",
        "healthcare:speciality": "otolaryngology",
        "name": "HNO-Klinik Bogenhausen Dr. Gaertner",
        "name:en": "Otorhinolaryngology clinic Bogenhausen Dr. Gaertner",
        "opening_hours:signed": "no",
        "operator:type": "private",
        "phone": "+49 89 998902-0",
        "website": "https://gaertnerklinik.de/",
        "wikidata": "Q23930105"
      },
      "geometry": {
        "type": "Polygon",
        "coordinates": [
          [
            [
              11.6060792,
              48.1442412
            ],
            [
              11.6060023,
              48.1435718
            ],
            [
              11.606208,
              48.14357
            ],
            [
              11.606208,
              48.1434125
            ],
            [
              11.6065164,
              48.1434125
            ],
            [
              11.6065164,
              48.1442518
            ],
            [
              11.6060792,
              48.1442412
            ]
          ]
        ]
      },
      "id": "way/127460320"
    },
    {
      "type": "Feature",
      "properties": {
        "@id": "way/188948762",
        "aeroway": "helipad",
        "frequency": "129.55 MHz",
        "ref": "EDMR"
      },
      "geometry": {
        "type": "Polygon",
        "coordinates": [
          [
            [
              11.6534883,
              48.0482367
            ],
            [
              11.6535087,
              48.0480039
            ],
            [
              11.6538547,
              48.0480174
            ],
            [
              11.6538343,
              48.0482502
            ],
            [
              11.6534883,
              48.0482367
            ]
          ]
        ]
      },
      "id": "way/188948762"
    },
    {
      "type": "Feature",
      "properties": {
        "@id": "way/13506613",
        "addr:city": "Ottobrunn",
        "addr:country": "DE",
        "addr:housenumber": "1",
        "addr:postcode": "85521",
        "addr:street": "Rathausplatz",
        "amenity": "townhall",
        "building": "yes",
        "check_date:opening_hours": "2022-02-12",
        "contact:email": "poststelle@ottobrunn.de",
        "contact:fax": "+49 89 60808103",
        "contact:phone": "+49 89 608080",
        "contact:website": "https://www.ottobrunn.de/",
        "name": "Rathaus Ottobrunn",
        "opening_hours": "Mo-We,Fr 08:00-12:00; Th 08:00-12:00,14:00-18:00; Sa,Su,PH closed",
        "operator": "Gemeinde Ottobrunn",
        "source": "survey",
        "wheelchair": "yes"
      },
      "geometry": {
        "type": "Polygon",
        "coordinates": [
          [
            [
              11.6647321,
              48.0646214
            ],
            [
              11.6648964,
              48.0643693
            ],
            [
              11.6649891,
              48.0643963
            ],
            [
              11.6649818,
              48.0644076
            ],
            [
              11.665232,
              48.0644804
            ],
            [
              11.665249,
              48.0644543
            ],
            [
              11.665326,
              48.0644767
            ],
            [
              11.6653516,
              48.0644841
            ],
            [
              11.6652378,
              48.0646587
            ],
            [
              11.665223,
              48.0646814
            ],
            [
              11.6652208,
              48.064685
            ],
            [
              11.6651938,
              48.0647261
            ],
            [
              11.6649341,
              48.0646499
            ],
            [
              11.6648692,
              48.0646309
            ],
            [
              11.6648524,
              48.0646564
            ],
            [
              11.66483,
              48.0646498
            ],
            [
              11.6647798,
              48.0646351
            ],
            [
              11.6647321,
              48.0646214
            ]
          ]
        ]
      },
      "id": "way/13506613"
    },
    {
      "type": "Feature",
      "properties": {
        "@id": "way/142809096",
        "addr:city": "Ottobrunn",
        "addr:country": "DE",
        "addr:housenumber": "1b",
        "addr:postcode": "85521",
        "addr:street": "Haidgraben",
        "amenity": "police",
        "contact:phone": "+49 89 6298-0",
        "name": "Polizeiinspektion München 28 (Ottobrunn)",
        "website": "https://www.polizei.bayern.de/wir-ueber-uns/organisation/dienststellen/0900812080000.html",
        "wheelchair": "yes"
      },
      "geometry": {
        "type": "Polygon",
        "coordinates": [
          [
            [
              11.6525282,
              48.0724025
            ],
            [
              11.6525874,
              48.0721512
            ],
            [
              11.6526399,
              48.0721567
            ],
            [
              11.652937,
              48.0721879
            ],
            [
              11.6531471,
              48.07221
            ],
            [
              11.6530879,
              48.0724614
            ],
            [
              11.6525282,
              48.0724025
            ]
          ]
        ]
      },
      "id": "way/142809096"
    },
    {
      "type": "Feature",
      "properties": {
        "@id": "way/1488861235",
        "addr:city": "Neubiberg",
        "addr:country": "DE",
        "addr:housenumber": "12",
        "addr:postcode": "85579",
        "addr:street": "Rathausplatz",
        "amenity": "townhall",
        "name": "Rathaus Neubiberg",
        "opening_hours": "Mo-We 09:00-12:00; Th 08:00-12:00,15:00-17:30; Fr 08:00-12:00",
        "phone": "+49 89 600120",
        "source": "survey"
      },
      "geometry": {
        "type": "Polygon",
        "coordinates": [
          [
            [
              11.662923,
              48.0767654
            ],
            [
              11.6633461,
              48.0766778
            ],
            [
              11.6634019,
              48.0767982
            ],
            [
              11.6634219,
              48.0768412
            ],
            [
              11.663442,
              48.0768846
            ],
            [
              11.6634923,
              48.0769929
            ],
            [
              11.6631343,
              48.077067
            ],
            [
              11.6630691,
              48.0770805
            ],
            [
              11.6629388,
              48.0771075
            ],
            [
              11.6628717,
              48.0771214
            ],
            [
              11.6627565,
              48.0771452
            ],
            [
              11.6627063,
              48.0770369
            ],
            [
              11.6628624,
              48.0770046
            ],
            [
              11.6630189,
              48.0769722
            ],
            [
              11.6629985,
              48.0769283
            ],
            [
              11.6629788,
              48.0768858
            ],
            [
              11.6629496,
              48.0768228
            ],
            [
              11.662923,
              48.0767654
            ]
          ]
        ]
      },
      "id": "way/1488861235"
    },
    {
      "type": "Feature",
      "properties": {
        "@id": "way/41956564",
        "addr:city": "Neubiberg",
        "addr:country": "DE",
        "addr:housename": "Gebäude 34",
        "addr:housenumber": "134",
        "addr:postcode": "85579",
        "addr:street": "Werner-Heisenberg-Weg",
        "amenity": "hospital",
        "building": "yes",
        "check_date": "2026-03-05",
        "healthcare": "hospital",
        "name": "Gebäude 34: Sanitätszentrum Neubiberg"
      },
      "geometry": {
        "type": "Polygon",
        "coordinates": [
          [
            [
              11.640929,
              48.0823764
            ],
            [
              11.6408268,
              48.0823942
            ],
            [
              11.6407414,
              48.082175
            ],
            [
              11.6402792,
              48.0822554
            ],
            [
              11.6402334,
              48.082138
            ],
            [
              11.6409777,
              48.0820084
            ],
            [
              11.641023,
              48.0821247
            ],
            [
              11.6408431,
              48.082156
            ],
            [
              11.640929,
              48.0823764
            ]
          ]
        ]
      },
      "id": "way/41956564"
    },
    {
      "type": "Feature",
      "properties": {
        "@id": "way/9058187",
        "addr:city": "München",
        "addr:country": "DE",
        "addr:housenumber": "51",
        "addr:postcode": "81737",
        "addr:street": "Oskar-Maria-Graf-Ring",
        "amenity": "hospital",
        "beds": "500",
        "check_date": "2024-05-05",
        "emergency": "yes",
        "healthcare": "hospital",
        "name": "München Klinik Neuperlach",
        "name:en": "Munich Clinic Neuperlach",
        "operator": "München Klinik gGmbH",
        "phone": "+49 89 6794-0",
        "website": "https://www.muenchen-klinik.de/krankenhaus/neuperlach/",
        "wheelchair": "yes",
        "wikidata": "Q1774646"
      },
      "geometry": {
        "type": "Polygon",
        "coordinates": [
          [
            [
              11.6541371,
              48.0942558
            ],
            [
              11.6541275,
              48.0942013
            ],
            [
              11.6541779,
              48.0941608
            ],
            [
              11.6550431,
              48.0938571
            ],
            [
              11.655322,
              48.0937452
            ],
            [
              11.6556025,
              48.0936232
            ],
            [
              11.6561623,
              48.0933637
            ],
            [
              11.6571773,
              48.0927503
            ],
            [
              11.6577603,
              48.0931293
            ],
            [
              11.6577763,
              48.0940484
            ],
            [
              11.6579464,
              48.0940481
            ],
            [
              11.6579424,
              48.0946174
            ],
            [
              11.6578155,
              48.094617
            ],
            [
              11.6578104,
              48.0950875
            ],
            [
              11.656852,
              48.0950912
            ],
            [
              11.6568557,
              48.0959768
            ],
            [
              11.6563312,
              48.0959839
            ],
            [
              11.6561922,
              48.0959905
            ],
            [
              11.6560505,
              48.0960026
            ],
            [
              11.6559007,
              48.0960355
            ],
            [
              11.65553,
              48.0961401
            ],
            [
              11.6554855,
              48.0961213
            ],
            [
              11.6550176,
              48.095482
            ],
            [
              11.6548436,
              48.095235
            ],
            [
              11.6541371,
              48.0942558
            ]
          ]
        ]
      },
      "id": "way/9058187"
    },
    {
      "type": "Feature",
      "properties": {
        "@id": "way/85177874",
        "area": "yes",
        "name": "Baureferat Gartenbau, Stützpunkt Dornröschenstraße 2a",
        "office": "government",
        "operator": "Landesgauptstadt München, Gartenbauamt"
      },
      "geometry": {
        "type": "Polygon",
        "coordinates": [
          [
            [
              11.672464,
              48.0796397
            ],
            [
              11.6724298,
              48.0796423
            ],
            [
              11.6723805,
              48.0796477
            ],
            [
              11.6720912,
              48.0793997
            ],
            [
              11.6720615,
              48.0793429
            ],
            [
              11.6720528,
              48.0793127
            ],
            [
              11.6721249,
              48.079246
            ],
            [
              11.6724019,
              48.0791835
            ],
            [
              11.672464,
              48.0796397
            ]
          ]
        ]
      },
      "id": "way/85177874"
    },
    {
      "type": "Feature",
      "properties": {
        "@id": "way/36375731",
        "addr:city": "Hohenbrunn",
        "addr:country": "DE",
        "addr:housenumber": "1",
        "addr:postcode": "85662",
        "addr:street": "Pfarrer-Wenk-Platz",
        "amenity": "townhall",
        "building": "yes",
        "check_date:opening_hours": "2023-10-18",
        "image": "http://arweave.net/uvyBkhHfLLXA98lyDJUaRaWrq4NhvC9MPuGA-fnoBJ4",
        "name": "Rathaus",
        "opening_hours:signed": "no",
        "wheelchair": "yes"
      },
      "geometry": {
        "type": "Polygon",
        "coordinates": [
          [
            [
              11.7015669,
              48.0479816
            ],
            [
              11.701622,
              48.0478308
            ],
            [
              11.701683,
              48.0478408
            ],
            [
              11.7019354,
              48.047882
            ],
            [
              11.701907,
              48.0479595
            ],
            [
              11.7018802,
              48.0480328
            ],
            [
              11.7015669,
              48.0479816
            ]
          ]
        ]
      },
      "id": "way/36375731"
    },
    {
      "type": "Feature",
      "properties": {
        "@id": "way/32073834",
        "addr:city": "Hohenbrunn",
        "addr:housenumber": "100",
        "addr:postcode": "85662",
        "addr:street": "Putzbrunner Straße",
        "amenity": "police",
        "landuse": "commercial",
        "name": "Autobahnpolizeistation Hohenbrunn"
      },
      "geometry": {
        "type": "Polygon",
        "coordinates": [
          [
            [
              11.707313,
              48.0590296
            ],
            [
              11.7075207,
              48.0589602
            ],
            [
              11.7080117,
              48.0587959
            ],
            [
              11.7080578,
              48.0588574
            ],
            [
              11.7084297,
              48.0593537
            ],
            [
              11.7086951,
              48.0597059
            ],
            [
              11.7082305,
              48.0598613
            ],
            [
              11.7081005,
              48.0598522
            ],
            [
              11.7079177,
              48.0598019
            ],
            [
              11.707313,
              48.0590296
            ]
          ]
        ]
      },
      "id": "way/32073834"
    },
    {
      "type": "Feature",
      "properties": {
        "@id": "way/8032785",
        "addr:city": "München",
        "addr:country": "DE",
        "addr:housenumber": "3",
        "addr:postcode": "81737",
        "addr:street": "Thomas-Dehler-Straße",
        "building": "office",
        "government": "pension_fund",
        "name": "Deutsche Rentenversicherung Bayern Süd",
        "office": "government",
        "roof:shape": "flat",
        "website": "https://www.deutsche-rentenversicherung.de/BayernSued/DE/Home/home_node.html",
        "wikidata": "Q130314389"
      },
      "geometry": {
        "type": "Polygon",
        "coordinates": [
          [
            [
              11.6489874,
              48.102819
            ],
            [
              11.6489861,
              48.1029703
            ],
            [
              11.6488778,
              48.103012
            ],
            [
              11.6487909,
              48.1030464
            ],
            [
              11.6487913,
              48.1030744
            ],
            [
              11.6488196,
              48.1030845
            ],
            [
              11.6488206,
              48.1031086
            ],
            [
              11.6487883,
              48.1031188
            ],
            [
              11.6487641,
              48.1031081
            ],
            [
              11.6487271,
              48.10312
            ],
            [
              11.6487259,
              48.103276
            ],
            [
              11.6485291,
              48.1033494
            ],
            [
              11.6483361,
              48.1032742
            ],
            [
              11.648334,
              48.1030707
            ],
            [
              11.6478892,
              48.102899
            ],
            [
              11.6478765,
              48.1029044
            ],
            [
              11.6477256,
              48.102844
            ],
            [
              11.6477274,
              48.1028227
            ],
            [
              11.6477258,
              48.102702
            ],
            [
              11.6476018,
              48.1026524
            ],
            [
              11.6474638,
              48.1025997
            ],
            [
              11.6474641,
              48.1025845
            ],
            [
              11.6474632,
              48.1024911
            ],
            [
              11.647463,
              48.1024504
            ],
            [
              11.6476579,
              48.1023741
            ],
            [
              11.6478534,
              48.1024504
            ],
            [
              11.6478882,
              48.1024374
            ],
            [
              11.6478876,
              48.1024126
            ],
            [
              11.6479211,
              48.1024
            ],
            [
              11.6479491,
              48.102411
            ],
            [
              11.6479492,
              48.1024365
            ],
            [
              11.6479821,
              48.1024514
            ],
            [
              11.6481804,
              48.1023737
            ],
            [
              11.6483765,
              48.1024488
            ],
            [
              11.6483743,
              48.1025992
            ],
            [
              11.6482018,
              48.1026676
            ],
            [
              11.6482017,
              48.1027179
            ],
            [
              11.6484303,
              48.1028076
            ],
            [
              11.6484411,
              48.1028048
            ],
            [
              11.6485383,
              48.1028424
            ],
            [
              11.6487927,
              48.1027445
            ],
            [
              11.6489874,
              48.102819
            ]
          ]
        ]
      },
      "id": "way/8032785"
    },
    {
      "type": "Feature",
      "properties": {
        "@id": "way/660353377",
        "aeroway": "helipad",
        "level": "1",
        "operator": "München Klinik gGmbH"
      },
      "geometry": {
        "type": "Polygon",
        "coordinates": [
          [
            [
              11.6549724,
              48.0944728
            ],
            [
              11.6546067,
              48.0945906
            ],
            [
              11.6544306,
              48.0943466
            ],
            [
              11.6547963,
              48.0942289
            ],
            [
              11.6549724,
              48.0944728
            ]
          ]
        ]
      },
      "id": "way/660353377"
    },
    {
      "type": "Feature",
      "properties": {
        "@id": "way/42018056",
        "addr:city": "München",
        "addr:country": "DE",
        "addr:housenumber": "92",
        "addr:postcode": "81677",
        "addr:street": "Zamdorfer Straße",
        "building": "office",
        "email": "poststelle@hma.bayern.de",
        "fax": "+49 89 992690 200",
        "name": "Bayerisches Hauptmünzamt",
        "office": "government",
        "phone": "+49 89 992690 0",
        "website": "https://hauptmuenzamt.bayern/",
        "wikidata": "Q812404",
        "wikipedia": "de:Bayerisches Hauptmünzamt"
      },
      "geometry": {
        "type": "Polygon",
        "coordinates": [
          [
            [
              11.6432042,
              48.1380532
            ],
            [
              11.6443078,
              48.1381014
            ],
            [
              11.6442967,
              48.1382148
            ],
            [
              11.644349,
              48.1382217
            ],
            [
              11.6443483,
              48.1382886
            ],
            [
              11.6442895,
              48.1382883
            ],
            [
              11.6442742,
              48.138444
            ],
            [
              11.6442728,
              48.138458
            ],
            [
              11.6443658,
              48.138461
            ],
            [
              11.6443429,
              48.138694
            ],
            [
              11.6436861,
              48.1386653
            ],
            [
              11.6436969,
              48.138555
            ],
            [
              11.6437082,
              48.1384396
            ],
            [
              11.6437859,
              48.1384421
            ],
            [
              11.6437872,
              48.1384289
            ],
            [
              11.6437915,
              48.1383852
            ],
            [
              11.6431743,
              48.1383582
            ],
            [
              11.6432042,
              48.1380532
            ]
          ]
        ]
      },
      "id": "way/42018056"
    },
    {
      "type": "Feature",
      "properties": {
        "@id": "way/42033691",
        "addr:country": "DE",
        "addr:housenumber": "88",
        "addr:postcode": "81677",
        "addr:street": "Zamdorfer Straße",
        "building": "commercial",
        "building:levels": "5",
        "description": "Zentralen Stelle für Informationstechnik im Sicherheitsbereich",
        "name": "ZITiS",
        "office": "government"
      },
      "geometry": {
        "type": "Polygon",
        "coordinates": [
          [
            [
              11.6419026,
              48.1381679
            ],
            [
              11.6418736,
              48.1386156
            ],
            [
              11.6413275,
              48.1385999
            ],
            [
              11.6413565,
              48.1381522
            ],
            [
              11.6419026,
              48.1381679
            ]
          ]
        ]
      },
      "id": "way/42033691"
    },
    {
      "type": "Feature",
      "properties": {
        "@id": "way/115994633",
        "addr:city": "Haar",
        "addr:country": "DE",
        "addr:housenumber": "11z",
        "addr:postcode": "85540",
        "addr:street": "Rechnerstraße",
        "amenity": "police",
        "building": "yes",
        "building:levels": "2",
        "check_date": "2024-07-28",
        "contact:email": "pp-mue.haar.pi27@polizei.bayern.de",
        "contact:phone": "+49 89 46 23 05-0",
        "name": "Polizeiinspektion München 27 (Haar)",
        "website": "https://www.polizei.bayern.de/wir-ueber-uns/organisation/dienststellen/0900812070000.html"
      },
      "geometry": {
        "type": "Polygon",
        "coordinates": [
          [
            [
              11.7412858,
              48.1065813
            ],
            [
              11.7412382,
              48.1064674
            ],
            [
              11.7415468,
              48.1064098
            ],
            [
              11.7415944,
              48.1065237
            ],
            [
              11.7412858,
              48.1065813
            ]
          ]
        ]
      },
      "id": "way/115994633"
    },
    {
      "type": "Feature",
      "properties": {
        "@id": "way/69417169",
        "addr:city": "Haar",
        "addr:country": "DE",
        "addr:housenumber": "7",
        "addr:postcode": "85540",
        "addr:street": "Bahnhofstraße",
        "amenity": "townhall",
        "building": "government",
        "building:levels": "2",
        "check_date:opening_hours": "2025-08-15",
        "name": "Rathaus",
        "opening_hours": "Mo-Th 07:30-12:30, We 15:00-18:00, Fr 07:00-12:00",
        "phone": "+49 89 460 02 100",
        "roof:shape": "hipped",
        "wheelchair": "yes",
        "wikidata": "Q98644743",
        "wikimedia_commons": "Category:Rathaus (Haar)"
      },
      "geometry": {
        "type": "Polygon",
        "coordinates": [
          [
            [
              11.7270288,
              48.1100101
            ],
            [
              11.7270903,
              48.109954
            ],
            [
              11.7271209,
              48.1099699
            ],
            [
              11.7271412,
              48.1099523
            ],
            [
              11.7272475,
              48.1100064
            ],
            [
              11.7272667,
              48.1099922
            ],
            [
              11.7271648,
              48.1099427
            ],
            [
              11.7272539,
              48.1098602
            ],
            [
              11.7274929,
              48.1099792
            ],
            [
              11.7274078,
              48.1100583
            ],
            [
              11.7273224,
              48.1100186
            ],
            [
              11.7273032,
              48.1100389
            ],
            [
              11.7274132,
              48.110091
            ],
            [
              11.7274207,
              48.1100861
            ],
            [
              11.7275128,
              48.1101335
            ],
            [
              11.7275199,
              48.110127
            ],
            [
              11.7275318,
              48.1101228
            ],
            [
              11.7275461,
              48.1101227
            ],
            [
              11.7275591,
              48.1101298
            ],
            [
              11.7275665,
              48.1101387
            ],
            [
              11.7275651,
              48.1101494
            ],
            [
              11.7275571,
              48.1101566
            ],
            [
              11.7275784,
              48.1101674
            ],
            [
              11.7276565,
              48.1102069
            ],
            [
              11.7276507,
              48.1102131
            ],
            [
              11.7276842,
              48.1102285
            ],
            [
              11.727789,
              48.1101323
            ],
            [
              11.7278814,
              48.1101789
            ],
            [
              11.7280932,
              48.1102858
            ],
            [
              11.7279787,
              48.1103828
            ],
            [
              11.7279407,
              48.1103623
            ],
            [
              11.72792,
              48.110379
            ],
            [
              11.7279397,
              48.11039
            ],
            [
              11.7278799,
              48.1104405
            ],
            [
              11.7275405,
              48.1102674
            ],
            [
              11.7275206,
              48.1102849
            ],
            [
              11.7275069,
              48.1102794
            ],
            [
              11.7274768,
              48.1102838
            ],
            [
              11.7274407,
              48.1102803
            ],
            [
              11.7274092,
              48.1102686
            ],
            [
              11.7273749,
              48.1102485
            ],
            [
              11.7273605,
              48.1102239
            ],
            [
              11.7273595,
              48.1102091
            ],
            [
              11.7273455,
              48.1102033
            ],
            [
              11.7273666,
              48.1101807
            ],
            [
              11.7270288,
              48.1100101
            ]
          ]
        ]
      },
      "id": "way/69417169"
    },
    {
      "type": "Feature",
      "properties": {
        "@id": "way/204282271",
        "alt_name": "Isar-Amper-Klinikum München-Ost",
        "amenity": "hospital",
        "beds": "790",
        "emergency": "no",
        "healthcare": "hospital",
        "healthcare:speciality": "psychiatry",
        "name": "kbo-Isar-Amper-Klinikum München-Ost",
        "operator": "kbo-Isar-Amper-Klinikum gemeinnützige GmbH",
        "short_name": "kbo IAK",
        "website": "https://kbo-iak.de/",
        "wheelchair": "limited"
      },
      "geometry": {
        "type": "Polygon",
        "coordinates": [
          [
            [
              11.7508771,
              48.114774
            ],
            [
              11.7507766,
              48.115059
            ],
            [
              11.7519745,
              48.1152719
            ],
            [
              11.7535937,
              48.1155783
            ],
            [
              11.7538878,
              48.1158286
            ],
            [
              11.7542271,
              48.1158653
            ],
            [
              11.7542487,
              48.1160776
            ],
            [
              11.7552459,
              48.1169672
            ],
            [
              11.7551903,
              48.1172875
            ],
            [
              11.7551339,
              48.1176119
            ],
            [
              11.7547455,
              48.1186018
            ],
            [
              11.7545492,
              48.1192512
            ],
            [
              11.7543604,
              48.1194585
            ],
            [
              11.7531436,
              48.1200559
            ],
            [
              11.752887,
              48.1201819
            ],
            [
              11.7529019,
              48.1201967
            ],
            [
              11.7509642,
              48.1214025
            ],
            [
              11.7494298,
              48.119857
            ],
            [
              11.7483665,
              48.1197877
            ],
            [
              11.7464365,
              48.1196619
            ],
            [
              11.7449534,
              48.1199309
            ],
            [
              11.7441283,
              48.1200007
            ],
            [
              11.7439885,
              48.119461
            ],
            [
              11.743781,
              48.1191598
            ],
            [
              11.7439676,
              48.1182148
            ],
            [
              11.7438644,
              48.1182218
            ],
            [
              11.7438564,
              48.1183355
            ],
            [
              11.7430622,
              48.1183328
            ],
            [
              11.7430574,
              48.1182084
            ],
            [
              11.743035,
              48.1175496
            ],
            [
              11.7430337,
              48.1172876
            ],
            [
              11.743038,
              48.1172492
            ],
            [
              11.7430576,
              48.116972
            ],
            [
              11.7430701,
              48.1169255
            ],
            [
              11.743112,
              48.1168234
            ],
            [
              11.7431441,
              48.116754
            ],
            [
              11.7432421,
              48.1165303
            ],
            [
              11.7432645,
              48.1164216
            ],
            [
              11.7433101,
              48.1163182
            ],
            [
              11.7433581,
              48.116218
            ],
            [
              11.7442772,
              48.1165388
            ],
            [
              11.7448148,
              48.115105
            ],
            [
              11.7448804,
              48.1149851
            ],
            [
              11.7449702,
              48.114651
            ],
            [
              11.7450522,
              48.1142022
            ],
            [
              11.7449976,
              48.1141974
            ],
            [
              11.744594,
              48.114162
            ],
            [
              11.7443123,
              48.1141345
            ],
            [
              11.7443258,
              48.1139429
            ],
            [
              11.7458893,
              48.1132735
            ],
            [
              11.7463085,
              48.113094
            ],
            [
              11.7472158,
              48.1140226
            ],
            [
              11.7475057,
              48.1141847
            ],
            [
              11.7482793,
              48.114507
            ],
            [
              11.749221,
              48.1146443
            ],
            [
              11.7494472,
              48.1146201
            ],
            [
              11.7501783,
              48.1146887
            ],
            [
              11.7502011,
              48.1145741
            ],
            [
              11.7506424,
              48.1146153
            ],
            [
              11.7506237,
              48.1147398
            ],
            [
              11.7508771,
              48.114774
            ]
          ]
        ]
      },
      "id": "way/204282271"
    },
    {
      "type": "Feature",
      "properties": {
        "@id": "way/1376703480",
        "amenity": "police",
        "contact:website": "https://www.polizei.bayern.de/wir-ueber-uns/organisation/dienststellen/0901100000000.html",
        "name": "Bayerisches Landeskriminalamt",
        "name:en": "Bavarian State Criminal Police Office",
        "operator": "Bayerisches Landeskriminalamt",
        "operator:short": "BLKA",
        "operator:wikidata": "Q812427",
        "operator:wikipedia": "de:Bayerisches Landeskriminalamt",
        "police": "offices"
      },
      "geometry": {
        "type": "Polygon",
        "coordinates": [
          [
            [
              11.5443605,
              48.1470444
            ],
            [
              11.5445605,
              48.1470524
            ],
            [
              11.5448443,
              48.1470524
            ],
            [
              11.5451863,
              48.1470303
            ],
            [
              11.5453759,
              48.1470091
            ],
            [
              11.5456725,
              48.1469588
            ],
            [
              11.5463185,
              48.1468241
            ],
            [
              11.5462411,
              48.1470192
            ],
            [
              11.5462898,
              48.147029
            ],
            [
              11.5463983,
              48.147051
            ],
            [
              11.5464843,
              48.1470697
            ],
            [
              11.5465898,
              48.1472574
            ],
            [
              11.5466402,
              48.147347
            ],
            [
              11.5463136,
              48.1481855
            ],
            [
              11.5463282,
              48.1482224
            ],
            [
              11.5462623,
              48.1485462
            ],
            [
              11.5456861,
              48.148658
            ],
            [
              11.5456356,
              48.1486562
            ],
            [
              11.5456046,
              48.1486408
            ],
            [
              11.5455392,
              48.1485871
            ],
            [
              11.5454815,
              48.1485397
            ],
            [
              11.5453844,
              48.1484601
            ],
            [
              11.5450596,
              48.1481733
            ],
            [
              11.5450481,
              48.1481631
            ],
            [
              11.544746,
              48.1478963
            ],
            [
              11.5447288,
              48.1478811
            ],
            [
              11.544562,
              48.1475247
            ],
            [
              11.5444918,
              48.1475399
            ],
            [
              11.5444047,
              48.147352
            ],
            [
              11.5443807,
              48.1473568
            ],
            [
              11.5443668,
              48.1473258
            ],
            [
              11.5443505,
              48.1472897
            ],
            [
              11.5443768,
              48.1472844
            ],
            [
              11.5443605,
              48.1470444
            ]
          ]
        ]
      },
      "id": "way/1376703480"
    },
    {
      "type": "Feature",
      "properties": {
        "@id": "way/174549561",
        "addr:city": "München",
        "addr:country": "DE",
        "addr:housenumber": "36",
        "addr:postcode": "80636",
        "addr:street": "Lazarettstraße",
        "amenity": "hospital",
        "check_date": "2025-02-19",
        "email": "dhm@dhm.mhn.de",
        "emergency": "yes",
        "healthcare": "hospital",
        "healthcare:speciality": "cardiology",
        "name": "TUM Klinikum Deutsches Herzzentrum",
        "name:en": "TUM University Hospital German Heart Center",
        "phone": "+49 89 1218-0",
        "website": "https://www.deutsches-herzzentrum-muenchen.de/",
        "wheelchair": "yes",
        "wikidata": "Q1205693",
        "wikipedia": "de:Deutsches Herzzentrum München"
      },
      "geometry": {
        "type": "Polygon",
        "coordinates": [
          [
            [
              11.5473842,
              48.1522636
            ],
            [
              11.5484897,
              48.1514844
            ],
            [
              11.5497313,
              48.152139
            ],
            [
              11.550095,
              48.1523358
            ],
            [
              11.550264,
              48.1524306
            ],
            [
              11.5512431,
              48.1529635
            ],
            [
              11.5515102,
              48.1531133
            ],
            [
              11.5516142,
              48.1531719
            ],
            [
              11.5512021,
              48.1535618
            ],
            [
              11.5518857,
              48.1539901
            ],
            [
              11.5517252,
              48.1541342
            ],
            [
              11.5521845,
              48.154393
            ],
            [
              11.5521172,
              48.1544485
            ],
            [
              11.5521928,
              48.1544893
            ],
            [
              11.5520005,
              48.1546478
            ],
            [
              11.5514748,
              48.1543583
            ],
            [
              11.5513867,
              48.15443
            ],
            [
              11.5513405,
              48.1544675
            ],
            [
              11.5513013,
              48.154446
            ],
            [
              11.550629,
              48.1540774
            ],
            [
              11.5499168,
              48.153687
            ],
            [
              11.5491024,
              48.1532406
            ],
            [
              11.5490759,
              48.1532261
            ],
            [
              11.5489448,
              48.1531548
            ],
            [
              11.5488532,
              48.153105
            ],
            [
              11.5473842,
              48.1522636
            ]
          ]
        ]
      },
      "id": "way/174549561"
    },
    {
      "type": "Feature",
      "properties": {
        "@id": "way/1446522229",
        "amenity": "hospital",
        "healthcare": "hospital",
        "healthcare:speciality": "ophthalmology",
        "name": "Augenklinik Herzog Carl Theodor",
        "name:en": "Eye Clinic Herzog Carl Theodor",
        "operator": "Stiftung Augenklinik Herzog Carl Theodor",
        "smoking": "no",
        "website": "https://www.augenklinik-muenchen.de/",
        "wheelchair": "yes",
        "wikidata": "Q510979"
      },
      "geometry": {
        "type": "Polygon",
        "coordinates": [
          [
            [
              11.5501341,
              48.1489747
            ],
            [
              11.5500428,
              48.148765
            ],
            [
              11.5498907,
              48.1486965
            ],
            [
              11.5498419,
              48.1486536
            ],
            [
              11.5498093,
              48.1486163
            ],
            [
              11.5497118,
              48.14841
            ],
            [
              11.5497729,
              48.1483977
            ],
            [
              11.5499479,
              48.1483629
            ],
            [
              11.5503531,
              48.1482788
            ],
            [
              11.550329,
              48.1482372
            ],
            [
              11.5505207,
              48.1481951
            ],
            [
              11.5507314,
              48.1481458
            ],
            [
              11.5507437,
              48.148143
            ],
            [
              11.5508693,
              48.1484224
            ],
            [
              11.5508581,
              48.1485778
            ],
            [
              11.5509865,
              48.148852
            ],
            [
              11.550938,
              48.1488601
            ],
            [
              11.5508882,
              48.1488696
            ],
            [
              11.5506623,
              48.1489163
            ],
            [
              11.5503411,
              48.1489799
            ],
            [
              11.5502673,
              48.1489946
            ],
            [
              11.5502191,
              48.1489565
            ],
            [
              11.5501341,
              48.1489747
            ]
          ]
        ]
      },
      "id": "way/1446522229"
    },
    {
      "type": "Feature",
      "properties": {
        "@id": "way/33806193",
        "addr:city": "München",
        "addr:country": "DE",
        "addr:housenumber": "66",
        "addr:postcode": "80335",
        "addr:street": "Karlstraße",
        "amenity": "courthouse",
        "building": "public",
        "email": "poststelle@gensta-m.bayern.de",
        "fax": "+49 9621 96241-0392",
        "name": "Generalstaatsanwaltschaft München",
        "opening_hours": "Mo-Th 08:00-12:00, 13:00-15:00; Fr 08:00-12:00",
        "phone": "+49 89 5597-08",
        "website": "https://www.justiz.bayern.de/gerichte-und-behoerden/generalstaatsanwaltschaft/muenchen/"
      },
      "geometry": {
        "type": "Polygon",
        "coordinates": [
          [
            [
              11.5571745,
              48.1464514
            ],
            [
              11.5570591,
              48.1462642
            ],
            [
              11.5571018,
              48.1462525
            ],
            [
              11.557205,
              48.1462242
            ],
            [
              11.5573601,
              48.1461816
            ],
            [
              11.5573834,
              48.1462194
            ],
            [
              11.5574159,
              48.1462721
            ],
            [
              11.5574401,
              48.1463114
            ],
            [
              11.5574755,
              48.1463689
            ],
            [
              11.5571745,
              48.1464514
            ]
          ]
        ]
      },
      "id": "way/33806193"
    },
    {
      "type": "Feature",
      "properties": {
        "@id": "way/35590357",
        "addr:city": "München",
        "addr:country": "DE",
        "addr:housenumber": "6",
        "addr:postcode": "80797",
        "addr:street": "Infanteriestraße",
        "amenity": "police",
        "barrier": "fence",
        "email": "bpold.muenchen@polizei.bund.de",
        "name": "Bundespolizeidirektion München",
        "name:en": "Federal Police Regional Headquarter Munich",
        "police": "offices",
        "short_name": "BPOLD München"
      },
      "geometry": {
        "type": "Polygon",
        "coordinates": [
          [
            [
              11.5584783,
              48.1570906
            ],
            [
              11.5586242,
              48.1571479
            ],
            [
              11.5589904,
              48.1573524
            ],
            [
              11.5591033,
              48.1572597
            ],
            [
              11.5600996,
              48.1578229
            ],
            [
              11.5598883,
              48.1580009
            ],
            [
              11.5598421,
              48.1580837
            ],
            [
              11.55972,
              48.1581865
            ],
            [
              11.5600701,
              48.1584921
            ],
            [
              11.5598327,
              48.1585945
            ],
            [
              11.5595537,
              48.1585663
            ],
            [
              11.559418,
              48.1588689
            ],
            [
              11.5593455,
              48.1588519
            ],
            [
              11.5588111,
              48.1592695
            ],
            [
              11.5585576,
              48.1591346
            ],
            [
              11.5583866,
              48.1592645
            ],
            [
              11.5582551,
              48.1591976
            ],
            [
              11.5576173,
              48.1597312
            ],
            [
              11.5569261,
              48.1593507
            ],
            [
              11.5574202,
              48.1589519
            ],
            [
              11.5566883,
              48.1585548
            ],
            [
              11.5584783,
              48.1570906
            ]
          ]
        ]
      },
      "id": "way/35590357"
    },
    {
      "type": "Feature",
      "properties": {
        "@id": "way/255886292",
        "addr:city": "München",
        "addr:country": "DE",
        "addr:housename": "Staatsanwaltschaft München I",
        "addr:housenumber": "25",
        "addr:postcode": "80335",
        "addr:street": "Linprunstraße",
        "building": "public",
        "building:levels": "7",
        "government": "prosecutor",
        "name": "Staatsanwaltschaft München I",
        "office": "government",
        "opening_hours": "Mo-Fr 08:00-12:00"
      },
      "geometry": {
        "type": "Polygon",
        "coordinates": [
          [
            [
              11.5535617,
              48.149856
            ],
            [
              11.5534583,
              48.1497039
            ],
            [
              11.5541911,
              48.1494823
            ],
            [
              11.5542059,
              48.1494775
            ],
            [
              11.554218,
              48.1494743
            ],
            [
              11.5542943,
              48.149451
            ],
            [
              11.5543977,
              48.1496032
            ],
            [
              11.5541587,
              48.1496755
            ],
            [
              11.5535617,
              48.149856
            ]
          ]
        ]
      },
      "id": "way/255886292"
    },
    {
      "type": "Feature",
      "properties": {
        "@id": "way/97455685",
        "addr:city": "München",
        "addr:housenumber": "136",
        "addr:postcode": "80797",
        "addr:street": "Heßstraße",
        "building": "yes",
        "building:material": "brick",
        "government": "education",
        "historic": "yes",
        "name": "Oberste Baubehörde - Lehrgangsgebäude",
        "office": "government",
        "old_name": "Barackenkasernement"
      },
      "geometry": {
        "type": "Polygon",
        "coordinates": [
          [
            [
              11.5526449,
              48.1585605
            ],
            [
              11.5524844,
              48.1584763
            ],
            [
              11.552743,
              48.158257
            ],
            [
              11.552914,
              48.1583467
            ],
            [
              11.5528773,
              48.1583778
            ],
            [
              11.5528668,
              48.1583723
            ],
            [
              11.5527836,
              48.1584429
            ],
            [
              11.5527941,
              48.1584484
            ],
            [
              11.5527758,
              48.158464
            ],
            [
              11.5527523,
              48.1584839
            ],
            [
              11.5527418,
              48.1584784
            ],
            [
              11.5526449,
              48.1585605
            ]
          ]
        ]
      },
      "id": "way/97455685"
    },
    {
      "type": "Feature",
      "properties": {
        "@id": "way/117383033",
        "addr:city": "München",
        "addr:housenumber": "67",
        "addr:postcode": "80636",
        "addr:street": "Lazarettstraße",
        "building": "yes",
        "building:material": "marble",
        "office": "government",
        "roof:colour": "grey",
        "roof:shape": "flat"
      },
      "geometry": {
        "type": "Polygon",
        "coordinates": [
          [
            [
              11.5505194,
              48.1551156
            ],
            [
              11.5503775,
              48.1550398
            ],
            [
              11.5504163,
              48.1550074
            ],
            [
              11.5503648,
              48.1549799
            ],
            [
              11.5501233,
              48.1551811
            ],
            [
              11.5500629,
              48.1551488
            ],
            [
              11.5500868,
              48.1551289
            ],
            [
              11.5500657,
              48.1551176
            ],
            [
              11.5500285,
              48.1551486
            ],
            [
              11.5499625,
              48.1551134
            ],
            [
              11.5501522,
              48.1549553
            ],
            [
              11.5500833,
              48.1549185
            ],
            [
              11.550158,
              48.1548551
            ],
            [
              11.5501914,
              48.1548277
            ],
            [
              11.5506149,
              48.1544757
            ],
            [
              11.5506765,
              48.1545085
            ],
            [
              11.5506598,
              48.1545224
            ],
            [
              11.5506759,
              48.1545309
            ],
            [
              11.5507137,
              48.1544994
            ],
            [
              11.5507702,
              48.1545296
            ],
            [
              11.5503914,
              48.1548452
            ],
            [
              11.5504817,
              48.1548934
            ],
            [
              11.5504091,
              48.1549539
            ],
            [
              11.5504511,
              48.1549764
            ],
            [
              11.5507265,
              48.154747
            ],
            [
              11.5508026,
              48.1547876
            ],
            [
              11.5507316,
              48.1548468
            ],
            [
              11.550799,
              48.1548827
            ],
            [
              11.5505194,
              48.1551156
            ]
          ]
        ]
      },
      "id": "way/117383033"
    },
    {
      "type": "Feature",
      "properties": {
        "@id": "way/1063990216",
        "aeroway": "helipad",
        "lit": "yes",
        "operator": "Deutsches Herzzentrum München",
        "ref": "DE-0473",
        "surface": "concrete"
      },
      "geometry": {
        "type": "Polygon",
        "coordinates": [
          [
            [
              11.5487114,
              48.152765
            ],
            [
              11.5486934,
              48.1528021
            ],
            [
              11.5486589,
              48.1528335
            ],
            [
              11.5486115,
              48.1528562
            ],
            [
              11.5485558,
              48.1528679
            ],
            [
              11.5484974,
              48.1528673
            ],
            [
              11.5484421,
              48.1528547
            ],
            [
              11.5483956,
              48.1528311
            ],
            [
              11.5483625,
              48.152799
            ],
            [
              11.5483455,
              48.1527583
            ],
            [
              11.5483502,
              48.1527162
            ],
            [
              11.5483759,
              48.1526776
            ],
            [
              11.5484196,
              48.1526471
            ],
            [
              11.5484762,
              48.1526282
            ],
            [
              11.5485391,
              48.1526232
            ],
            [
              11.5486008,
              48.1526327
            ],
            [
              11.548654,
              48.1526556
            ],
            [
              11.5486925,
              48.1526891
            ],
            [
              11.5487111,
              48.152726
            ],
            [
              11.5487114,
              48.152765
            ]
          ]
        ]
      },
      "id": "way/1063990216"
    },
    {
      "type": "Feature",
      "properties": {
        "@id": "way/35834768",
        "building": "yes",
        "office": "government",
        "roof:shape": "hipped",
        "website": "https://www.stmas.bayern.de/"
      },
      "geometry": {
        "type": "Polygon",
        "coordinates": [
          [
            [
              11.559421,
              48.1555537
            ],
            [
              11.5592966,
              48.1552598
            ],
            [
              11.5589537,
              48.155321
            ],
            [
              11.558884,
              48.15517
            ],
            [
              11.5594558,
              48.1550554
            ],
            [
              11.5596522,
              48.1555139
            ],
            [
              11.559421,
              48.1555537
            ]
          ]
        ]
      },
      "id": "way/35834768"
    },
    {
      "type": "Feature",
      "properties": {
        "@id": "way/35834769",
        "building": "public",
        "building:levels": "4",
        "office": "government",
        "roof:colour": "#B09090",
        "website": "https://www.stmas.bayern.de/"
      },
      "geometry": {
        "type": "Polygon",
        "coordinates": [
          [
            [
              11.5596378,
              48.1560627
            ],
            [
              11.5596199,
              48.1560229
            ],
            [
              11.5595754,
              48.1559239
            ],
            [
              11.5595028,
              48.1557626
            ],
            [
              11.5597463,
              48.1557133
            ],
            [
              11.559941,
              48.1561753
            ],
            [
              11.5594501,
              48.1562708
            ],
            [
              11.5593806,
              48.1561131
            ],
            [
              11.5596378,
              48.1560627
            ]
          ]
        ]
      },
      "id": "way/35834769"
    },
    {
      "type": "Feature",
      "properties": {
        "@id": "way/35834967",
        "addr:city": "München",
        "addr:country": "DE",
        "addr:housenumber": "128",
        "addr:postcode": "80797",
        "addr:street": "Heßstraße",
        "building": "public",
        "description": "Wasserwirtschaftsamt München; Bayerisches Landesamt für Umwelt - Lawinenwarndienst; Regierung von Oberbayern: Futtermittelüberwachung Bayern",
        "email": "poststelle@wwa-m.bayern.de",
        "fax": "+49 89 212332606",
        "government": "water_management",
        "name": "Wasserwirtschaftsamt München",
        "office": "government",
        "phone": "+49 89 2123303",
        "short_name": "WWA München",
        "source": "local knowledge",
        "toilets:wheelchair": "yes",
        "website": "https://www.wwa-m.bayern.de/",
        "wheelchair": "yes"
      },
      "geometry": {
        "type": "Polygon",
        "coordinates": [
          [
            [
              11.5550699,
              48.1572631
            ],
            [
              11.5547038,
              48.1570667
            ],
            [
              11.5547548,
              48.1570244
            ],
            [
              11.5545883,
              48.156935
            ],
            [
              11.5547473,
              48.156803
            ],
            [
              11.5549271,
              48.1568994
            ],
            [
              11.5548603,
              48.1569548
            ],
            [
              11.5549961,
              48.1570276
            ],
            [
              11.5551879,
              48.1568685
            ],
            [
              11.5552884,
              48.1569224
            ],
            [
              11.5552156,
              48.1569827
            ],
            [
              11.5556491,
              48.1572153
            ],
            [
              11.5556116,
              48.1572465
            ],
            [
              11.5556553,
              48.1572699
            ],
            [
              11.555534,
              48.1573705
            ],
            [
              11.5553521,
              48.1572729
            ],
            [
              11.5550795,
              48.1574991
            ],
            [
              11.5549587,
              48.1574342
            ],
            [
              11.5550062,
              48.1573948
            ],
            [
              11.5549485,
              48.1573639
            ],
            [
              11.5550699,
              48.1572631
            ]
          ]
        ]
      },
      "id": "way/35834967"
    },
    {
      "type": "Feature",
      "properties": {
        "@id": "way/342101648",
        "aeroway": "helipad"
      },
      "geometry": {
        "type": "Polygon",
        "coordinates": [
          [
            [
              11.5578667,
              48.1588284
            ],
            [
              11.5578662,
              48.1588113
            ],
            [
              11.5578749,
              48.1587988
            ],
            [
              11.5578914,
              48.1587891
            ],
            [
              11.5579149,
              48.1587848
            ],
            [
              11.5579381,
              48.1587879
            ],
            [
              11.5579547,
              48.1587959
            ],
            [
              11.5579657,
              48.1588086
            ],
            [
              11.5579677,
              48.1588242
            ],
            [
              11.5579614,
              48.1588365
            ],
            [
              11.5579464,
              48.1588474
            ],
            [
              11.5579263,
              48.1588531
            ],
            [
              11.5579026,
              48.1588525
            ],
            [
              11.5578834,
              48.1588458
            ],
            [
              11.5578744,
              48.1588392
            ],
            [
              11.5578667,
              48.1588284
            ]
          ]
        ]
      },
      "id": "way/342101648"
    },
    {
      "type": "Feature",
      "properties": {
        "@id": "way/9361125",
        "addr:city": "München",
        "addr:country": "DE",
        "addr:housenumber": "21-23",
        "addr:postcode": "80637",
        "addr:street": "Helene-Weber-Allee",
        "building": "office",
        "building:colour": "silver",
        "contact:email": "dwd.muenchen@dwd.de",
        "contact:fax": "+49 69 8062-9170",
        "contact:phone": "+49 69 8062-0",
        "contact:website": "https://www.dwd.de/DE/Home/home_node.html",
        "levels": "4",
        "name": "Deutscher Wetterdienst - Niederlassung München",
        "office": "government",
        "opening_hours": "Mo-Th 08:00-15:30; Fr 08:00-14:30",
        "roof:colour": "lightgrey",
        "short_name:de": "DWD München"
      },
      "geometry": {
        "type": "Polygon",
        "coordinates": [
          [
            [
              11.54301,
              48.1633147
            ],
            [
              11.54317,
              48.1632662
            ],
            [
              11.5431071,
              48.1632396
            ],
            [
              11.5431932,
              48.1632083
            ],
            [
              11.5433114,
              48.16319
            ],
            [
              11.5432959,
              48.1631555
            ],
            [
              11.5433651,
              48.1631663
            ],
            [
              11.5434885,
              48.1631953
            ],
            [
              11.5435074,
              48.1631995
            ],
            [
              11.5435265,
              48.1632045
            ],
            [
              11.5435682,
              48.1631646
            ],
            [
              11.5436433,
              48.1632219
            ],
            [
              11.5436976,
              48.1632827
            ],
            [
              11.5436472,
              48.1633021
            ],
            [
              11.5436561,
              48.1633151
            ],
            [
              11.5436685,
              48.1633274
            ],
            [
              11.543755,
              48.1633234
            ],
            [
              11.5433528,
              48.1635672
            ],
            [
              11.5432588,
              48.1634976
            ],
            [
              11.54301,
              48.1633147
            ]
          ]
        ]
      },
      "id": "way/9361125"
    },
    {
      "type": "Feature",
      "properties": {
        "@id": "way/89457146",
        "addr:city": "München",
        "addr:country": "DE",
        "addr:housename": "Gebäude 19",
        "addr:housenumber": "11",
        "addr:postcode": "80637",
        "addr:street": "Hedwig-Dransfeld-Allee",
        "building": "government",
        "building:colour": "#eecfaf",
        "check_date:opening_hours": "2024-12-17",
        "contact:email": "poststelle.lvby@thw.de",
        "contact:fax": "+49 228 994531180",
        "contact:phone": "+49 228 9945310",
        "contact:website": "https://www.lv-by.thw.de/",
        "fixme": "old_name=* klingt nicht wirklich nach einem Namen. Ist das nicht eher eine description=*?",
        "government": "emergency",
        "historic": "building",
        "name": "THW Landesverband Bayern",
        "office": "government",
        "old_name": "Ehem. Militärgebäude des Eisenbahn-Bataillons",
        "opening_hours:signed": "no",
        "operator": "Bundesanstalt Technisches Hilfswerk",
        "operator:short": "THW",
        "operator:wikidata": "Q697698",
        "ref:thw": "LVBY",
        "roof:colour": "grey",
        "roof:shape": "hipped",
        "start_date": "late C19",
        "thw:lv": "THW Landesverband Bayern",
        "wheelchair": "no",
        "wikidata": "Q121438076"
      },
      "geometry": {
        "type": "Polygon",
        "coordinates": [
          [
            [
              11.5435458,
              48.1641368
            ],
            [
              11.5437226,
              48.1642716
            ],
            [
              11.5435829,
              48.1643531
            ],
            [
              11.5434958,
              48.1642867
            ],
            [
              11.5434061,
              48.1642183
            ],
            [
              11.5435458,
              48.1641368
            ]
          ]
        ]
      },
      "id": "way/89457146"
    },
    {
      "type": "Feature",
      "properties": {
        "@id": "way/23388059",
        "addr:city": "München",
        "addr:country": "DE",
        "addr:housenumber": "128",
        "addr:postcode": "80637",
        "addr:street": "Dachauer Straße",
        "landuse": "military",
        "military": "office",
        "name": "Bundeswehrverwaltungszentrum"
      },
      "geometry": {
        "type": "Polygon",
        "coordinates": [
          [
            [
              11.5427401,
              48.1634816
            ],
            [
              11.544477,
              48.164801
            ],
            [
              11.5441436,
              48.1650072
            ],
            [
              11.5447741,
              48.1654848
            ],
            [
              11.5442791,
              48.1660532
            ],
            [
              11.544302,
              48.1661196
            ],
            [
              11.5445278,
              48.1662805
            ],
            [
              11.543777,
              48.1671756
            ],
            [
              11.5447966,
              48.167823
            ],
            [
              11.54454,
              48.1684722
            ],
            [
              11.5436726,
              48.1690959
            ],
            [
              11.5424211,
              48.1689882
            ],
            [
              11.539227,
              48.168058
            ],
            [
              11.5387711,
              48.1678221
            ],
            [
              11.5386457,
              48.1656466
            ],
            [
              11.5397013,
              48.1646727
            ],
            [
              11.5411076,
              48.1638483
            ],
            [
              11.5425422,
              48.1648746
            ],
            [
              11.5433064,
              48.1644112
            ],
            [
              11.5434565,
              48.1645081
            ],
            [
              11.543788,
              48.1643096
            ],
            [
              11.5434758,
              48.1640788
            ],
            [
              11.5432435,
              48.1642047
            ],
            [
              11.5425109,
              48.1636841
            ],
            [
              11.5424979,
              48.1636304
            ],
            [
              11.5427401,
              48.1634816
            ]
          ]
        ]
      },
      "id": "way/23388059"
    },
    {
      "type": "Feature",
      "properties": {
        "@id": "way/1125431634",
        "amenity": "police",
        "name": "Bayerisches Landeskriminalamt",
        "name:en": "Bavarian State Criminal Police Office",
        "operator": "Bayerisches Landeskriminalamt",
        "operator:short": "BLKA",
        "operator:wikidata": "Q812427",
        "operator:wikipedia": "de:Bayerisches Landeskriminalamt",
        "police": "offices",
        "wheelchair": "limited"
      },
      "geometry": {
        "type": "Polygon",
        "coordinates": [
          [
            [
              11.5563753,
              48.1606203
            ],
            [
              11.5562983,
              48.1605813
            ],
            [
              11.5562485,
              48.1605561
            ],
            [
              11.5555358,
              48.1601753
            ],
            [
              11.5555145,
              48.1601637
            ],
            [
              11.5553955,
              48.1600993
            ],
            [
              11.5553514,
              48.1600755
            ],
            [
              11.5560099,
              48.1595383
            ],
            [
              11.5570202,
              48.1600717
            ],
            [
              11.5563753,
              48.1606203
            ]
          ]
        ]
      },
      "id": "way/1125431634"
    },
    {
      "type": "Feature",
      "properties": {
        "@id": "way/80379416",
        "addr:city": "München",
        "addr:housenumber": "41",
        "addr:postcode": "80797",
        "addr:street": "Schwere-Reiter-Straße",
        "building": "yes",
        "government": "administrative",
        "name": "Landesbaudirektion Bayern",
        "office": "government",
        "ref": "D",
        "website": "https://www.lbd.bayern.de/"
      },
      "geometry": {
        "type": "Polygon",
        "coordinates": [
          [
            [
              11.5603032,
              48.1615686
            ],
            [
              11.5605864,
              48.1615505
            ],
            [
              11.5606037,
              48.1616708
            ],
            [
              11.5603205,
              48.1616889
            ],
            [
              11.5603032,
              48.1615686
            ]
          ]
        ]
      },
      "id": "way/80379416"
    },
    {
      "type": "Feature",
      "properties": {
        "@id": "way/34103891",
        "addr:housenumber": "28a",
        "addr:street": "Schellingstraße",
        "amenity": "public_building",
        "building": "yes",
        "check_date:opening_hours": "2024-11-18",
        "contact:website": "https://stadt.muenchen.de/infos/bezirksausschuss3_maxvorstadt.html",
        "historic": "yes",
        "name": "Bürgerbüro Bezirksausschuss 3",
        "office": "government",
        "opening_hours:signed": "no",
        "operator": "Bezirksausschuss 3",
        "wheelchair": "no"
      },
      "geometry": {
        "type": "Polygon",
        "coordinates": [
          [
            [
              11.5762656,
              48.150264
            ],
            [
              11.5762962,
              48.1503113
            ],
            [
              11.576183,
              48.1503439
            ],
            [
              11.5761362,
              48.1503574
            ],
            [
              11.5761055,
              48.1503101
            ],
            [
              11.5762656,
              48.150264
            ]
          ]
        ]
      },
      "id": "way/34103891"
    },
    {
      "type": "Feature",
      "properties": {
        "@id": "way/34103818",
        "building": "yes",
        "building:levels": "3",
        "height": "17 m",
        "name": "Staatliches Bauamt München 2",
        "name:de": "Staatliches Bauamt München 2",
        "office": "government",
        "roof:colour": "#a8e1c9",
        "roof:shape": "hipped",
        "website": "https://www.stbam2.bayern.de/",
        "wikidata": "Q41180945"
      },
      "geometry": {
        "type": "Polygon",
        "coordinates": [
          [
            [
              11.580599,
              48.1485252
            ],
            [
              11.5805624,
              48.1484503
            ],
            [
              11.5805209,
              48.1483654
            ],
            [
              11.5806777,
              48.1483313
            ],
            [
              11.5808685,
              48.1482898
            ],
            [
              11.5809465,
              48.1484496
            ],
            [
              11.5806735,
              48.148509
            ],
            [
              11.580599,
              48.1485252
            ]
          ]
        ]
      },
      "id": "way/34103818"
    },
    {
      "type": "Feature",
      "properties": {
        "@id": "way/30683541",
        "addr:city": "München",
        "addr:housenumber": "1",
        "addr:postcode": "80804",
        "addr:street": "Kölner Platz",
        "amenity": "hospital",
        "beds": "650",
        "emergency": "yes",
        "healthcare": "hospital",
        "healthcare:speciality": "gynaecology;paediatrics;paediatric_surgery;otolaryngology;cardiology;orthopaedics;neurosurgery;surgery;thoracic_surgery;endocrinology;physiatry",
        "name": "München Klinik Schwabing",
        "name:en": "Munich Clinic Schwabing",
        "operator": "München Klinik gGmbH",
        "website": "https://www.muenchen-klinik.de/krankenhaus/schwabing/",
        "wheelchair": "yes",
        "wikidata": "Q1170136",
        "wikipedia": "de:München Klinik Schwabing"
      },
      "geometry": {
        "type": "Polygon",
        "coordinates": [
          [
            [
              11.5752024,
              48.1703385
            ],
            [
              11.575299,
              48.170326
            ],
            [
              11.5756839,
              48.1702817
            ],
            [
              11.5761229,
              48.1702864
            ],
            [
              11.5761227,
              48.1702686
            ],
            [
              11.5761703,
              48.1702684
            ],
            [
              11.5762072,
              48.1702691
            ],
            [
              11.5765939,
              48.1702794
            ],
            [
              11.5766975,
              48.1702858
            ],
            [
              11.576959,
              48.1703018
            ],
            [
              11.5770411,
              48.170307
            ],
            [
              11.5770451,
              48.1702818
            ],
            [
              11.5771421,
              48.1702886
            ],
            [
              11.5771402,
              48.1703024
            ],
            [
              11.5782567,
              48.1703842
            ],
            [
              11.5786861,
              48.1704089
            ],
            [
              11.578741,
              48.1704127
            ],
            [
              11.5795233,
              48.1704888
            ],
            [
              11.5795252,
              48.17048
            ],
            [
              11.5795354,
              48.1704742
            ],
            [
              11.5795507,
              48.1704718
            ],
            [
              11.5795666,
              48.1704736
            ],
            [
              11.5795784,
              48.1704782
            ],
            [
              11.5795814,
              48.1704855
            ],
            [
              11.579579,
              48.1704964
            ],
            [
              11.5799466,
              48.1705364
            ],
            [
              11.5799546,
              48.1705451
            ],
            [
              11.5799858,
              48.1705478
            ],
            [
              11.5800209,
              48.1705506
            ],
            [
              11.5800771,
              48.1705562
            ],
            [
              11.5801353,
              48.1705647
            ],
            [
              11.5803786,
              48.1706045
            ],
            [
              11.5803984,
              48.1706078
            ],
            [
              11.580412,
              48.1706102
            ],
            [
              11.5809519,
              48.1707105
            ],
            [
              11.5809608,
              48.1707122
            ],
            [
              11.5809684,
              48.1707158
            ],
            [
              11.5809738,
              48.1707209
            ],
            [
              11.5809764,
              48.1707268
            ],
            [
              11.5810834,
              48.1707481
            ],
            [
              11.5817235,
              48.1708854
            ],
            [
              11.5816325,
              48.1714071
            ],
            [
              11.5816934,
              48.1714126
            ],
            [
              11.5817545,
              48.1714545
            ],
            [
              11.5816974,
              48.1718281
            ],
            [
              11.5816788,
              48.1719327
            ],
            [
              11.5821094,
              48.1719699
            ],
            [
              11.5822482,
              48.1719822
            ],
            [
              11.5822576,
              48.1719934
            ],
            [
              11.582256,
              48.1720081
            ],
            [
              11.5822392,
              48.1720146
            ],
            [
              11.5822239,
              48.1720784
            ],
            [
              11.582197,
              48.1722042
            ],
            [
              11.5821632,
              48.1723622
            ],
            [
              11.5821618,
              48.1723689
            ],
            [
              11.5821586,
              48.1723812
            ],
            [
              11.5821455,
              48.1724438
            ],
            [
              11.5821374,
              48.1724792
            ],
            [
              11.5821143,
              48.1725939
            ],
            [
              11.5821085,
              48.1726272
            ],
            [
              11.5820827,
              48.1726252
            ],
            [
              11.5820407,
              48.1728369
            ],
            [
              11.5816989,
              48.17281
            ],
            [
              11.5816736,
              48.1729529
            ],
            [
              11.581719,
              48.1729565
            ],
            [
              11.5816911,
              48.1731145
            ],
            [
              11.5816763,
              48.1731134
            ],
            [
              11.5816283,
              48.1733849
            ],
            [
              11.5816062,
              48.1735197
            ],
            [
              11.5800188,
              48.1735229
            ],
            [
              11.5800177,
              48.1735685
            ],
            [
              11.5799017,
              48.1735673
            ],
            [
              11.5799009,
              48.1736034
            ],
            [
              11.5798272,
              48.1736027
            ],
            [
              11.5798279,
              48.1735676
            ],
            [
              11.5797161,
              48.1735665
            ],
            [
              11.5797172,
              48.1735192
            ],
            [
              11.5796385,
              48.173519
            ],
            [
              11.5796398,
              48.173508
            ],
            [
              11.5796338,
              48.1734992
            ],
            [
              11.5796208,
              48.173491
            ],
            [
              11.5795991,
              48.1734846
            ],
            [
              11.5795328,
              48.1734815
            ],
            [
              11.5794654,
              48.1734784
            ],
            [
              11.579438,
              48.1734847
            ],
            [
              11.5794229,
              48.1734977
            ],
            [
              11.5794215,
              48.1735068
            ],
            [
              11.5793595,
              48.1735043
            ],
            [
              11.5782669,
              48.1734575
            ],
            [
              11.5780306,
              48.1734453
            ],
            [
              11.5775095,
              48.1734258
            ],
            [
              11.5775039,
              48.1734354
            ],
            [
              11.5774919,
              48.1734418
            ],
            [
              11.5774767,
              48.1734434
            ],
            [
              11.5774623,
              48.1734397
            ],
            [
              11.5774527,
              48.1734317
            ],
            [
              11.5771665,
              48.1734158
            ],
            [
              11.5771679,
              48.1734059
            ],
            [
              11.5770822,
              48.1734007
            ],
            [
              11.5765535,
              48.1733648
            ],
            [
              11.5761066,
              48.1733363
            ],
            [
              11.5751336,
              48.1732622
            ],
            [
              11.5749414,
              48.1732467
            ],
            [
              11.5749406,
              48.1732524
            ],
            [
              11.5748623,
              48.1732474
            ],
            [
              11.5748697,
              48.1731955
            ],
            [
              11.5748922,
              48.1730659
            ],
            [
              11.574942,
              48.1727327
            ],
            [
              11.5749393,
              48.1727095
            ],
            [
              11.5749125,
              48.1726969
            ],
            [
              11.5746634,
              48.1726809
            ],
            [
              11.57465,
              48.1726898
            ],
            [
              11.5746314,
              48.1726918
            ],
            [
              11.5746147,
              48.1726861
            ],
            [
              11.5746061,
              48.1726749
            ],
            [
              11.5746091,
              48.1726625
            ],
            [
              11.5746224,
              48.1726536
            ],
            [
              11.5747566,
              48.1718364
            ],
            [
              11.574789,
              48.1718383
            ],
            [
              11.5748485,
              48.1714359
            ],
            [
              11.5748531,
              48.1713957
            ],
            [
              11.574958,
              48.1707499
            ],
            [
              11.574975,
              48.1706402
            ],
            [
              11.5749836,
              48.1705658
            ],
            [
              11.5749897,
              48.1705217
            ],
            [
              11.5750046,
              48.1704534
            ],
            [
              11.5750321,
              48.1704172
            ],
            [
              11.575071,
              48.1703855
            ],
            [
              11.5751166,
              48.17036
            ],
            [
              11.5752024,
              48.1703385
            ]
          ]
        ]
      },
      "id": "way/30683541"
    },
    {
      "type": "Feature",
      "properties": {
        "@id": "way/37701742",
        "building": "yes",
        "check_date": "2025-06-09",
        "name": "Sozialreferat Jugendamt",
        "office": "government",
        "roof:colour": "6b5543",
        "roof:shape": "gabled"
      },
      "geometry": {
        "type": "Polygon",
        "coordinates": [
          [
            [
              11.5797916,
              48.1638848
            ],
            [
              11.5798033,
              48.1637369
            ],
            [
              11.5798063,
              48.1636993
            ],
            [
              11.5799202,
              48.1637033
            ],
            [
              11.5799152,
              48.1637672
            ],
            [
              11.5803746,
              48.1637834
            ],
            [
              11.5803636,
              48.1638962
            ],
            [
              11.5797916,
              48.1638848
            ]
          ]
        ]
      },
      "id": "way/37701742"
    },
    {
      "type": "Feature",
      "properties": {
        "@id": "way/386791408",
        "addr:city": "München",
        "addr:country": "DE",
        "addr:housenumber": "4",
        "addr:postcode": "80804",
        "addr:street": "Parzivalplatz",
        "alt_name": "Neurologisches Krankenhaus München",
        "amenity": "hospital",
        "beds": "157",
        "check_date": "2024-05-19",
        "contact:email": "info@schoen-kliniken.de",
        "contact:phone": "+49 89 360 870",
        "contact:website": "https://www.schoen-klinik.de/muenchen-schwabing",
        "contact:website:en": "https://www.schoen-clinic.com/",
        "emergency": "no",
        "healthcare": "hospital",
        "healthcare:speciality": "rehabilitation;neurology",
        "name": "Schön Klinik München Schwabing",
        "name:en": "Schoen Clinic München Schwabing",
        "operator": "Schön Klinik",
        "operator:type": "private",
        "operator:wikidata": "Q2258661",
        "operator:wikipedia": "de:Schön Klinik",
        "start_date": "1925",
        "wheelchair": "yes"
      },
      "geometry": {
        "type": "Polygon",
        "coordinates": [
          [
            [
              11.5853515,
              48.1715991
            ],
            [
              11.5853409,
              48.1716961
            ],
            [
              11.5853828,
              48.1716979
            ],
            [
              11.5853918,
              48.1717573
            ],
            [
              11.5854526,
              48.17176
            ],
            [
              11.5856272,
              48.171768
            ],
            [
              11.5856124,
              48.1719282
            ],
            [
              11.5855844,
              48.1722322
            ],
            [
              11.5855818,
              48.1722594
            ],
            [
              11.5855734,
              48.1723507
            ],
            [
              11.5852897,
              48.172339
            ],
            [
              11.5850403,
              48.1723287
            ],
            [
              11.584874,
              48.1723206
            ],
            [
              11.584894,
              48.1721206
            ],
            [
              11.5844014,
              48.1720986
            ],
            [
              11.5843654,
              48.172097
            ],
            [
              11.5843694,
              48.1719332
            ],
            [
              11.5844329,
              48.1715579
            ],
            [
              11.5844565,
              48.171441
            ],
            [
              11.5845024,
              48.1712109
            ],
            [
              11.5849522,
              48.1712383
            ],
            [
              11.5850796,
              48.1712456
            ],
            [
              11.5853886,
              48.1712649
            ],
            [
              11.5853765,
              48.1713711
            ],
            [
              11.5853629,
              48.1714954
            ],
            [
              11.5853515,
              48.1715991
            ]
          ]
        ]
      },
      "id": "way/386791408"
    },
    {
      "type": "Feature",
      "properties": {
        "@id": "way/1246867450",
        "addr:city": "München",
        "addr:housenumber": "1",
        "addr:postcode": "80804",
        "addr:street": "Kölner Platz",
        "aeroway": "helipad",
        "layer": "1",
        "location": "roof",
        "maxweight": "6",
        "name": "Klinikum Schwabing"
      },
      "geometry": {
        "type": "Polygon",
        "coordinates": [
          [
            [
              11.577373,
              48.171046
            ],
            [
              11.5774045,
              48.1708598
            ],
            [
              11.5777371,
              48.1708848
            ],
            [
              11.5777056,
              48.171071
            ],
            [
              11.577373,
              48.171046
            ]
          ]
        ]
      },
      "id": "way/1246867450"
    },
    {
      "type": "Feature",
      "properties": {
        "@id": "way/42302909",
        "addr:city": "München",
        "addr:country": "DE",
        "addr:housenumber": "53",
        "addr:postcode": "80809",
        "addr:street": "Lerchenauer Straße",
        "building": "yes",
        "height": "15",
        "historic": "yes",
        "military": "bunker",
        "name": "Hochbunker",
        "roof:colour": "grey",
        "roof:shape": "flat",
        "source:height": "estimation",
        "url": "https://geoportal.bayern.de/denkmalatlas/searchResult.html?koid=29413&objtyp=bau",
        "wikidata": "Q23785444",
        "wikimedia_commons": "File:Lerchenauerstr53 Muenchen-01.jpg",
        "wikipedia": "de:Hochbunker Lerchenauer Straße"
      },
      "geometry": {
        "type": "Polygon",
        "coordinates": [
          [
            [
              11.5595903,
              48.1745636
            ],
            [
              11.5595607,
              48.1745383
            ],
            [
              11.5595531,
              48.1745169
            ],
            [
              11.5595577,
              48.1744934
            ],
            [
              11.5595733,
              48.174474
            ],
            [
              11.5595979,
              48.1744593
            ],
            [
              11.5596286,
              48.1744512
            ],
            [
              11.5596633,
              48.1744506
            ],
            [
              11.5596945,
              48.1744579
            ],
            [
              11.5597201,
              48.1744718
            ],
            [
              11.559737,
              48.1744908
            ],
            [
              11.5597425,
              48.1745203
            ],
            [
              11.5597253,
              48.1745501
            ],
            [
              11.559692,
              48.1745695
            ],
            [
              11.5596699,
              48.1745749
            ],
            [
              11.5596369,
              48.1745762
            ],
            [
              11.5596197,
              48.1745737
            ],
            [
              11.5595903,
              48.1745636
            ]
          ]
        ]
      },
      "id": "way/42302909"
    },
    {
      "type": "Feature",
      "properties": {
        "@id": "way/1235147548",
        "aeroway": "helipad"
      },
      "geometry": {
        "type": "Polygon",
        "coordinates": [
          [
            [
              11.5557564,
              48.1822781
            ],
            [
              11.555776,
              48.1822727
            ],
            [
              11.5557967,
              48.182276
            ],
            [
              11.5558105,
              48.1822868
            ],
            [
              11.5558121,
              48.1823009
            ],
            [
              11.555801,
              48.182313
            ],
            [
              11.5557814,
              48.1823184
            ],
            [
              11.5557607,
              48.1823151
            ],
            [
              11.5557469,
              48.1823043
            ],
            [
              11.5557453,
              48.1822902
            ],
            [
              11.5557564,
              48.1822781
            ]
          ]
        ]
      },
      "id": "way/1235147548"
    },
    {
      "type": "Feature",
      "properties": {
        "@id": "way/48445987",
        "addr:city": "München",
        "addr:country": "DE",
        "addr:housenumber": "77",
        "addr:postcode": "80809",
        "addr:street": "Moosacher Straße",
        "amenity": "police",
        "building": "yes",
        "building:levels": "6",
        "check_date": "2024-08-02",
        "name": "Polizeiinspektion München 43 (Olympiapark)",
        "ref": "PI 43",
        "roof:colour": "grey",
        "roof:shape": "flat",
        "wheelchair": "limited"
      },
      "geometry": {
        "type": "Polygon",
        "coordinates": [
          [
            [
              11.5532342,
              48.185792
            ],
            [
              11.5532471,
              48.1856701
            ],
            [
              11.5532616,
              48.1856708
            ],
            [
              11.5532829,
              48.1856718
            ],
            [
              11.5536127,
              48.1856874
            ],
            [
              11.5535997,
              48.1858093
            ],
            [
              11.5534099,
              48.1858003
            ],
            [
              11.5532342,
              48.185792
            ]
          ]
        ]
      },
      "id": "way/48445987"
    },
    {
      "type": "Feature",
      "properties": {
        "@id": "way/83811137",
        "addr:city": "München",
        "addr:country": "DE",
        "addr:housenumber": "281",
        "addr:street": "Schleißheimer Straße",
        "building": "bunker",
        "historic": "yes",
        "military": "bunker",
        "name": "Hochbunker",
        "wikimedia_commons": "Category:Hochbunker Schleißheimer Straße 281",
        "wikipedia": "de:Hochbunker Schleißheimer Straße"
      },
      "geometry": {
        "type": "Polygon",
        "coordinates": [
          [
            [
              11.5665828,
              48.1814712
            ],
            [
              11.5664934,
              48.1814655
            ],
            [
              11.5664706,
              48.181447
            ],
            [
              11.5664368,
              48.1814199
            ],
            [
              11.5664454,
              48.1813608
            ],
            [
              11.566485,
              48.181339
            ],
            [
              11.5665141,
              48.181323
            ],
            [
              11.5665241,
              48.1813237
            ],
            [
              11.5666035,
              48.1813288
            ],
            [
              11.5666594,
              48.1813746
            ],
            [
              11.5666508,
              48.1814337
            ],
            [
              11.5665828,
              48.1814712
            ]
          ]
        ]
      },
      "id": "way/83811137"
    },
    {
      "type": "Feature",
      "properties": {
        "@id": "way/122727555",
        "addr:city": "München",
        "addr:country": "DE",
        "addr:housenumber": "10",
        "addr:postcode": "80804",
        "addr:street": "Kraepelinstraße",
        "amenity": "hospital",
        "building:part": "yes",
        "healthcare": "hospital",
        "healthcare:speciality": "physiatry",
        "name": "Klinik des Max-Planck-Instituts für Psychiatrie",
        "name:en": "Max Planck Institute of Psychiatry",
        "name:ru": "Институт психиатрии имени Макса Планки",
        "name:uk": "Інститут психіатрії імені Макса Планки",
        "source": "Bing"
      },
      "geometry": {
        "type": "Polygon",
        "coordinates": [
          [
            [
              11.5759568,
              48.1736806
            ],
            [
              11.5762851,
              48.173704
            ],
            [
              11.5763633,
              48.1737095
            ],
            [
              11.5769822,
              48.1737535
            ],
            [
              11.5769611,
              48.1738858
            ],
            [
              11.5769525,
              48.1738852
            ],
            [
              11.5769225,
              48.1740729
            ],
            [
              11.5764573,
              48.1740398
            ],
            [
              11.5764119,
              48.1740366
            ],
            [
              11.5763645,
              48.1740332
            ],
            [
              11.5759057,
              48.1740007
            ],
            [
              11.5759353,
              48.1738153
            ],
            [
              11.5759473,
              48.1737399
            ],
            [
              11.5759568,
              48.1736806
            ]
          ]
        ]
      },
      "id": "way/122727555"
    },
    {
      "type": "Feature",
      "properties": {
        "@id": "way/93923029",
        "addr:housenumber": "3",
        "addr:street": "Anhalter Platz",
        "building": "yes",
        "bunker_type": "hardened_aircraft_shelter",
        "historic": "yes",
        "military": "bunker",
        "name": "Hochbunker am Anhalter Platz",
        "wikimedia_commons": "Category:Hochbunker am Anhalter Platz",
        "wikipedia": "de:Hochbunker Anhalter Platz"
      },
      "geometry": {
        "type": "Polygon",
        "coordinates": [
          [
            [
              11.5613099,
              48.1872291
            ],
            [
              11.5612603,
              48.187183
            ],
            [
              11.561272,
              48.1871253
            ],
            [
              11.5613471,
              48.1870916
            ],
            [
              11.5614316,
              48.1871016
            ],
            [
              11.5614806,
              48.1871466
            ],
            [
              11.5614668,
              48.1872058
            ],
            [
              11.5613942,
              48.1872386
            ],
            [
              11.5613099,
              48.1872291
            ]
          ]
        ]
      },
      "id": "way/93923029"
    },
    {
      "type": "Feature",
      "properties": {
        "@id": "way/174695008",
        "addr:city": "München",
        "addr:country": "DE",
        "addr:housenumber": "14",
        "addr:postcode": "80802",
        "addr:street": "Mandlstraße",
        "building": "yes",
        "name": "Standesamt Mandlstraße",
        "office": "government",
        "opening_hours:signed": "no",
        "roof:colour": "red",
        "roof:shape": "hipped",
        "wheelchair": "yes"
      },
      "geometry": {
        "type": "Polygon",
        "coordinates": [
          [
            [
              11.5909258,
              48.1583213
            ],
            [
              11.5909072,
              48.1582914
            ],
            [
              11.5908799,
              48.1582475
            ],
            [
              11.5909033,
              48.158241
            ],
            [
              11.5908718,
              48.1581904
            ],
            [
              11.5910421,
              48.1581432
            ],
            [
              11.5911481,
              48.1583137
            ],
            [
              11.591127,
              48.1583195
            ],
            [
              11.5911474,
              48.1583523
            ],
            [
              11.5910175,
              48.1583883
            ],
            [
              11.5909974,
              48.158356
            ],
            [
              11.5909765,
              48.1583617
            ],
            [
              11.5909476,
              48.1583153
            ],
            [
              11.5909258,
              48.1583213
            ]
          ]
        ]
      },
      "id": "way/174695008"
    },
    {
      "type": "Feature",
      "properties": {
        "@id": "way/60178902",
        "addr:city": "München",
        "addr:country": "DE",
        "addr:housenumber": "95",
        "addr:postcode": "81675",
        "addr:street": "Ismaninger Straße",
        "addr:suburb": "Bogenhausen",
        "amenity": "courthouse",
        "building": "public",
        "internet_access": "wlan",
        "internet_access:fee": "no",
        "name": "Finanzgericht München",
        "roof:shape": "flat",
        "website": "https://www.finanzgerichte.bayern.de/",
        "wikidata": "Q1416346",
        "wikimedia_commons": "Category:Finanzgericht München",
        "wikipedia": "de:Finanzgericht München"
      },
      "geometry": {
        "type": "Polygon",
        "coordinates": [
          [
            [
              11.6036116,
              48.1472337
            ],
            [
              11.6030212,
              48.147397
            ],
            [
              11.6029492,
              48.1472763
            ],
            [
              11.6033265,
              48.1471755
            ],
            [
              11.6032117,
              48.1469795
            ],
            [
              11.6033632,
              48.1469207
            ],
            [
              11.6034916,
              48.1470825
            ],
            [
              11.6036116,
              48.1472337
            ]
          ]
        ]
      },
      "id": "way/60178902"
    },
    {
      "type": "Feature",
      "properties": {
        "@id": "way/1428000359",
        "addr:city": "München",
        "addr:country": "DE",
        "addr:housenumber": "29",
        "addr:postcode": "80802",
        "addr:street": "Biedersteiner Straße",
        "amenity": "hospital",
        "healthcare": "hospital",
        "healthcare:speciality": "dermatology",
        "name": "Klinik und Poliklinik für Dermatologie und Allergologie am Biederstein, Technische Universität München",
        "operator": "Klinikum der Technischen Universität München (TUM Klinikum)",
        "short_name": "Universitäts-Hautklinik",
        "website": "https://derma-allergie.med.tum.de/"
      },
      "geometry": {
        "type": "Polygon",
        "coordinates": [
          [
            [
              11.5924872,
              48.1654468
            ],
            [
              11.5923397,
              48.1652723
            ],
            [
              11.5921627,
              48.1650201
            ],
            [
              11.5918811,
              48.1646462
            ],
            [
              11.5921077,
              48.1645737
            ],
            [
              11.5917456,
              48.1640567
            ],
            [
              11.591287,
              48.1633733
            ],
            [
              11.5923411,
              48.16313
            ],
            [
              11.5928118,
              48.1630072
            ],
            [
              11.5931524,
              48.1634887
            ],
            [
              11.5934823,
              48.1638053
            ],
            [
              11.5938136,
              48.1640486
            ],
            [
              11.5943635,
              48.1644458
            ],
            [
              11.5943487,
              48.1644816
            ],
            [
              11.5940416,
              48.1646569
            ],
            [
              11.5930988,
              48.1651587
            ],
            [
              11.5924872,
              48.1654468
            ]
          ]
        ]
      },
      "id": "way/1428000359"
    },
    {
      "type": "Feature",
      "properties": {
        "@id": "way/1423551898",
        "addr:city": "München",
        "addr:country": "DE",
        "addr:housenumber": "44",
        "addr:postcode": "81679",
        "addr:street": "Denninger Straße",
        "amenity": "hospital",
        "check_date": "2025-10-25",
        "email": "info@lubos-kliniken.de",
        "emergency": "no",
        "fax": "+49 89 92794 1501",
        "healthcare": "hospital",
        "healthcare:speciality": "surgery;gynaecology;orthopaedics;urology;anaesthetics",
        "name": "Dr. Lubos Kliniken Bogenhausen",
        "operator": "Dr. Lubos Kliniken Bogenhausen GmbH",
        "operator:type": "private",
        "phone": "+49 89 92794 0",
        "ref:vatin": "DE814323213",
        "website": "https://www.lubos-kliniken.de/bogenhausen/",
        "wheelchair": "yes",
        "wikidata": "Q97750632",
        "wikimedia_commons": "File:Krankenhaus – Dr. Lubos Kliniken Bogenhausen.jpg",
        "wikipedia": "de:Dr. Lubos Kliniken Bogenhausen"
      },
      "geometry": {
        "type": "Polygon",
        "coordinates": [
          [
            [
              11.6142676,
              48.1489224
            ],
            [
              11.6141049,
              48.1482602
            ],
            [
              11.6149695,
              48.148186
            ],
            [
              11.61507,
              48.1488315
            ],
            [
              11.6142676,
              48.1489224
            ]
          ]
        ]
      },
      "id": "way/1423551898"
    },
    {
      "type": "Feature",
      "properties": {
        "@id": "way/83826104",
        "aeroway": "helipad",
        "lit": "yes",
        "operator": "München Klinik Bogenhausen",
        "ref": "DE-0472",
        "surface": "concrete"
      },
      "geometry": {
        "type": "Polygon",
        "coordinates": [
          [
            [
              11.6259714,
              48.1543275
            ],
            [
              11.6261535,
              48.1541784
            ],
            [
              11.6263751,
              48.1542988
            ],
            [
              11.6261931,
              48.154448
            ],
            [
              11.6260131,
              48.1543501
            ],
            [
              11.6259714,
              48.1543275
            ]
          ]
        ]
      },
      "id": "way/83826104"
    },
    {
      "type": "Feature",
      "properties": {
        "@id": "way/1026169510",
        "addr:city": "München",
        "addr:country": "DE",
        "addr:housenumber": "77",
        "addr:postcode": "81925",
        "addr:street": "Englschalkinger Straße",
        "amenity": "hospital",
        "email": "kmb@kh-bogenhausen.de",
        "healthcare": "hospital",
        "name": "München Klinik Bogenhausen",
        "operator": "München Klinik gGmbH",
        "operator:type": "public",
        "phone": "+49 89 9270-0",
        "website": "https://www.muenchen-klinik.de/krankenhaus/bogenhausen/",
        "wikidata": "Q1774595"
      },
      "geometry": {
        "type": "Polygon",
        "coordinates": [
          [
            [
              11.6226499,
              48.1540125
            ],
            [
              11.6239713,
              48.1540311
            ],
            [
              11.624195,
              48.1539285
            ],
            [
              11.6262785,
              48.1538352
            ],
            [
              11.6265931,
              48.1544509
            ],
            [
              11.6268378,
              48.154894
            ],
            [
              11.6268937,
              48.1554257
            ],
            [
              11.6270196,
              48.1558642
            ],
            [
              11.6246355,
              48.1564565
            ],
            [
              11.6238175,
              48.1564239
            ],
            [
              11.6232302,
              48.1563166
            ],
            [
              11.622524,
              48.1557896
            ],
            [
              11.6226499,
              48.1540125
            ]
          ]
        ]
      },
      "id": "way/1026169510"
    },
    {
      "type": "Feature",
      "properties": {
        "@id": "way/1284970108",
        "aeroway": "helipad"
      },
      "geometry": {
        "type": "Polygon",
        "coordinates": [
          [
            [
              11.6260095,
              48.155456
            ],
            [
              11.6260053,
              48.1554325
            ],
            [
              11.6260137,
              48.1553038
            ],
            [
              11.6260195,
              48.1552272
            ],
            [
              11.6260271,
              48.1551975
            ],
            [
              11.6260405,
              48.1551707
            ],
            [
              11.6260673,
              48.1551478
            ],
            [
              11.6261034,
              48.1551231
            ],
            [
              11.6261411,
              48.1551097
            ],
            [
              11.6261759,
              48.1551014
            ],
            [
              11.6262185,
              48.1550978
            ],
            [
              11.6262646,
              48.1551003
            ],
            [
              11.6263157,
              48.1551111
            ],
            [
              11.626358,
              48.1551288
            ],
            [
              11.6263925,
              48.1551521
            ],
            [
              11.626419,
              48.1551839
            ],
            [
              11.6264313,
              48.1552159
            ],
            [
              11.6264344,
              48.155239
            ],
            [
              11.6264302,
              48.1552661
            ],
            [
              11.6264164,
              48.1552943
            ],
            [
              11.6263933,
              48.1553192
            ],
            [
              11.6263196,
              48.1553827
            ],
            [
              11.6262473,
              48.1554465
            ],
            [
              11.6262185,
              48.1554714
            ],
            [
              11.6262001,
              48.1554873
            ],
            [
              11.6261828,
              48.1554963
            ],
            [
              11.6261601,
              48.1555045
            ],
            [
              11.6261364,
              48.1555081
            ],
            [
              11.6261168,
              48.155509
            ],
            [
              11.6260946,
              48.1555073
            ],
            [
              11.6260726,
              48.1555026
            ],
            [
              11.626051,
              48.155495
            ],
            [
              11.6260358,
              48.1554857
            ],
            [
              11.6260233,
              48.1554747
            ],
            [
              11.6260144,
              48.1554647
            ],
            [
              11.6260095,
              48.155456
            ]
          ]
        ]
      },
      "id": "way/1284970108"
    },
    {
      "type": "Feature",
      "properties": {
        "@id": "way/1423551888",
        "amenity": "hospital",
        "email": "muenchen@pk-mx.de",
        "emergency": "no",
        "fax": "+49 89 917756",
        "healthcare": "hospital",
        "healthcare:speciality": "otolaryngology;surgery;maxillofacial_surgery",
        "name": "Paracelsus Klinik München",
        "operator": "Paracelsus-Kliniken Deutschland GmbH & Co. KGaA",
        "operator:type": "private",
        "operator:wikidata": "Q2051237",
        "phone": "+49 89 92005-0",
        "wikidata": "Q64554351"
      },
      "geometry": {
        "type": "Polygon",
        "coordinates": [
          [
            [
              11.6318151,
              48.1554295
            ],
            [
              11.6309146,
              48.1555988
            ],
            [
              11.6307101,
              48.1551564
            ],
            [
              11.6314524,
              48.1550083
            ],
            [
              11.6315067,
              48.1550038
            ],
            [
              11.6315489,
              48.1550092
            ],
            [
              11.6315939,
              48.1550226
            ],
            [
              11.631622,
              48.1550392
            ],
            [
              11.6316562,
              48.1550683
            ],
            [
              11.6318151,
              48.1554295
            ]
          ]
        ]
      },
      "id": "way/1423551888"
    },
    {
      "type": "Feature",
      "properties": {
        "@id": "way/403509923",
        "building": "yes",
        "level": "-1",
        "location": "underground",
        "military": "bunker",
        "name": "Bunker"
      },
      "geometry": {
        "type": "Polygon",
        "coordinates": [
          [
            [
              11.6233225,
              48.1648766
            ],
            [
              11.6230721,
              48.1646065
            ],
            [
              11.6232172,
              48.1645467
            ],
            [
              11.6234676,
              48.1648167
            ],
            [
              11.6233225,
              48.1648766
            ]
          ]
        ]
      },
      "id": "way/403509923"
    },
    {
      "type": "Feature",
      "properties": {
        "@id": "way/120258174",
        "alt_name": "Sanitätsakademie der Bundeswehr (SanAkBw)",
        "landuse": "military",
        "name": "Ernst-von-Bergmann-Kaserne",
        "note": "Kein Militärgebäude sondern eine Kaserne",
        "old_name:1936-1945": "SS-Kaserne Freimann",
        "wikidata": "Q1357252",
        "wikimedia_commons": "Category:Ernst-von-Bergmann-Kaserne",
        "wikipedia": "de:Ernst-von-Bergmann-Kaserne"
      },
      "geometry": {
        "type": "Polygon",
        "coordinates": [
          [
            [
              11.5864929,
              48.2083656
            ],
            [
              11.5868603,
              48.2103012
            ],
            [
              11.5798742,
              48.2109047
            ],
            [
              11.5786701,
              48.2109911
            ],
            [
              11.5782905,
              48.210987
            ],
            [
              11.5779578,
              48.209304
            ],
            [
              11.5782047,
              48.2091271
            ],
            [
              11.579348,
              48.209032
            ],
            [
              11.5796261,
              48.2087995
            ],
            [
              11.5794138,
              48.2077257
            ],
            [
              11.5800824,
              48.2073477
            ],
            [
              11.5848959,
              48.2069197
            ],
            [
              11.5850816,
              48.2069032
            ],
            [
              11.5849491,
              48.2061653
            ],
            [
              11.5860463,
              48.2060562
            ],
            [
              11.5864929,
              48.2083656
            ]
          ]
        ]
      },
      "id": "way/120258174"
    },
    {
      "type": "Feature",
      "properties": {
        "@id": "way/1312218273",
        "aeroway": "aerodrome",
        "alt_name": "Flugplatz Schleißheim",
        "ele": "486",
        "icao": "EDNX",
        "name": "Sonderlandeplatz Oberschleißheim",
        "note": "Nur Sichtflüge (VFR)",
        "wikidata": "Q126210",
        "wikipedia": "de:Flugplatz Schleißheim"
      },
      "geometry": {
        "type": "Polygon",
        "coordinates": [
          [
            [
              11.5510994,
              48.2382443
            ],
            [
              11.5513301,
              48.2375529
            ],
            [
              11.5514401,
              48.2366525
            ],
            [
              11.5514092,
              48.2364871
            ],
            [
              11.5514652,
              48.2359757
            ],
            [
              11.5514635,
              48.235833
            ],
            [
              11.5516224,
              48.2355561
            ],
            [
              11.5521267,
              48.234833
            ],
            [
              11.5523574,
              48.2347651
            ],
            [
              11.5528563,
              48.2347785
            ],
            [
              11.5533833,
              48.2348481
            ],
            [
              11.5535134,
              48.2348803
            ],
            [
              11.5540043,
              48.2347972
            ],
            [
              11.554428,
              48.2347061
            ],
            [
              11.5546748,
              48.2346463
            ],
            [
              11.5549095,
              48.234573
            ],
            [
              11.5558965,
              48.2345614
            ],
            [
              11.556893,
              48.2344765
            ],
            [
              11.556614,
              48.2359201
            ],
            [
              11.5565738,
              48.2361487
            ],
            [
              11.5576655,
              48.2375869
            ],
            [
              11.5706313,
              48.2398878
            ],
            [
              11.5706822,
              48.2399592
            ],
            [
              11.5683299,
              48.2412954
            ],
            [
              11.5510994,
              48.2382443
            ]
          ]
        ]
      },
      "id": "way/1312218273"
    },
    {
      "type": "Feature",
      "properties": {
        "@id": "way/206920067",
        "addr:city": "Oberschleißheim",
        "addr:housenumber": "1",
        "addr:postcode": "85764",
        "addr:street": "August-Schmauß-Straße",
        "building": "yes",
        "name": "Deutscher Wetterdienst - Service und Logistik",
        "office": "government"
      },
      "geometry": {
        "type": "Polygon",
        "coordinates": [
          [
            [
              11.552436,
              48.2447062
            ],
            [
              11.5524319,
              48.2445112
            ],
            [
              11.5528552,
              48.2445073
            ],
            [
              11.5528571,
              48.2445946
            ],
            [
              11.5533889,
              48.2445896
            ],
            [
              11.5533897,
              48.2446255
            ],
            [
              11.5533921,
              48.2447401
            ],
            [
              11.5533926,
              48.2447679
            ],
            [
              11.552798,
              48.2447734
            ],
            [
              11.5527965,
              48.2447029
            ],
            [
              11.552436,
              48.2447062
            ]
          ]
        ]
      },
      "id": "way/206920067"
    },
    {
      "type": "Feature",
      "properties": {
        "@id": "way/403813406",
        "government": "administrative",
        "name": "Bayerisches Landesamt für Gesundheit und Lebensmittelsicherheit, Dienststelle Oberschleißheim",
        "office": "government"
      },
      "geometry": {
        "type": "Polygon",
        "coordinates": [
          [
            [
              11.547846,
              48.2503639
            ],
            [
              11.5476199,
              48.2490284
            ],
            [
              11.5511655,
              48.2489713
            ],
            [
              11.551179,
              48.2490024
            ],
            [
              11.5516255,
              48.2500287
            ],
            [
              11.551741,
              48.2502943
            ],
            [
              11.547846,
              48.2503639
            ]
          ]
        ]
      },
      "id": "way/403813406"
    },
    {
      "type": "Feature",
      "properties": {
        "@id": "way/4532391",
        "addr:city": "Oberschleißheim",
        "addr:country": "DE",
        "addr:housenumber": "5",
        "addr:postcode": "85764",
        "addr:street": "Jägerstraße",
        "amenity": "police",
        "name": "Bundespolizei-Fliegerstaffel Oberschleißheim",
        "operator": "Bundespolizei",
        "operator:short": "BPOL",
        "operator:wikidata": "Q56026",
        "police": "helicopter_unit",
        "short_name": "BPOLFLS OBS"
      },
      "geometry": {
        "type": "Polygon",
        "coordinates": [
          [
            [
              11.5677434,
              48.229691
            ],
            [
              11.5673463,
              48.2324842
            ],
            [
              11.5673115,
              48.2330282
            ],
            [
              11.566603,
              48.2331491
            ],
            [
              11.5665531,
              48.2331584
            ],
            [
              11.5665028,
              48.2331678
            ],
            [
              11.5662023,
              48.233224
            ],
            [
              11.5657913,
              48.2333009
            ],
            [
              11.5657033,
              48.2331233
            ],
            [
              11.5650922,
              48.2330875
            ],
            [
              11.5649741,
              48.2330806
            ],
            [
              11.5638077,
              48.2328611
            ],
            [
              11.5634601,
              48.2323943
            ],
            [
              11.5635774,
              48.2315345
            ],
            [
              11.5637594,
              48.2315457
            ],
            [
              11.5637718,
              48.2314543
            ],
            [
              11.5637849,
              48.231358
            ],
            [
              11.5636849,
              48.2313519
            ],
            [
              11.563603,
              48.2313468
            ],
            [
              11.5638146,
              48.2297086
            ],
            [
              11.5638478,
              48.2294517
            ],
            [
              11.5656645,
              48.2295614
            ],
            [
              11.5677434,
              48.229691
            ]
          ]
        ]
      },
      "id": "way/4532391"
    },
    {
      "type": "Feature",
      "properties": {
        "@id": "way/1312219300",
        "access": "no",
        "addr:city": "Oberschleißheim",
        "addr:housenumber": "5",
        "addr:postcode": "85764",
        "addr:street": "Jägerstraße",
        "aeroway": "heliport",
        "icao": "EDMX",
        "name": "Bundespolizei Fliegerstaffel Oberschleißheim",
        "operator": "Bundespolizei"
      },
      "geometry": {
        "type": "Polygon",
        "coordinates": [
          [
            [
              11.5657131,
              48.2331145
            ],
            [
              11.5649778,
              48.2330696
            ],
            [
              11.5638164,
              48.2328521
            ],
            [
              11.5634792,
              48.2323924
            ],
            [
              11.5635878,
              48.2315487
            ],
            [
              11.5636173,
              48.2313419
            ],
            [
              11.5638687,
              48.2294614
            ],
            [
              11.5677103,
              48.2297035
            ],
            [
              11.5675776,
              48.2304878
            ],
            [
              11.5673093,
              48.2324934
            ],
            [
              11.5672839,
              48.2330106
            ],
            [
              11.566618,
              48.2331276
            ],
            [
              11.5667434,
              48.2335448
            ],
            [
              11.566793,
              48.2338834
            ],
            [
              11.5667796,
              48.2341621
            ],
            [
              11.5666656,
              48.2345337
            ],
            [
              11.5657657,
              48.2373296
            ],
            [
              11.5661761,
              48.2374029
            ],
            [
              11.5657376,
              48.2387235
            ],
            [
              11.5646701,
              48.2385435
            ],
            [
              11.5650657,
              48.2372099
            ],
            [
              11.5655391,
              48.2372885
            ],
            [
              11.5657255,
              48.2367535
            ],
            [
              11.5659173,
              48.2361228
            ],
            [
              11.5661815,
              48.2353287
            ],
            [
              11.5664577,
              48.2345489
            ],
            [
              11.5665878,
              48.2340665
            ],
            [
              11.5666066,
              48.233778
            ],
            [
              11.5665825,
              48.2335823
            ],
            [
              11.5664805,
              48.2331632
            ],
            [
              11.5657973,
              48.233294
            ],
            [
              11.5657131,
              48.2331145
            ]
          ]
        ]
      },
      "id": "way/1312219300"
    },
    {
      "type": "Feature",
      "properties": {
        "@id": "way/172451883",
        "aeroway": "helipad"
      },
      "geometry": {
        "type": "Polygon",
        "coordinates": [
          [
            [
              11.5652965,
              48.2377979
            ],
            [
              11.5654274,
              48.2378211
            ],
            [
              11.5654764,
              48.2378298
            ],
            [
              11.5655254,
              48.2378385
            ],
            [
              11.5656737,
              48.2378648
            ],
            [
              11.5655723,
              48.2381185
            ],
            [
              11.5654632,
              48.2380992
            ],
            [
              11.5654023,
              48.2380884
            ],
            [
              11.5653414,
              48.2380776
            ],
            [
              11.5651951,
              48.2380517
            ],
            [
              11.5652965,
              48.2377979
            ]
          ]
        ]
      },
      "id": "way/172451883"
    },
    {
      "type": "Feature",
      "properties": {
        "@id": "way/45037315",
        "landuse": "military",
        "name": "Fürst-Wrede-Kaserne",
        "wikidata": "Q1375044",
        "wikipedia": "de:Fürst-Wrede-Kaserne"
      },
      "geometry": {
        "type": "Polygon",
        "coordinates": [
          [
            [
              11.5878118,
              48.2053135
            ],
            [
              11.5901295,
              48.2051112
            ],
            [
              11.5901529,
              48.205252
            ],
            [
              11.5924224,
              48.2050404
            ],
            [
              11.5937866,
              48.2049325
            ],
            [
              11.5940116,
              48.2060824
            ],
            [
              11.5944269,
              48.2082036
            ],
            [
              11.5944584,
              48.2083646
            ],
            [
              11.5944678,
              48.2084105
            ],
            [
              11.594716,
              48.2096217
            ],
            [
              11.5951373,
              48.2116783
            ],
            [
              11.5924929,
              48.21191
            ],
            [
              11.5923595,
              48.2118386
            ],
            [
              11.5923109,
              48.2115749
            ],
            [
              11.5914148,
              48.2116487
            ],
            [
              11.5911114,
              48.2100938
            ],
            [
              11.5895996,
              48.2102169
            ],
            [
              11.5885119,
              48.2103075
            ],
            [
              11.588499,
              48.2102293
            ],
            [
              11.5884889,
              48.2101681
            ],
            [
              11.5881177,
              48.2082913
            ],
            [
              11.5873749,
              48.2083619
            ],
            [
              11.587344,
              48.2083485
            ],
            [
              11.5873165,
              48.208335
            ],
            [
              11.5872355,
              48.2079375
            ],
            [
              11.5876794,
              48.2079004
            ],
            [
              11.5876645,
              48.2078203
            ],
            [
              11.5872621,
              48.2056483
            ],
            [
              11.5878118,
              48.2053135
            ]
          ]
        ]
      },
      "id": "way/45037315"
    },
    {
      "type": "Feature",
      "properties": {
        "@id": "way/103334539",
        "aeroway": "helipad"
      },
      "geometry": {
        "type": "Polygon",
        "coordinates": [
          [
            [
              11.5919606,
              48.2076676
            ],
            [
              11.5933598,
              48.2075395
            ],
            [
              11.5934872,
              48.2081574
            ],
            [
              11.5927409,
              48.2082258
            ],
            [
              11.592088,
              48.2082856
            ],
            [
              11.5919606,
              48.2076676
            ]
          ]
        ]
      },
      "id": "way/103334539"
    },
    {
      "type": "Feature",
      "properties": {
        "@id": "way/190390271",
        "building": "yes",
        "military": "barracks",
        "name": "Fürst-Wrede-Kaserne",
        "roof:shape": "gabled"
      },
      "geometry": {
        "type": "Polygon",
        "coordinates": [
          [
            [
              11.591722,
              48.2059001
            ],
            [
              11.5930767,
              48.2057792
            ],
            [
              11.5931072,
              48.2059311
            ],
            [
              11.5917525,
              48.206052
            ],
            [
              11.591722,
              48.2059001
            ]
          ]
        ]
      },
      "id": "way/190390271"
    },
    {
      "type": "Feature",
      "properties": {
        "@id": "way/24327040",
        "access": "no",
        "description": "Blindgänger und Gefahr für Leib und Leben; Unbefugtes Betreten verboten",
        "landuse": "military",
        "note": "Sign: Militärischer Sicherheitsbereich; Gebiet ist nicht mehr abgesperrt."
      },
      "geometry": {
        "type": "Polygon",
        "coordinates": [
          [
            [
              11.6213164,
              48.2248324
            ],
            [
              11.6213423,
              48.2249229
            ],
            [
              11.6216973,
              48.2261628
            ],
            [
              11.6219373,
              48.2269171
            ],
            [
              11.6221236,
              48.2274985
            ],
            [
              11.6222015,
              48.2279842
            ],
            [
              11.6224891,
              48.2287857
            ],
            [
              11.6227098,
              48.2291131
            ],
            [
              11.6230476,
              48.2301001
            ],
            [
              11.623852,
              48.2327222
            ],
            [
              11.6242733,
              48.2332125
            ],
            [
              11.6249706,
              48.2345079
            ],
            [
              11.626464,
              48.2366805
            ],
            [
              11.6274739,
              48.2383507
            ],
            [
              11.6275538,
              48.238922
            ],
            [
              11.6276272,
              48.2392755
            ],
            [
              11.6278081,
              48.2396721
            ],
            [
              11.6279614,
              48.2402562
            ],
            [
              11.6278158,
              48.2405849
            ],
            [
              11.6274897,
              48.2408711
            ],
            [
              11.6273256,
              48.240955
            ],
            [
              11.6273615,
              48.240985
            ],
            [
              11.6274825,
              48.2410973
            ],
            [
              11.6236141,
              48.2422173
            ],
            [
              11.6214339,
              48.2428483
            ],
            [
              11.6181807,
              48.2438099
            ],
            [
              11.6150304,
              48.2447328
            ],
            [
              11.6125924,
              48.2454471
            ],
            [
              11.612072,
              48.2446335
            ],
            [
              11.6119078,
              48.2443766
            ],
            [
              11.6116989,
              48.2440498
            ],
            [
              11.6114886,
              48.2437209
            ],
            [
              11.6098384,
              48.2440033
            ],
            [
              11.6046922,
              48.2446274
            ],
            [
              11.6041229,
              48.2446964
            ],
            [
              11.6033081,
              48.2447952
            ],
            [
              11.6026331,
              48.244877
            ],
            [
              11.6025882,
              48.2447365
            ],
            [
              11.6025802,
              48.244703
            ],
            [
              11.602572,
              48.2446595
            ],
            [
              11.6021913,
              48.2446236
            ],
            [
              11.6019255,
              48.2436975
            ],
            [
              11.6015496,
              48.2423412
            ],
            [
              11.6025731,
              48.2422263
            ],
            [
              11.6026711,
              48.2421735
            ],
            [
              11.6030818,
              48.2419485
            ],
            [
              11.6043014,
              48.2420113
            ],
            [
              11.6042271,
              48.2417694
            ],
            [
              11.6040388,
              48.2415745
            ],
            [
              11.6040132,
              48.2415139
            ],
            [
              11.6039838,
              48.2413992
            ],
            [
              11.6038528,
              48.2408851
            ],
            [
              11.6043741,
              48.2409029
            ],
            [
              11.6040753,
              48.2382312
            ],
            [
              11.6009854,
              48.2382383
            ],
            [
              11.6006089,
              48.238249
            ],
            [
              11.5999131,
              48.2359841
            ],
            [
              11.604736,
              48.2368879
            ],
            [
              11.6064243,
              48.2371377
            ],
            [
              11.6086977,
              48.2373042
            ],
            [
              11.6083877,
              48.2351188
            ],
            [
              11.6083467,
              48.2343123
            ],
            [
              11.6083284,
              48.2339523
            ],
            [
              11.6084012,
              48.2330945
            ],
            [
              11.6082922,
              48.2326129
            ],
            [
              11.6080289,
              48.2321802
            ],
            [
              11.6072833,
              48.2312328
            ],
            [
              11.6072393,
              48.2311146
            ],
            [
              11.607187,
              48.230974
            ],
            [
              11.6068461,
              48.2308034
            ],
            [
              11.6082698,
              48.229463
            ],
            [
              11.6095315,
              48.227857
            ],
            [
              11.6138402,
              48.2268582
            ],
            [
              11.6146016,
              48.2267707
            ],
            [
              11.6155778,
              48.2267413
            ],
            [
              11.6163381,
              48.2267229
            ],
            [
              11.6170208,
              48.2266016
            ],
            [
              11.6176307,
              48.2262575
            ],
            [
              11.6180776,
              48.2257646
            ],
            [
              11.6213164,
              48.2248324
            ]
          ]
        ]
      },
      "id": "way/24327040"
    },
    {
      "type": "Feature",
      "properties": {
        "@id": "way/1235679253",
        "aeroway": "helipad"
      },
      "geometry": {
        "type": "Polygon",
        "coordinates": [
          [
            [
              11.6191163,
              48.2123898
            ],
            [
              11.6191141,
              48.212381
            ],
            [
              11.6191163,
              48.2123722
            ],
            [
              11.6191228,
              48.2123643
            ],
            [
              11.6191326,
              48.2123583
            ],
            [
              11.6191449,
              48.2123547
            ],
            [
              11.6191583,
              48.212354
            ],
            [
              11.6191712,
              48.2123563
            ],
            [
              11.6191824,
              48.2123612
            ],
            [
              11.6191905,
              48.2123682
            ],
            [
              11.6191948,
              48.2123766
            ],
            [
              11.6191948,
              48.2123855
            ],
            [
              11.6191904,
              48.2123939
            ],
            [
              11.6191822,
              48.2124009
            ],
            [
              11.6191711,
              48.2124058
            ],
            [
              11.6191581,
              48.212408
            ],
            [
              11.6191448,
              48.2124073
            ],
            [
              11.6191325,
              48.2124037
            ],
            [
              11.6191227,
              48.2123976
            ],
            [
              11.6191163,
              48.2123898
            ]
          ]
        ]
      },
      "id": "way/1235679253"
    },
    {
      "type": "Feature",
      "properties": {
        "@id": "way/1235679324",
        "aeroway": "helipad",
        "surface": "ground"
      },
      "geometry": {
        "type": "Polygon",
        "coordinates": [
          [
            [
              11.6286766,
              48.2164793
            ],
            [
              11.6284861,
              48.2162437
            ],
            [
              11.6286619,
              48.2161806
            ],
            [
              11.6288525,
              48.2164162
            ],
            [
              11.6286766,
              48.2164793
            ]
          ]
        ]
      },
      "id": "way/1235679324"
    },
    {
      "type": "Feature",
      "properties": {
        "@id": "way/45029052",
        "barrier": "fence",
        "landuse": "military",
        "military": "storage"
      },
      "geometry": {
        "type": "Polygon",
        "coordinates": [
          [
            [
              11.6046922,
              48.2446274
            ],
            [
              11.6046449,
              48.2444601
            ],
            [
              11.6046343,
              48.2444222
            ],
            [
              11.6044439,
              48.2437443
            ],
            [
              11.6046264,
              48.2432159
            ],
            [
              11.6043014,
              48.2420113
            ],
            [
              11.6042271,
              48.2417694
            ],
            [
              11.6040388,
              48.2415745
            ],
            [
              11.6040132,
              48.2415139
            ],
            [
              11.6039838,
              48.2413992
            ],
            [
              11.6038528,
              48.2408851
            ],
            [
              11.6043741,
              48.2409029
            ],
            [
              11.6046714,
              48.2409148
            ],
            [
              11.6072595,
              48.2410186
            ],
            [
              11.6084537,
              48.2410665
            ],
            [
              11.6088721,
              48.2422793
            ],
            [
              11.6098384,
              48.2440033
            ],
            [
              11.6046922,
              48.2446274
            ]
          ]
        ]
      },
      "id": "way/45029052"
    },
    {
      "type": "Feature",
      "properties": {
        "@id": "way/678896510",
        "landuse": "military",
        "military": "barracks",
        "name": "Christoph-Probst-Kaserne"
      },
      "geometry": {
        "type": "Polygon",
        "coordinates": [
          [
            [
              11.602572,
              48.2446595
            ],
            [
              11.6021913,
              48.2446236
            ],
            [
              11.6019255,
              48.2436975
            ],
            [
              11.6015496,
              48.2423412
            ],
            [
              11.6025731,
              48.2422263
            ],
            [
              11.6026711,
              48.2421735
            ],
            [
              11.6030818,
              48.2419485
            ],
            [
              11.6043014,
              48.2420113
            ],
            [
              11.6046264,
              48.2432159
            ],
            [
              11.6044439,
              48.2437443
            ],
            [
              11.6046343,
              48.2444222
            ],
            [
              11.6031615,
              48.2445922
            ],
            [
              11.602572,
              48.2446595
            ]
          ]
        ]
      },
      "id": "way/678896510"
    },
    {
      "type": "Feature",
      "properties": {
        "@id": "way/107985971",
        "addr:city": "Unterföhring",
        "addr:country": "DE",
        "addr:housenumber": "70",
        "addr:postcode": "85774",
        "addr:street": "Münchner Straße",
        "amenity": "townhall",
        "building": "office",
        "name": "Rathaus Unterföhring",
        "opening_hours": "Mo 08:00-12:00,13:30-17:30; Tu-Fr 08:00-12:00",
        "roof:colour": "grey",
        "roof:shape": "flat",
        "wheelchair": "yes",
        "wikimedia_commons": "Category:Rathaus Unterföhring"
      },
      "geometry": {
        "type": "Polygon",
        "coordinates": [
          [
            [
              11.6409536,
              48.1919089
            ],
            [
              11.6409509,
              48.1919097
            ],
            [
              11.6408828,
              48.1918738
            ],
            [
              11.6408641,
              48.1918957
            ],
            [
              11.6408477,
              48.1919754
            ],
            [
              11.640816,
              48.1919809
            ],
            [
              11.6408031,
              48.192063
            ],
            [
              11.6407374,
              48.1920786
            ],
            [
              11.6406624,
              48.1920395
            ],
            [
              11.6406671,
              48.19202
            ],
            [
              11.6405885,
              48.1919801
            ],
            [
              11.6406002,
              48.191923
            ],
            [
              11.6406213,
              48.1919168
            ],
            [
              11.640585,
              48.1918753
            ],
            [
              11.6406577,
              48.1918558
            ],
            [
              11.6406647,
              48.191905
            ],
            [
              11.6408172,
              48.1918683
            ],
            [
              11.6408371,
              48.1918511
            ],
            [
              11.6407656,
              48.191812
            ],
            [
              11.6406905,
              48.1917987
            ],
            [
              11.6407703,
              48.1916994
            ],
            [
              11.6409251,
              48.1916533
            ],
            [
              11.6409567,
              48.1916228
            ],
            [
              11.6410107,
              48.1916736
            ],
            [
              11.6410388,
              48.1916744
            ],
            [
              11.6410447,
              48.1916924
            ],
            [
              11.6410318,
              48.1916939
            ],
            [
              11.6410576,
              48.1917151
            ],
            [
              11.6410412,
              48.1918011
            ],
            [
              11.6410928,
              48.1918284
            ],
            [
              11.6411057,
              48.1918503
            ],
            [
              11.6410576,
              48.1918613
            ],
            [
              11.6410341,
              48.1918503
            ],
            [
              11.6410025,
              48.1918792
            ],
            [
              11.641014,
              48.1918882
            ],
            [
              11.6411467,
              48.1919355
            ],
            [
              11.6411244,
              48.19202
            ],
            [
              11.6410717,
              48.1920332
            ],
            [
              11.640938,
              48.1919629
            ],
            [
              11.6409536,
              48.1919089
            ]
          ]
        ]
      },
      "id": "way/107985971"
    },
    {
      "type": "Feature",
      "properties": {
        "@id": "way/1235679419",
        "aeroway": "helipad",
        "name": "ZDF Landesstudio Bayern"
      },
      "geometry": {
        "type": "Polygon",
        "coordinates": [
          [
            [
              11.6557559,
              48.1915832
            ],
            [
              11.6557899,
              48.1915797
            ],
            [
              11.6558381,
              48.1915748
            ],
            [
              11.6558488,
              48.1916209
            ],
            [
              11.6557665,
              48.1916294
            ],
            [
              11.6557559,
              48.1915832
            ]
          ]
        ]
      },
      "id": "way/1235679419"
    },
    {
      "type": "Feature",
      "properties": {
        "@id": "way/11981379",
        "addr:city": "Feldkirchen",
        "addr:country": "DE",
        "addr:housenumber": "1",
        "addr:postcode": "85622",
        "addr:street": "Rathausplatz",
        "amenity": "townhall",
        "building": "civic",
        "name": "Rathaus",
        "opening_hours": "Mo-Fr 07:30-12:00, Th 15:00-18:00",
        "townhall:type": "town",
        "wheelchair": "yes"
      },
      "geometry": {
        "type": "Polygon",
        "coordinates": [
          [
            [
              11.7305329,
              48.1480403
            ],
            [
              11.7304534,
              48.1480019
            ],
            [
              11.7304906,
              48.1479632
            ],
            [
              11.7302381,
              48.1478474
            ],
            [
              11.7301883,
              48.1479018
            ],
            [
              11.730123,
              48.1478694
            ],
            [
              11.7301062,
              48.1478876
            ],
            [
              11.730065,
              48.1478664
            ],
            [
              11.7300973,
              48.1478288
            ],
            [
              11.7301264,
              48.147795
            ],
            [
              11.7301764,
              48.147815
            ],
            [
              11.7302289,
              48.1477657
            ],
            [
              11.7302438,
              48.1477517
            ],
            [
              11.7301978,
              48.1477303
            ],
            [
              11.7304162,
              48.1475207
            ],
            [
              11.7305074,
              48.1475619
            ],
            [
              11.7304117,
              48.1476768
            ],
            [
              11.7305577,
              48.147731
            ],
            [
              11.7305815,
              48.1477398
            ],
            [
              11.7305577,
              48.1477657
            ],
            [
              11.7305342,
              48.1477911
            ],
            [
              11.7305819,
              48.1478172
            ],
            [
              11.7306357,
              48.1477631
            ],
            [
              11.7307568,
              48.1478204
            ],
            [
              11.7305329,
              48.1480403
            ]
          ]
        ]
      },
      "id": "way/11981379"
    },
    {
      "type": "Feature",
      "properties": {
        "@id": "way/1173978956",
        "aeroway": "helipad"
      },
      "geometry": {
        "type": "Polygon",
        "coordinates": [
          [
            [
              11.712612,
              48.1744616
            ],
            [
              11.7126391,
              48.1744549
            ],
            [
              11.7126673,
              48.1744587
            ],
            [
              11.7126885,
              48.1744717
            ],
            [
              11.7126965,
              48.1744902
            ],
            [
              11.7126879,
              48.1745096
            ],
            [
              11.7126648,
              48.1745228
            ],
            [
              11.7126347,
              48.1745254
            ],
            [
              11.7126073,
              48.1745166
            ],
            [
              11.7125939,
              48.1745037
            ],
            [
              11.71259,
              48.1744883
            ],
            [
              11.7125965,
              48.1744733
            ],
            [
              11.712612,
              48.1744616
            ]
          ]
        ]
      },
      "id": "way/1173978956"
    },
    {
      "type": "Feature",
      "properties": {
        "@id": "way/29133928",
        "addr:city": "Aschheim",
        "addr:country": "DE",
        "addr:housenumber": "48",
        "addr:postcode": "85609",
        "addr:street": "Saturnstraße",
        "amenity": "townhall",
        "building": "yes",
        "name": "Rathaus Aschheim",
        "note": "Vorübergehendes Rathaus. In der Ismaninger Str 8 wird neu gebaut."
      },
      "geometry": {
        "type": "Polygon",
        "coordinates": [
          [
            [
              11.7203242,
              48.174811
            ],
            [
              11.720266,
              48.1748928
            ],
            [
              11.7202072,
              48.1749066
            ],
            [
              11.7202286,
              48.1749471
            ],
            [
              11.7201729,
              48.1750203
            ],
            [
              11.720069,
              48.1749851
            ],
            [
              11.7200341,
              48.174907
            ],
            [
              11.719998,
              48.1749142
            ],
            [
              11.7199877,
              48.1748913
            ],
            [
              11.7199796,
              48.1748731
            ],
            [
              11.7200102,
              48.174867
            ],
            [
              11.7199746,
              48.1747874
            ],
            [
              11.72002,
              48.1747187
            ],
            [
              11.7201358,
              48.1747527
            ],
            [
              11.7201545,
              48.1747928
            ],
            [
              11.7202221,
              48.1747787
            ],
            [
              11.7203242,
              48.174811
            ]
          ]
        ]
      },
      "id": "way/29133928"
    },
    {
      "type": "Feature",
      "properties": {
        "@id": "way/10046598",
        "addr:city": "Ismaning",
        "addr:country": "DE",
        "addr:housenumber": "2",
        "addr:postcode": "85737",
        "addr:street": "Schloßstraße",
        "amenity": "townhall",
        "building": "public",
        "building:colour": "#FFFFB0",
        "building:levels": "3",
        "historic": "castle",
        "name": "Schloss Ismaning",
        "opening_hours": "Mo 08:00-12:00,14:00-18:00; Tu-Fr 08:00-12:00",
        "roof:levels": "1",
        "roof:shape": "hipped",
        "wikidata": "Q1669305",
        "wikimedia_commons": "Category:Schloss Ismaning",
        "wikipedia": "de:Schloss Ismaning"
      },
      "geometry": {
        "type": "Polygon",
        "coordinates": [
          [
            [
              11.6739715,
              48.2282884
            ],
            [
              11.6740344,
              48.2280165
            ],
            [
              11.6745305,
              48.2280675
            ],
            [
              11.674479,
              48.2282899
            ],
            [
              11.6744055,
              48.2282824
            ],
            [
              11.6744262,
              48.2281931
            ],
            [
              11.6742749,
              48.2281775
            ],
            [
              11.6741296,
              48.2281626
            ],
            [
              11.6740975,
              48.2283014
            ],
            [
              11.6739715,
              48.2282884
            ]
          ]
        ]
      },
      "id": "way/10046598"
    },
    {
      "type": "Feature",
      "properties": {
        "@id": "way/43969514",
        "addr:city": "Grasbrunn",
        "addr:housenumber": "1",
        "addr:postcode": "85630",
        "addr:street": "Lerchenstraße",
        "amenity": "townhall",
        "building": "yes",
        "name": "Gemeinde Grasbrunn",
        "opening_hours": "Mo-Fr 08:00-12:00; Tu 14:00-18:00",
        "toilets:wheelchair": "yes",
        "website": "https://www.grasbrunn.de/willkommen",
        "wheelchair": "limited"
      },
      "geometry": {
        "type": "Polygon",
        "coordinates": [
          [
            [
              11.7613296,
              48.0959393
            ],
            [
              11.7617664,
              48.0957973
            ],
            [
              11.761868,
              48.0959367
            ],
            [
              11.7617748,
              48.095967
            ],
            [
              11.7618106,
              48.0960161
            ],
            [
              11.7616269,
              48.0960758
            ],
            [
              11.7615705,
              48.0959984
            ],
            [
              11.7614086,
              48.0960517
            ],
            [
              11.7613296,
              48.0959393
            ]
          ]
        ]
      },
      "id": "way/43969514"
    },
    {
      "type": "Feature",
      "properties": {
        "@id": "way/35223851",
        "addr:city": "Grasbrunn",
        "addr:housenumber": "1",
        "addr:postcode": "85630",
        "addr:street": "Bretonischer Ring",
        "addr:suburb": "Neukeferloh",
        "building": "office",
        "building:levels": "2",
        "contact:email": "kfz-zulassung@lra-m.bayern.de;fuehrerscheine@lra-m.bayern.de",
        "contact:fax": "+49 89 6221-3128",
        "contact:phone": "+49 89 6221-3000",
        "government": "administrative",
        "name": "Kfz-Zulassungsstelle",
        "office": "government",
        "opening_hours": "Mo-Fr 07:30-12:00, Tu,Th 13:30-16:00",
        "roof:colour": "red",
        "roof:levels": "1",
        "roof:shape": "skillion",
        "website": "https://www.landkreis-muenchen.de/landratsamt/standorte-und-oeffnungszeiten/grasbrunn-neukeferloh/"
      },
      "geometry": {
        "type": "Polygon",
        "coordinates": [
          [
            [
              11.7618013,
              48.1000266
            ],
            [
              11.7618463,
              48.1000109
            ],
            [
              11.7619388,
              48.0999788
            ],
            [
              11.7621005,
              48.1001861
            ],
            [
              11.7615425,
              48.1003802
            ],
            [
              11.7614906,
              48.1003137
            ],
            [
              11.7615471,
              48.100294
            ],
            [
              11.7615009,
              48.1002348
            ],
            [
              11.7614089,
              48.1002668
            ],
            [
              11.7614261,
              48.1002889
            ],
            [
              11.7613453,
              48.100317
            ],
            [
              11.7613054,
              48.1003309
            ],
            [
              11.7612936,
              48.1003157
            ],
            [
              11.761119,
              48.1003764
            ],
            [
              11.7611335,
              48.100395
            ],
            [
              11.7610659,
              48.1004185
            ],
            [
              11.7610199,
              48.1004345
            ],
            [
              11.7609907,
              48.1003971
            ],
            [
              11.7609724,
              48.1003737
            ],
            [
              11.7610181,
              48.1003578
            ],
            [
              11.7610589,
              48.1003436
            ],
            [
              11.761022,
              48.1002964
            ],
            [
              11.7611803,
              48.1002413
            ],
            [
              11.7610979,
              48.1001357
            ],
            [
              11.7615145,
              48.0999908
            ],
            [
              11.7615524,
              48.1000394
            ],
            [
              11.7615217,
              48.1000501
            ],
            [
              11.7616383,
              48.1001997
            ],
            [
              11.7618727,
              48.1001182
            ],
            [
              11.7618013,
              48.1000266
            ]
          ]
        ]
      },
      "id": "way/35223851"
    },
    {
      "type": "Feature",
      "properties": {
        "@id": "way/987881402",
        "aeroway": "helipad",
        "surface": "asphalt"
      },
      "geometry": {
        "type": "Polygon",
        "coordinates": [
          [
            [
              11.7476002,
              48.1177333
            ],
            [
              11.7478594,
              48.1176303
            ],
            [
              11.7479371,
              48.1177176
            ],
            [
              11.7480141,
              48.117804
            ],
            [
              11.7477549,
              48.1179069
            ],
            [
              11.7476002,
              48.1177333
            ]
          ]
        ]
      },
      "id": "way/987881402"
    },
    {
      "type": "Feature",
      "properties": {
        "@id": "way/871478995",
        "amenity": "townhall",
        "building": "yes",
        "name": "Rathaus Kirchheim"
      },
      "geometry": {
        "type": "Polygon",
        "coordinates": [
          [
            [
              11.7543852,
              48.1714876
            ],
            [
              11.7542478,
              48.1711465
            ],
            [
              11.7539087,
              48.1709589
            ],
            [
              11.7539073,
              48.1709489
            ],
            [
              11.7540413,
              48.170845
            ],
            [
              11.7540588,
              48.1708416
            ],
            [
              11.7544531,
              48.170957
            ],
            [
              11.7544672,
              48.1709664
            ],
            [
              11.7546291,
              48.1714769
            ],
            [
              11.7546118,
              48.1714859
            ],
            [
              11.7543956,
              48.1714969
            ],
            [
              11.7543852,
              48.1714876
            ]
          ]
        ]
      },
      "id": "way/871478995"
    },
    {
      "type": "Feature",
      "properties": {
        "@id": "way/19190255",
        "addr:city": "Kirchheim bei München",
        "addr:country": "DE",
        "addr:housenumber": "6",
        "addr:postcode": "85551",
        "addr:street": "Münchner Straße",
        "amenity": "townhall",
        "building": "yes",
        "check_date:opening_hours": "2025-02-03",
        "name": "Rathaus",
        "opening_hours": "Mo-Fr 08:00-12:00, Mo 14:00-18:00",
        "wheelchair": "no"
      },
      "geometry": {
        "type": "Polygon",
        "coordinates": [
          [
            [
              11.7540457,
              48.1767109
            ],
            [
              11.7541715,
              48.1767286
            ],
            [
              11.754179,
              48.1767048
            ],
            [
              11.7543008,
              48.1767219
            ],
            [
              11.7542617,
              48.1768459
            ],
            [
              11.7540141,
              48.1768112
            ],
            [
              11.7540457,
              48.1767109
            ]
          ]
        ]
      },
      "id": "way/19190255"
    },
    {
      "type": "Feature",
      "properties": {
        "@id": "way/167397403",
        "addr:city": "Oberschleißheim",
        "addr:country": "DE",
        "addr:housenumber": "15",
        "addr:postcode": "85764",
        "addr:street": "Freisinger Straße",
        "amenity": "townhall",
        "building": "civic",
        "name": "Rathaus Oberschleißheim",
        "website": "https://www.oberschleissheim.de/",
        "wikidata": "Q111344638",
        "wikimedia_commons": "Category:Rathaus Oberschleißheim"
      },
      "geometry": {
        "type": "Polygon",
        "coordinates": [
          [
            [
              11.5624933,
              48.2511695
            ],
            [
              11.562639,
              48.2512566
            ],
            [
              11.5625645,
              48.2513118
            ],
            [
              11.5626934,
              48.2513889
            ],
            [
              11.5625515,
              48.251494
            ],
            [
              11.5622769,
              48.2513298
            ],
            [
              11.5624933,
              48.2511695
            ]
          ]
        ]
      },
      "id": "way/167397403"
    },
    {
      "type": "Feature",
      "properties": {
        "@id": "way/23983246",
        "addr:city": "Unterschleißheim",
        "addr:country": "DE",
        "addr:housenumber": "1",
        "addr:postcode": "85716",
        "addr:street": "Rathausplatz",
        "building": "commercial",
        "building:levels": "4",
        "check_date": "2025-11-10",
        "email": "buergerbuero@ush.bayern.de",
        "government": "public_service",
        "name": "Bürgerbüro",
        "office": "government",
        "opening_hours": "Mo 08:00-12:30,14:00-16:00; Tu 08:00-12:30,14:00-16:00 \"by appointment\"; We 07:00-12:30; Th 14:00-18:00; Fr 08:00-12:30",
        "operator": "Stadt Unterschleißheim",
        "phone": "+49 89 310090",
        "website": "https://www.unterschleissheim.de/rathaus-politik-buergerservice-online/rathaus/buergerbuero-information.html"
      },
      "geometry": {
        "type": "Polygon",
        "coordinates": [
          [
            [
              11.5712524,
              48.2735288
            ],
            [
              11.5711636,
              48.2733878
            ],
            [
              11.5712324,
              48.2733685
            ],
            [
              11.5712544,
              48.2733626
            ],
            [
              11.5713689,
              48.2733305
            ],
            [
              11.5714166,
              48.2734063
            ],
            [
              11.5714444,
              48.2733986
            ],
            [
              11.5714566,
              48.2734178
            ],
            [
              11.5714303,
              48.2734252
            ],
            [
              11.5714445,
              48.2734478
            ],
            [
              11.5714592,
              48.2734711
            ],
            [
              11.5712524,
              48.2735288
            ]
          ]
        ]
      },
      "id": "way/23983246"
    },
    {
      "type": "Feature",
      "properties": {
        "@id": "way/34569825",
        "barrier": "fence",
        "landuse": "military",
        "military": "danger_area",
        "name": "Ehemaliges Munitionsdepot - München Nord"
      },
      "geometry": {
        "type": "Polygon",
        "coordinates": [
          [
            [
              11.6073159,
              48.2790876
            ],
            [
              11.6072426,
              48.2790102
            ],
            [
              11.6008556,
              48.2718288
            ],
            [
              11.6010449,
              48.2716732
            ],
            [
              11.6014015,
              48.2713604
            ],
            [
              11.6017399,
              48.2714875
            ],
            [
              11.6029411,
              48.2719387
            ],
            [
              11.603311,
              48.2720776
            ],
            [
              11.6039912,
              48.2723331
            ],
            [
              11.6047428,
              48.2726154
            ],
            [
              11.6050428,
              48.2729602
            ],
            [
              11.6068193,
              48.2750019
            ],
            [
              11.6072694,
              48.2755192
            ],
            [
              11.6083746,
              48.2767628
            ],
            [
              11.6089587,
              48.2774201
            ],
            [
              11.6083588,
              48.2786576
            ],
            [
              11.6073159,
              48.2790876
            ]
          ]
        ]
      },
      "id": "way/34569825"
    },
    {
      "type": "Feature",
      "properties": {
        "@id": "way/30824687",
        "addr:city": "Garching bei München",
        "addr:country": "DE",
        "addr:housenumber": "9",
        "addr:postcode": "85748",
        "addr:street": "Dieselstraße",
        "amenity": "customs",
        "building": "yes",
        "name": "Hauptzollamt München Zollamt Garching-Hochbrück",
        "office": "government",
        "phone": "+49 89 480 907 0",
        "toilets:wheelchair": "yes",
        "website": "https://www.zoll.de/SharedDocs/Dienststellen/DE/1_DSSD_Importer/Hauptzollamt/HZA_Muenchen/ZA/ZA_Garching_Hochbrueck_7602/ZA_Garching_Hochbrueck_7602.html?bcnn=121952",
        "wheelchair": "yes"
      },
      "geometry": {
        "type": "Polygon",
        "coordinates": [
          [
            [
              11.6254198,
              48.2532752
            ],
            [
              11.6253578,
              48.2531629
            ],
            [
              11.625649,
              48.2530916
            ],
            [
              11.6257731,
              48.2530612
            ],
            [
              11.6258351,
              48.2531736
            ],
            [
              11.6256241,
              48.2532252
            ],
            [
              11.6254198,
              48.2532752
            ]
          ]
        ]
      },
      "id": "way/30824687"
    },
    {
      "type": "Feature",
      "properties": {
        "@id": "way/37694349",
        "addr:city": "Garching bei München",
        "addr:country": "DE",
        "addr:housenumber": "3",
        "addr:postcode": "85748",
        "addr:street": "Rathausplatz",
        "amenity": "townhall",
        "building": "yes",
        "building:levels": "3",
        "contact:instagram": "stadtgarching",
        "email": "stadt@garching.de",
        "fax": "+49 89 32089-298",
        "name": "Garchinger Rathaus",
        "opening_hours": "Mo-We, Fr 08:00-12:00; Th 08:00-12:00, 14:00-18:00; PH off",
        "phone": "+49 89 32089-0",
        "roof:shape": "gabled",
        "toilets:wheelchair": "yes",
        "website": "https://www.garching.de/",
        "wheelchair": "yes"
      },
      "geometry": {
        "type": "Polygon",
        "coordinates": [
          [
            [
              11.6499766,
              48.2513604
            ],
            [
              11.6499729,
              48.2513466
            ],
            [
              11.6499557,
              48.2512824
            ],
            [
              11.6499321,
              48.2511944
            ],
            [
              11.6502626,
              48.2511555
            ],
            [
              11.6502937,
              48.2511515
            ],
            [
              11.6506994,
              48.2511041
            ],
            [
              11.6507325,
              48.2510996
            ],
            [
              11.6507368,
              48.2510993
            ],
            [
              11.6508014,
              48.2510912
            ],
            [
              11.6508356,
              48.2510871
            ],
            [
              11.6508761,
              48.2512396
            ],
            [
              11.6508801,
              48.251253
            ],
            [
              11.6503128,
              48.2513205
            ],
            [
              11.6499766,
              48.2513604
            ]
          ]
        ]
      },
      "id": "way/37694349"
    },
    {
      "type": "Feature",
      "properties": {
        "@id": "way/17012780",
        "@relations": [
          {
            "role": "",
            "rel": 6172896,
            "reltags": {
              "amenity": "hospital",
              "name": "Klinikum der Universität München",
              "type": "site",
              "wikidata": "Q55616095",
              "wikipedia": "en:LMU Klinikum"
            }
          }
        ]
      },
      "geometry": {
        "type": "LineString",
        "coordinates": [
          [
            11.4734353,
            48.112907
          ],
          [
            11.4735411,
            48.1128501
          ],
          [
            11.4739398,
            48.1109976
          ],
          [
            11.4743066,
            48.1091425
          ],
          [
            11.4731032,
            48.1090156
          ],
          [
            11.4724388,
            48.1088845
          ],
          [
            11.4725324,
            48.1086837
          ],
          [
            11.4725057,
            48.1086741
          ],
          [
            11.4723918,
            48.1086331
          ],
          [
            11.4717729,
            48.1084615
          ],
          [
            11.4716158,
            48.1084625
          ],
          [
            11.4672538,
            48.1081051
          ],
          [
            11.4668616,
            48.108098
          ],
          [
            11.4667375,
            48.108141
          ],
          [
            11.466573,
            48.1083184
          ],
          [
            11.4664851,
            48.1088346
          ],
          [
            11.4664771,
            48.1088817
          ],
          [
            11.4664024,
            48.1093221
          ],
          [
            11.4662892,
            48.1099898
          ],
          [
            11.4662323,
            48.1102461
          ],
          [
            11.466156,
            48.1102372
          ],
          [
            11.465443,
            48.1101544
          ],
          [
            11.4649044,
            48.1100971
          ],
          [
            11.4648656,
            48.110254
          ],
          [
            11.4648039,
            48.1104137
          ],
          [
            11.4646077,
            48.1111578
          ],
          [
            11.4647125,
            48.1111864
          ],
          [
            11.4647776,
            48.111204
          ],
          [
            11.4646282,
            48.1120993
          ],
          [
            11.4719882,
            48.1127717
          ],
          [
            11.4734353,
            48.112907
          ]
        ]
      },
      "id": "way/17012780"
    },
    {
      "type": "Feature",
      "properties": {
        "@id": "node/30564960",
        "addr:city": "München",
        "addr:country": "DE",
        "addr:housenumber": "6",
        "addr:postcode": "80805",
        "addr:street": "Johann-Fichte-Straße",
        "amenity": "police",
        "check_date": "2024-12-07",
        "contact:fax": "+49 89 36056 128",
        "contact:phone": "+49 89 36056 0",
        "contact:website": "https://www.polizei.bayern.de/wir-ueber-uns/organisation/dienststellen/0900811030000.html",
        "name": "Polizeiinspektion München 13 (Schwabing)",
        "ref": "PI 13"
      },
      "geometry": {
        "type": "Point",
        "coordinates": [
          11.5879408,
          48.1693825
        ]
      },
      "id": "node/30564960"
    },
    {
      "type": "Feature",
      "properties": {
        "@id": "node/82504558",
        "addr:city": "Ismaning",
        "addr:country": "DE",
        "addr:housenumber": "1",
        "addr:postcode": "85737",
        "addr:street": "Leuchtenbergstraße",
        "amenity": "police",
        "contact:fax": "+49 89 96243128",
        "contact:phone": "+49 89 9624310",
        "name": "Polizeiinspektion München 26 (Ismaning)"
      },
      "geometry": {
        "type": "Point",
        "coordinates": [
          11.6709953,
          48.2287736
        ]
      },
      "id": "node/82504558"
    },
    {
      "type": "Feature",
      "properties": {
        "@id": "node/259713050",
        "addr:city": "München",
        "addr:country": "DE",
        "addr:housenumber": "4",
        "addr:postcode": "80538",
        "addr:street": "Alexandrastraße",
        "contact:email": "service@geodaten.bayern.de",
        "contact:fax": "+49 89 2129-1113",
        "contact:phone": "+49 89 2129 0",
        "contact:website": "https://ldbv.bayern.de/",
        "government": "cadaster",
        "name": "Landesamt für Digitalisierung, Breitband und Vermessung",
        "office": "government",
        "opening_hours": "Mo-Th 08:00-16:00; Fr 08:00-14:00",
        "wheelchair": "yes",
        "wikidata": "Q643628"
      },
      "geometry": {
        "type": "Point",
        "coordinates": [
          11.5903622,
          48.1416478
        ]
      },
      "id": "node/259713050"
    },
    {
      "type": "Feature",
      "properties": {
        "@id": "node/259714807",
        "addr:city": "München",
        "addr:country": "DE",
        "addr:housenumber": "3",
        "addr:postcode": "80538",
        "addr:street": "Alexandrastraße",
        "email": "Poststelle@lff.bayern.de",
        "name": "Landesamt für Finanzen",
        "office": "government",
        "opening_hours": "Mo-Fr 08:00-12:00",
        "phone": "+49 89 219001",
        "website": "https://www.lff.bayern.de/",
        "wheelchair": "yes"
      },
      "geometry": {
        "type": "Point",
        "coordinates": [
          11.5898292,
          48.1417857
        ]
      },
      "id": "node/259714807"
    },
    {
      "type": "Feature",
      "properties": {
        "@id": "node/266317492",
        "addr:city": "Oberschleißheim",
        "addr:country": "DE",
        "addr:housenumber": "9",
        "addr:postcode": "85764",
        "addr:street": "Hofkurat-Diehl-Straße",
        "amenity": "police",
        "name": "Polizeiwache Oberschleißheim",
        "name:official": "Polizeiinspektion München 48 (Oberschleißheim)",
        "phone": "+49 89 31564 0",
        "wheelchair": "no",
        "wheelchair:description": "Zugang erster Stock über Treppe"
      },
      "geometry": {
        "type": "Point",
        "coordinates": [
          11.561357,
          48.2524601
        ]
      },
      "id": "node/266317492"
    },
    {
      "type": "Feature",
      "properties": {
        "@id": "node/268034584",
        "check_date:opening_hours": "2026-04-17",
        "name": "Kreisjugendamt",
        "office": "government",
        "opening_hours": "Mo-Fr 09:00-12:00, Th 14:00-17:30",
        "operator": "Landratsamt München",
        "wheelchair": "yes"
      },
      "geometry": {
        "type": "Point",
        "coordinates": [
          11.5828879,
          48.1241317
        ]
      },
      "id": "node/268034584"
    },
    {
      "type": "Feature",
      "properties": {
        "@id": "node/268034613",
        "addr:city": "München",
        "addr:country": "DE",
        "addr:housenumber": "17",
        "addr:postcode": "81541",
        "addr:street": "Mariahilfplatz",
        "check_date": "2026-04-17",
        "check_date:opening_hours": "2026-04-17",
        "name": "Landratsamt München",
        "office": "government",
        "opening_hours": "Mo-Fr 08:00-12:00, Th 14:00-17:30",
        "wheelchair": "yes",
        "wikidata": "Q1519239"
      },
      "geometry": {
        "type": "Point",
        "coordinates": [
          11.5824732,
          48.1242585
        ]
      },
      "id": "node/268034613"
    },
    {
      "type": "Feature",
      "properties": {
        "@id": "node/268257435",
        "addr:city": "Putzbrunn",
        "addr:country": "DE",
        "addr:housenumber": "1",
        "addr:postcode": "85640",
        "addr:street": "Rathausstraße",
        "amenity": "townhall",
        "name": "Rathaus Putzbrunn",
        "source": "survey",
        "wheelchair": "yes"
      },
      "geometry": {
        "type": "Point",
        "coordinates": [
          11.7155822,
          48.07501
        ]
      },
      "id": "node/268257435"
    },
    {
      "type": "Feature",
      "properties": {
        "@id": "node/268265406",
        "addr:city": "München",
        "addr:country": "DE",
        "addr:housenumber": "16",
        "addr:postcode": "81675",
        "addr:street": "Prinzregentenplatz",
        "amenity": "police",
        "check_date": "2025-02-02",
        "description": "Der Dienstbereich der Polizeiinspektion 22 umfasst die Stadtteile Bogenhausen, Denning, Daglfing, Englschalking, Johanneskirchen, Oberföhring, Steinhausen, Zamdorf und Haidhausen Nord.",
        "fax": "+49 89 457271-128",
        "name": "Polizeiinspektion München 22 (Bogenhausen)",
        "opening_hours": "24/7",
        "phone": "+49 89 457271-0",
        "ref": "PI 22",
        "website": "https://www.polizei.bayern.de/wir-ueber-uns/organisation/dienststellen/0900812020000.html",
        "wheelchair:description:de": "Kein barrierefreier Zugang, lediglich ein Treppenlift"
      },
      "geometry": {
        "type": "Point",
        "coordinates": [
          11.6073629,
          48.1387597
        ]
      },
      "id": "node/268265406"
    },
    {
      "type": "Feature",
      "properties": {
        "@id": "node/269510209",
        "addr:city": "Gräfelfing",
        "addr:country": "DE",
        "addr:housenumber": "7",
        "addr:postcode": "82166",
        "addr:street": "Waldstraße",
        "amenity": "hospital",
        "email": "info@wolfartklinik.de",
        "emergency": "yes",
        "healthcare": "hospital",
        "name": "Wolfartklinik",
        "phone": "+49 89 8587-0",
        "website": "https://wolfartklinik.de/",
        "wheelchair": "yes"
      },
      "geometry": {
        "type": "Point",
        "coordinates": [
          11.421919,
          48.1179807
        ]
      },
      "id": "node/269510209"
    },
    {
      "type": "Feature",
      "properties": {
        "@id": "node/271414101",
        "addr:city": "Höhenkirchen-Siegertsbrunn",
        "addr:country": "DE",
        "addr:housenumber": "26",
        "addr:postcode": "85635",
        "addr:street": "Rosenheimer Straße",
        "amenity": "townhall",
        "name": "Rathaus Höhenkirchen-Siegertsbrunn",
        "opening_hours": "Mo,Tu 08:00-12:00; Th 15:00-18:00,08:00-12:00",
        "phone": "+49 8102 88-0",
        "wheelchair": "limited",
        "wheelchair:description": "1 Stufe 15cm am Eingang, aber Behinderten-Glocke"
      },
      "geometry": {
        "type": "Point",
        "coordinates": [
          11.7126854,
          48.0159043
        ]
      },
      "id": "node/271414101"
    },
    {
      "type": "Feature",
      "properties": {
        "@id": "node/286509141",
        "addr:city": "München",
        "addr:country": "DE",
        "addr:housenumber": "56",
        "addr:postcode": "81373",
        "addr:street": "Treffauerstraße",
        "amenity": "police",
        "name": "Polizeiinspektion München 15 (Sendling)",
        "ref": "PI 15",
        "url": "https://www.polizei.bayern.de/wir-ueber-uns/organisation/dienststellen/0900811050000.html",
        "wheelchair": "yes",
        "wheelchair:description": "Stufen"
      },
      "geometry": {
        "type": "Point",
        "coordinates": [
          11.5178703,
          48.1178549
        ]
      },
      "id": "node/286509141"
    },
    {
      "type": "Feature",
      "properties": {
        "@id": "node/291898706",
        "addr:city": "München",
        "addr:country": "DE",
        "addr:housenumber": "6",
        "addr:postcode": "80538",
        "addr:street": "Hirschauer Straße",
        "amenity": "hospital",
        "beds": "82",
        "emergency": "no",
        "healthcare": "hospital",
        "healthcare:speciality": "gynaecology",
        "name": "Frauenklinik Dr. Geisenhofer",
        "name:en": "Dr. Geisenhofer Women's Clinic",
        "opening_hours:visitors": "09:00-17:00",
        "operator": "Frauenklinik Dr. Geisenhofer GmbH",
        "operator:type": "private",
        "phone": "+49 89 38310",
        "website": "https://geisenhoferklinik.de/",
        "wheelchair": "no"
      },
      "geometry": {
        "type": "Point",
        "coordinates": [
          11.5960485,
          48.1515148
        ]
      },
      "id": "node/291898706"
    },
    {
      "type": "Feature",
      "properties": {
        "@id": "node/292168587",
        "addr:city": "München",
        "addr:country": "DE",
        "addr:housenumber": "14",
        "addr:postcode": "80538",
        "addr:street": "Wagmüllerstraße",
        "government": "tax",
        "name": "Landesamt für Finanzen - Dienststelle München Bezügestelle Besoldung",
        "office": "government",
        "phone": "+49 89 219001",
        "website": "https://www.lff.bayern.de/lff/organisationseinheiten/dienststelle-muenchen/",
        "wheelchair": "no"
      },
      "geometry": {
        "type": "Point",
        "coordinates": [
          11.5889055,
          48.1415956
        ]
      },
      "id": "node/292168587"
    },
    {
      "type": "Feature",
      "properties": {
        "@id": "node/296450644",
        "addr:city": "München",
        "addr:country": "DE",
        "addr:housenumber": "109",
        "addr:postcode": "81675",
        "addr:street": "Ismaninger Straße",
        "addr:suburb": "Bogenhausen",
        "amenity": "courthouse",
        "check_date:opening_hours": "2023-06-10",
        "name": "Bundesfinanzhof",
        "opening_hours:signed": "no",
        "wheelchair": "yes",
        "wikidata": "Q702415",
        "wikimedia_commons": "Category:Bundesfinanzhof",
        "wikipedia": "de:Bundesfinanzhof"
      },
      "geometry": {
        "type": "Point",
        "coordinates": [
          11.6057895,
          48.149148
        ]
      },
      "id": "node/296450644"
    },
    {
      "type": "Feature",
      "properties": {
        "@id": "node/298033598",
        "addr:city": "München",
        "addr:country": "DE",
        "addr:housenumber": "20",
        "addr:postcode": "80333",
        "addr:street": "Türkenstraße",
        "amenity": "police",
        "name": "Polizeiinspektion München 12 (Maxvorstadt)",
        "ref": "PI 12",
        "wheelchair": "yes"
      },
      "geometry": {
        "type": "Point",
        "coordinates": [
          11.5739694,
          48.1468594
        ]
      },
      "id": "node/298033598"
    },
    {
      "type": "Feature",
      "properties": {
        "@id": "node/303853097",
        "addr:city": "München",
        "addr:housenumber": "12",
        "addr:postcode": "81829",
        "addr:street": "Werner-Eckert-Straße",
        "amenity": "police",
        "name": "Polizeiinspektion München 25 (Trudering-Riem)",
        "ref": "PI 25",
        "website": "https://www.polizei.bayern.de/wir-ueber-uns/organisation/dienststellen/0900812050000.html",
        "wheelchair": "no"
      },
      "geometry": {
        "type": "Point",
        "coordinates": [
          11.6872096,
          48.1341243
        ]
      },
      "id": "node/303853097"
    },
    {
      "type": "Feature",
      "properties": {
        "@id": "node/331315706",
        "addr:city": "München",
        "addr:country": "DE",
        "addr:housenumber": "11",
        "addr:postcode": "80634",
        "addr:street": "Richelstraße",
        "amenity": "courthouse",
        "check_date:opening_hours": "2023-10-26",
        "name": "Sozialgericht München",
        "note": "opening_hours sind die Öffnungszeiten der Rechtsantragsstelle",
        "opening_hours": "Mo-Fr 08:30-11:30",
        "wheelchair": "yes",
        "wikidata": "Q1725820"
      },
      "geometry": {
        "type": "Point",
        "coordinates": [
          11.5291165,
          48.145436
        ]
      },
      "id": "node/331315706"
    },
    {
      "type": "Feature",
      "properties": {
        "@id": "node/331600047",
        "addr:city": "München",
        "addr:country": "DE",
        "addr:housenumber": "28",
        "addr:postcode": "80538",
        "addr:street": "Prinzregentenstraße",
        "check_date": "2023-08-24",
        "email": "poststelle@stmwivt.bayern.de",
        "fax": "+49 89 2162-2760",
        "name": "Bayerisches Staatsministerium für Wirtschaft und Medien, Energie und Technologie",
        "office": "government",
        "phone": "+49 89 2162-0",
        "website": "https://www.stmwi.bayern.de/"
      },
      "geometry": {
        "type": "Point",
        "coordinates": [
          11.5906861,
          48.1422445
        ]
      },
      "id": "node/331600047"
    },
    {
      "type": "Feature",
      "properties": {
        "@id": "node/332617267",
        "addr:city": "München",
        "addr:country": "DE",
        "addr:housenumber": "24",
        "addr:postcode": "80331",
        "addr:street": "Sonnenstraße",
        "amenity": "hospital",
        "email": "info@isarklinikum.de",
        "emergency": "yes",
        "fax": "+49 89 149903-1990",
        "healthcare": "hospital",
        "name": "ISAR Klinikum",
        "operator": "Isar Kliniken GmbH",
        "phone": "+49 89 149903-0",
        "website": "https://www.isarklinikum.de",
        "wheelchair": "yes",
        "wikidata": "Q22674589"
      },
      "geometry": {
        "type": "Point",
        "coordinates": [
          11.5650239,
          48.1347002
        ]
      },
      "id": "node/332617267"
    },
    {
      "type": "Feature",
      "properties": {
        "@id": "node/332790689",
        "addr:city": "München",
        "addr:country": "DE",
        "addr:housenumber": "10",
        "addr:postcode": "80333",
        "addr:street": "Pacellistraße",
        "building": "public",
        "check_date": "2025-05-28",
        "name": "Erzbischöfliches Matrikelamt",
        "office": "government",
        "opening_hours": "Mo-We 08:00-12:00,13:00-15:00; Th 08:00-12:00,13:00-17:00",
        "phone": "+49 89 2137 1355",
        "wheelchair": "no"
      },
      "geometry": {
        "type": "Point",
        "coordinates": [
          11.5709147,
          48.1406933
        ]
      },
      "id": "node/332790689"
    },
    {
      "type": "Feature",
      "properties": {
        "@id": "node/342343152",
        "addr:city": "München",
        "addr:country": "DE",
        "addr:housenumber": "139",
        "addr:postcode": "80937",
        "addr:street": "Knorrstraße",
        "amenity": "police",
        "check_date": "2024-05-28",
        "name": "Polizeiinspektion München 47 (Milbertshofen)",
        "ref": "PI 47"
      },
      "geometry": {
        "type": "Point",
        "coordinates": [
          11.5702664,
          48.1921786
        ]
      },
      "id": "node/342343152"
    },
    {
      "type": "Feature",
      "properties": {
        "@id": "node/342989766",
        "addr:city": "München",
        "addr:country": "DE",
        "addr:housenumber": "2",
        "addr:postcode": "81549",
        "addr:street": "Chiemgaustraße",
        "amenity": "police",
        "fax": "+49 89 69345-278",
        "name": "Polizeiinspektion München 23 (Giesing)",
        "phone": "+49 89 69345-0",
        "ref": "PI 23",
        "website": "https://www.polizei.bayern.de/wir-ueber-uns/organisation/dienststellen/0900812030000.html",
        "wheelchair": "yes"
      },
      "geometry": {
        "type": "Point",
        "coordinates": [
          11.582701,
          48.1043811
        ]
      },
      "id": "node/342989766"
    },
    {
      "type": "Feature",
      "properties": {
        "@id": "node/347324093",
        "addr:city": "München",
        "addr:country": "DE",
        "addr:housenumber": "1",
        "addr:postcode": "81667",
        "addr:street": "Haidenauplatz",
        "email": "poststelle@stmgp.bayern.de",
        "fax": "+49 89 540233-90999",
        "government": "ministry",
        "name": "Bayerisches Staatsministerium für Gesundheit, Pflege und Prävention",
        "office": "government",
        "phone": "+49 89 540233-0",
        "source": "Bing+survey",
        "website": "https://www.stmgp.bayern.de/",
        "wheelchair": "yes",
        "wikidata": "Q15107434"
      },
      "geometry": {
        "type": "Point",
        "coordinates": [
          11.6108471,
          48.1328789
        ]
      },
      "id": "node/347324093"
    },
    {
      "type": "Feature",
      "properties": {
        "@id": "node/419196422",
        "addr:city": "München",
        "addr:country": "DE",
        "addr:housenumber": "10",
        "addr:postcode": "80538",
        "addr:street": "Ifflandstraße",
        "check_date:opening_hours": "2023-09-17",
        "name": "Wasserwirtschaftsamt München - Flußmeisterstelle",
        "office": "government",
        "opening_hours:signed": "no",
        "phone": "+49 89 3301 9181",
        "website": "https://www.wwa-m.bayern.de/"
      },
      "geometry": {
        "type": "Point",
        "coordinates": [
          11.5998623,
          48.1518547
        ]
      },
      "id": "node/419196422"
    },
    {
      "type": "Feature",
      "properties": {
        "@id": "node/439216980",
        "addr:city": "München",
        "addr:country": "DE",
        "addr:housenumber": "11",
        "addr:postcode": "80331",
        "addr:street": "Herzog-Wilhelm-Straße",
        "check_date:opening_hours": "2023-03-21",
        "email": "d.kasta.ska@muenchen.de",
        "name": "Kassen- und Steueramt",
        "office": "government",
        "opening_hours": "Mo-Fr 08:30-12:00",
        "website": "https://www.muenchen.de/",
        "wheelchair": "limited"
      },
      "geometry": {
        "type": "Point",
        "coordinates": [
          11.5667201,
          48.1369482
        ]
      },
      "id": "node/439216980"
    },
    {
      "type": "Feature",
      "properties": {
        "@id": "node/493928240",
        "addr:city": "München",
        "addr:country": "DE",
        "addr:housenumber": "31",
        "addr:postcode": "81737",
        "addr:street": "Adenauerring",
        "amenity": "police",
        "name": "Polizeiinspektion München 24",
        "opening_hours": "24/7",
        "phone": "+49 89 630060",
        "ref": "PI 24",
        "website": "https://www.polizei.bayern.de/wir-ueber-uns/organisation/dienststellen/0900812040000.html",
        "wheelchair": "yes",
        "wheelchair:description": "Haupteingang ebenerdig, Toil. nicht bekannt"
      },
      "geometry": {
        "type": "Point",
        "coordinates": [
          11.6429028,
          48.1040253
        ]
      },
      "id": "node/493928240"
    },
    {
      "type": "Feature",
      "properties": {
        "@id": "node/503957643",
        "addr:city": "Aying",
        "addr:country": "DE",
        "addr:housenumber": "4",
        "addr:postcode": "85653",
        "addr:street": "Kirchgasse",
        "amenity": "townhall",
        "check_date:opening_hours": "2024-07-24",
        "name": "Rathaus der Gemeinde Aying",
        "opening_hours": "Mo-Fr 08:00-11:30, Th 16:00-18:00"
      },
      "geometry": {
        "type": "Point",
        "coordinates": [
          11.7784287,
          47.9702052
        ]
      },
      "id": "node/503957643"
    },
    {
      "type": "Feature",
      "properties": {
        "@id": "node/523279069",
        "addr:city": "München",
        "addr:country": "DE",
        "addr:housenumber": "20",
        "addr:postcode": "81543",
        "addr:street": "Pilgersheimer Straße",
        "name": "Kreisverwaltungsreferat München (KVR)",
        "office": "government",
        "phone": "+49 89 23386644"
      },
      "geometry": {
        "type": "Point",
        "coordinates": [
          11.574045,
          48.118191
        ]
      },
      "id": "node/523279069"
    },
    {
      "type": "Feature",
      "properties": {
        "@id": "node/571173949",
        "landuse": "military",
        "military": "training_area",
        "name": "Standortübungsplatz Fröttmaninger Heide"
      },
      "geometry": {
        "type": "Point",
        "coordinates": [
          11.6117981,
          48.2339515
        ]
      },
      "id": "node/571173949"
    },
    {
      "type": "Feature",
      "properties": {
        "@id": "node/699702754",
        "name": "Erzbischöfliches Ordinariat, Baureferat",
        "office": "government",
        "wheelchair": "limited"
      },
      "geometry": {
        "type": "Point",
        "coordinates": [
          11.5724723,
          48.141265
        ]
      },
      "id": "node/699702754"
    },
    {
      "type": "Feature",
      "properties": {
        "@id": "node/747135577",
        "addr:city": "München",
        "addr:country": "DE",
        "addr:housenumber": "21",
        "addr:postcode": "80634",
        "addr:street": "Leonrodstraße",
        "government": "administrative",
        "name": "Bürgerbüro Leonrodstraße",
        "office": "government",
        "opening_hours": "Mo,We,Fr 07:30-13:00; Tu 08:30-13:00,14:00-18:00; Th 07:30-13:00; PH,Sa,Su off",
        "operator": "KVR München",
        "phone": "+49 89 233-96000",
        "website": "https://stadt.muenchen.de/service/info/burgerburo-leonrodstrasse/1073581/",
        "wheelchair": "yes"
      },
      "geometry": {
        "type": "Point",
        "coordinates": [
          11.5357696,
          48.153615
        ]
      },
      "id": "node/747135577"
    },
    {
      "type": "Feature",
      "properties": {
        "@id": "node/884381038",
        "addr:city": "München",
        "addr:country": "DE",
        "addr:housenumber": "7",
        "addr:postcode": "80469",
        "addr:street": "Angertorstraße",
        "contact:email": "kgl.dir@muenchen.de",
        "contact:fax": "+49 89 23001982",
        "contact:phone": "+49 89 23001981",
        "contact:website": "https://stadt.muenchen.de/rathaus/verwaltung/direktorium/lgbtiq-stelle",
        "lgbtq": "welcome",
        "lgbtq:men": "welcome",
        "lgbtq:trans": "welcome",
        "lgbtq:women": "welcome",
        "name": "Koordinierungsstelle zur Gleichstellung von LGBTI*",
        "office": "government",
        "opening_hours": "\"Termine nur nach Vereinbarung\""
      },
      "geometry": {
        "type": "Point",
        "coordinates": [
          11.5703264,
          48.1310492
        ]
      },
      "id": "node/884381038"
    },
    {
      "type": "Feature",
      "properties": {
        "@id": "node/925722568",
        "addr:housenumber": "50",
        "addr:street": "Orleansstraße",
        "amenity": "townhall",
        "internet_access": "wlan",
        "name": "Bürgerbüro Orleansplatz",
        "office": "government",
        "opening_hours": "Mo,We,Fr 07:30-13:00; Tu,Th 08:30-13:00,14:00-18:00",
        "operator": "KVR München",
        "phone": "+49 89 233-96000",
        "website": "https://stadt.muenchen.de/service/info/burgerburo-orleansplatz/1073580/",
        "wheelchair": "yes"
      },
      "geometry": {
        "type": "Point",
        "coordinates": [
          11.6048834,
          48.1287122
        ]
      },
      "id": "node/925722568"
    },
    {
      "type": "Feature",
      "properties": {
        "@id": "node/966315094",
        "amenity": "courthouse",
        "check_date:opening_hours": "2025-03-26",
        "contact:website": "https://www.vgh.bayern.de/gerichte/bayvgh/",
        "name": "Bayerischer Verwaltungsgerichtshof",
        "opening_hours:signed": "no",
        "wheelchair": "limited",
        "wikidata": "Q28739176"
      },
      "geometry": {
        "type": "Point",
        "coordinates": [
          11.579682,
          48.1478711
        ]
      },
      "id": "node/966315094"
    },
    {
      "type": "Feature",
      "properties": {
        "@id": "node/974569623",
        "addr:city": "München",
        "addr:housenumber": "9",
        "addr:street": "Pettenkoferstraße",
        "name": "Staatliches Bauamt München 2",
        "note": "Bauleitung Innenstadtkliniken",
        "office": "government"
      },
      "geometry": {
        "type": "Point",
        "coordinates": [
          11.5630275,
          48.1339365
        ]
      },
      "id": "node/974569623"
    },
    {
      "type": "Feature",
      "properties": {
        "@id": "node/1014275352",
        "addr:city": "München",
        "addr:country": "DE",
        "addr:housenumber": "2",
        "addr:postcode": "80333",
        "addr:street": "Salvatorstraße",
        "contact:email": "poststelle@stmuk.bayern.de",
        "contact:fax": "+49 89 21862800",
        "contact:phone": "+49 89 21860",
        "contact:website": "https://www.km.bayern.de/",
        "government": "ministry",
        "name": "Bayrisches Staatsministerium für Unterricht und Kultus",
        "office": "government"
      },
      "geometry": {
        "type": "Point",
        "coordinates": [
          11.5763413,
          48.1414346
        ]
      },
      "id": "node/1014275352"
    },
    {
      "type": "Feature",
      "properties": {
        "@id": "node/1014277820",
        "addr:city": "München",
        "addr:country": "DE",
        "addr:housenumber": "2",
        "addr:postcode": "80333",
        "addr:street": "Salvatorstraße",
        "check_date": "2023-06-28",
        "contact:phone": "+49 89 2186-0",
        "contact:website": "https://www.stmwk.bayern.de/",
        "government": "ministry",
        "name": "Bayerisches Staatsministerium für Wissenschaft und Kunst",
        "office": "government",
        "wheelchair": "yes"
      },
      "geometry": {
        "type": "Point",
        "coordinates": [
          11.5764312,
          48.1414195
        ]
      },
      "id": "node/1014277820"
    },
    {
      "type": "Feature",
      "properties": {
        "@id": "node/1137804637",
        "architect": "Leonhard Moll",
        "building": "bunker",
        "bunker_type": "observation",
        "historic": "yes",
        "image": "https://commons.wikimedia.org/wiki/File:Ehrenb%C3%BCrgstr9_Bunker_M%C3%BCnchen.jpg",
        "military": "bunker",
        "name": "Splitterschutzzelle",
        "start_date": "1942..1945"
      },
      "geometry": {
        "type": "Point",
        "coordinates": [
          11.4134705,
          48.1427043
        ]
      },
      "id": "node/1137804637"
    },
    {
      "type": "Feature",
      "properties": {
        "@id": "node/1285286391",
        "addr:city": "München",
        "addr:country": "DE",
        "addr:housenumber": "5",
        "addr:postcode": "81925",
        "addr:street": "Arabellastraße",
        "amenity": "hospital",
        "beds": "60",
        "emergency": "no",
        "healthcare": "hospital",
        "healthcare:speciality": "anaesthetics;ophthalmology;surgery;trauma;plastic_surgery;otolaryngology;dental_oral_maxillo_facial_surgery",
        "level": "19",
        "name": "Arabella-Klinik",
        "operator": "Arabella Klinik GmbH",
        "operator:type": "private",
        "phone": "+49 89 92 20 92 0",
        "website": "https://arabellaklinik.de/",
        "wheelchair": "limited",
        "wikidata": "Q106291752",
        "wikipedia": "de:Arabella Klinik"
      },
      "geometry": {
        "type": "Point",
        "coordinates": [
          11.618485,
          48.1505955
        ]
      },
      "id": "node/1285286391"
    },
    {
      "type": "Feature",
      "properties": {
        "@id": "node/1331241824",
        "addr:city": "Garching bei München",
        "addr:housenumber": "1",
        "addr:postcode": "85748",
        "addr:street": "Rathausplatz",
        "government": "culture",
        "level": "0",
        "name": "Kulturreferat",
        "office": "government",
        "opening_hours": "Mo-We, Fr 08:00-12:00; Th 08:00-12:00, 14:00-18:00; PH off",
        "operator": "Stadt Garching",
        "website": "https://www.kultur-garching.de/"
      },
      "geometry": {
        "type": "Point",
        "coordinates": [
          11.6507879,
          48.2508756
        ]
      },
      "id": "node/1331241824"
    },
    {
      "type": "Feature",
      "properties": {
        "@id": "node/1398393983",
        "addr:city": "München",
        "addr:country": "DE",
        "addr:housenumber": "9",
        "addr:postcode": "81371",
        "addr:street": "Implerstraße",
        "admin_level": "6",
        "contact:phone": "+49 89 115",
        "contact:website": "https://stadt.muenchen.de/rathaus/verwaltung/mobiliaetsreferat.html",
        "description": "Mobilitätsreferat der Landeshauptstadt München, GB 2 Verkehrs- und Bezirksmanagement",
        "government": "administrative",
        "name": "Mobilitätsreferat",
        "office": "government",
        "opening_hours": "Mo-Th 08:00-15:00; Fr 08:00-12:00",
        "operator": "Landeshauptstadt München",
        "wheelchair": "limited",
        "wheelchair:description": "Nicht alle Bereiche sind mit dem Rollstuhl zu erreichen. Der barrierefreie Eingang befindet auf der Gebäuderückseite und ist über den Kapellenweg erreichbar. Dort befindet sich auch ein Behindertenparkplatz."
      },
      "geometry": {
        "type": "Point",
        "coordinates": [
          11.5490481,
          48.1234728
        ]
      },
      "id": "node/1398393983"
    },
    {
      "type": "Feature",
      "properties": {
        "@id": "node/1516240570",
        "addr:city": "München",
        "addr:country": "DE",
        "addr:housenumber": "28",
        "addr:postcode": "80335",
        "addr:street": "Bayerstraße",
        "check_date": "2025-03-06",
        "check_date:opening_hours": "2025-03-06",
        "government": "education",
        "name": "Referat für Bildung und Sport",
        "office": "government",
        "opening_hours": "Mo-Th 08:00-16:00; Fr 08:00-12:00",
        "operator": "Landeshauptstadt München"
      },
      "geometry": {
        "type": "Point",
        "coordinates": [
          11.5531893,
          48.1392417
        ]
      },
      "id": "node/1516240570"
    },
    {
      "type": "Feature",
      "properties": {
        "@id": "node/1516240573",
        "addr:city": "München",
        "addr:country": "DE",
        "addr:housenumber": "28",
        "addr:postcode": "80335",
        "addr:street": "Bayerstraße",
        "name": "Zentrum für Informationstechnologie im Bildungsbereich (ZIB)",
        "office": "government"
      },
      "geometry": {
        "type": "Point",
        "coordinates": [
          11.5531991,
          48.139596
        ]
      },
      "id": "node/1516240573"
    },
    {
      "type": "Feature",
      "properties": {
        "@id": "node/1598962239",
        "amenity": "hospital",
        "emergency": "no",
        "healthcare": "hospital",
        "name": "Klinik mednord",
        "operator": "Klinik mednord Dr. Pfützenreuter",
        "website": "https://klinik-mednord.de/"
      },
      "geometry": {
        "type": "Point",
        "coordinates": [
          11.5872598,
          48.2018974
        ]
      },
      "id": "node/1598962239"
    },
    {
      "type": "Feature",
      "properties": {
        "@id": "node/1598964034",
        "amenity": "hospital",
        "emergency": "no",
        "healthcare": "hospital",
        "name": "Belegklinikfür Neurochirurgie, plastisch-ästhetische Chirurgie,Chirurgie und Orthopädie",
        "name:en": "Clinic for Neurosurgery, Plastic and Aesthetic Surgery, Surgery, and Orthopedics",
        "operator": "Klinik mednord Dr. Pfützenreuter"
      },
      "geometry": {
        "type": "Point",
        "coordinates": [
          11.5872518,
          48.2018439
        ]
      },
      "id": "node/1598964034"
    },
    {
      "type": "Feature",
      "properties": {
        "@id": "node/1612042136",
        "government": "ministry",
        "name": "Bayerisches Staatsministerium für Unterricht und Kultus, Bayerisches Staatsministerium für Wissenschaft, Forschung und Kunst",
        "office": "government",
        "wheelchair": "yes"
      },
      "geometry": {
        "type": "Point",
        "coordinates": [
          11.5747846,
          48.142371
        ]
      },
      "id": "node/1612042136"
    },
    {
      "type": "Feature",
      "properties": {
        "@id": "node/1660556255",
        "addr:city": "München",
        "addr:housenumber": "7",
        "addr:postcode": "80331",
        "addr:street": "Sendlinger Straße",
        "email": "info@jiz-muenchen.de",
        "fax": "+49 89 550 521 51",
        "name": "Jugendinformationszentrum München",
        "office": "government",
        "opening_hours": "Mo 12:00-19:00; Tu-Fr 13:00-18:00",
        "operator": "Kreisjugendring Stadt München",
        "phone": "+49 89 550 521 50",
        "website": "https://jugendinfo-muenchen.de/",
        "wheelchair": "yes",
        "wheelchair:description": "Eingang ebenerdig, keine Stufen. Toilettenbenutzung für Rollifahrer schwierig."
      },
      "geometry": {
        "type": "Point",
        "coordinates": [
          11.5724085,
          48.1355433
        ]
      },
      "id": "node/1660556255"
    },
    {
      "type": "Feature",
      "properties": {
        "@id": "node/1673844108",
        "addr:city": "München",
        "addr:country": "DE",
        "addr:housenumber": "38",
        "addr:postcode": "80637",
        "addr:street": "Landshuter Allee",
        "amenity": "police",
        "contact:fax": "+49 89 54265-128",
        "contact:phone": "+49 89 54265-0",
        "name": "Polizeiinspektion München 42 (Neuhausen)",
        "ref": "PI 42",
        "website": "https://www.polizei.bayern.de/wir-ueber-uns/organisation/dienststellen/0900814020000.html",
        "wheelchair": "limited"
      },
      "geometry": {
        "type": "Point",
        "coordinates": [
          11.5372444,
          48.1496066
        ]
      },
      "id": "node/1673844108"
    },
    {
      "type": "Feature",
      "properties": {
        "@id": "node/1686937429",
        "addr:city": "München",
        "addr:country": "DE",
        "addr:housenumber": "210",
        "addr:postcode": "81549",
        "addr:street": "Tegernseer Landstraße",
        "amenity": "police",
        "name": "Kriminalpolizeiinspektion München-Ost",
        "wheelchair": "yes"
      },
      "geometry": {
        "type": "Point",
        "coordinates": [
          11.5834892,
          48.1018236
        ]
      },
      "id": "node/1686937429"
    },
    {
      "type": "Feature",
      "properties": {
        "@id": "node/1687035399",
        "amenity": "police",
        "check_date": "2026-04-17",
        "name": "Polizeiinspektion München 21 (Au)",
        "ref": "PI 21",
        "website": "https://www.polizei.bayern.de/wir-ueber-uns/organisation/dienststellen/0900812010000.html",
        "wheelchair": "no"
      },
      "geometry": {
        "type": "Point",
        "coordinates": [
          11.5842211,
          48.1238538
        ]
      },
      "id": "node/1687035399"
    },
    {
      "type": "Feature",
      "properties": {
        "@id": "node/1943404776",
        "addr:city": "München",
        "addr:housenumber": "139",
        "addr:street": "Knorrstraße",
        "amenity": "police",
        "check_date": "2024-05-28",
        "name": "Bayerisches Landesamt für Verfassungsschutz",
        "name:en": "Bavarian Office for the Protection of the Constitution",
        "police": "offices",
        "short_name": "BayLfV"
      },
      "geometry": {
        "type": "Point",
        "coordinates": [
          11.5710172,
          48.1920328
        ]
      },
      "id": "node/1943404776"
    },
    {
      "type": "Feature",
      "properties": {
        "@id": "node/1979034879",
        "name": "Staatliches Bauamt München 2",
        "office": "government",
        "opening_hours:signed": "no"
      },
      "geometry": {
        "type": "Point",
        "coordinates": [
          11.4748812,
          48.1116044
        ]
      },
      "id": "node/1979034879"
    },
    {
      "type": "Feature",
      "properties": {
        "@id": "node/2271561877",
        "addr:city": "München",
        "addr:country": "DE",
        "addr:housenumber": "28a",
        "addr:postcode": "80335",
        "addr:street": "Bayerstraße",
        "check_date:opening_hours": "2025-03-06",
        "government": "healthcare",
        "name": "Gesundheitsreferat",
        "office": "government",
        "opening_hours": "Mo-Fr 09:00-12:00, Mo,Tu,Th 13:30-15:00",
        "operator": "Landeshauptstadt München"
      },
      "geometry": {
        "type": "Point",
        "coordinates": [
          11.5527682,
          48.1392297
        ]
      },
      "id": "node/2271561877"
    },
    {
      "type": "Feature",
      "properties": {
        "@id": "node/2299612081",
        "addr:city": "München",
        "addr:housename": "Sozialbürgerhaus Sendling-Westpark",
        "addr:housenumber": "14",
        "addr:postcode": "81373",
        "addr:street": "Meindlstraße",
        "amenity": "townhall",
        "description": "Die Bezirksausschussgeschäftsstelle der Landeshauptstadt München für den Stadtbezirk 6 Sendling, den Stadtbezirk 7 Sendling-Westpark, den Stadtbezirk 2 Schwanthalerhöhe und den Stadtbezirk 19 Obersendling-Thalkirchen-Fürstenried-Forstenried-Solln.",
        "name": "BA-Geschäftsstelle Süd",
        "phone": "+49 89 233 33880",
        "website": "https://stadt.muenchen.de/infos/bezirksausschuss6_sendling.html",
        "wheelchair": "yes"
      },
      "geometry": {
        "type": "Point",
        "coordinates": [
          11.5376507,
          48.118172
        ]
      },
      "id": "node/2299612081"
    },
    {
      "type": "Feature",
      "properties": {
        "@id": "node/2373046141",
        "addr:city": "München",
        "addr:country": "DE",
        "addr:housenumber": "61a",
        "addr:postcode": "81476",
        "addr:street": "Forstenrieder Allee",
        "amenity": "townhall",
        "contact:website": "https://stadt.muenchen.de/rathaus/verwaltung/kreisverwaltungsreferat.html",
        "name": "Bürgerbüro Forstenried",
        "office": "government",
        "opening_hours": "Mo 07:30-13:00, Tu 08:30-13:00,14:00-18:00, We 07:30-13:00, Th 08:30-13:00, Fr 07:30-13:00; Sa off; Su off, Th 14:00-18:00",
        "operator": "LH München",
        "phone": "+49 89 233-96000",
        "toilets:wheelchair": "yes",
        "wheelchair": "yes"
      },
      "geometry": {
        "type": "Point",
        "coordinates": [
          11.4992006,
          48.0938686
        ]
      },
      "id": "node/2373046141"
    },
    {
      "type": "Feature",
      "properties": {
        "@id": "node/2431031657",
        "addr:city": "München",
        "addr:country": "DE",
        "addr:housenumber": "6",
        "addr:postcode": "80333",
        "addr:street": "Sophienstraße",
        "email": "poststelle@lfst.bayern.de",
        "fax": "+49 89 9991-1099",
        "name": "Bayerisches Landesamt für Steuern, Dienststelle München",
        "office": "government",
        "phone": "+49 89 9991 0"
      },
      "geometry": {
        "type": "Point",
        "coordinates": [
          11.5658007,
          48.1423923
        ]
      },
      "id": "node/2431031657"
    },
    {
      "type": "Feature",
      "properties": {
        "@id": "node/2503209466",
        "addr:housenumber": "53",
        "addr:street": "Goethestraße",
        "check_date": "2025-10-28",
        "name": "Internationales Beratungszentrum",
        "office": "government",
        "opening_hours:signed": "no",
        "operator": "Landeshauptstadt München"
      },
      "geometry": {
        "type": "Point",
        "coordinates": [
          11.5587817,
          48.1330636
        ]
      },
      "id": "node/2503209466"
    },
    {
      "type": "Feature",
      "properties": {
        "@id": "node/2546598971",
        "building": "public",
        "name": "Bayerisches Landesamt für Denkmalpflege",
        "office": "government",
        "opening_hours": "Mo-Th 08:00-16:00; Fr 08:00-14:00",
        "wheelchair": "limited"
      },
      "geometry": {
        "type": "Point",
        "coordinates": [
          11.5786852,
          48.1388672
        ]
      },
      "id": "node/2546598971"
    },
    {
      "type": "Feature",
      "properties": {
        "@id": "node/2622067389",
        "addr:city": "Straßlach-Dingharting",
        "addr:country": "DE",
        "addr:housenumber": "21",
        "addr:postcode": "82064",
        "addr:street": "Schulstraße",
        "addr:suburb": "Straßlach",
        "amenity": "townhall",
        "name": "Rathaus Straßlach",
        "wheelchair": "limited"
      },
      "geometry": {
        "type": "Point",
        "coordinates": [
          11.5127986,
          48.0051665
        ]
      },
      "id": "node/2622067389"
    },
    {
      "type": "Feature",
      "properties": {
        "@id": "node/3329359394",
        "addr:city": "München",
        "addr:housenumber": "1",
        "addr:postcode": "80687",
        "addr:street": "Rapotostraße",
        "amenity": "police",
        "fax": "+49 89 54652 128",
        "name": "Polizeiinspektion München 41 (Laim)",
        "phone": "+49 89 54652 0",
        "ref": "PI 41",
        "website": "https://www.polizei.bayern.de/wir-ueber-uns/organisation/dienststellen/0900814010000.html",
        "wheelchair": "no"
      },
      "geometry": {
        "type": "Point",
        "coordinates": [
          11.4989375,
          48.1430103
        ]
      },
      "id": "node/3329359394"
    },
    {
      "type": "Feature",
      "properties": {
        "@id": "node/3445677913",
        "addr:city": "München",
        "addr:country": "DE",
        "addr:housenumber": "7",
        "addr:postcode": "80331",
        "addr:street": "Hochbrückenstraße",
        "amenity": "police",
        "fax": "+49 89 29080128",
        "name": "Polizeiinspektion München 11 (Altstadt)",
        "opening_hours": "24/7",
        "phone": "+49 89 290800",
        "ref": "PI 11",
        "toilets:wheelchair": "no",
        "wheelchair": "yes",
        "wikidata": "Q41175636"
      },
      "geometry": {
        "type": "Point",
        "coordinates": [
          11.5801921,
          48.1368185
        ]
      },
      "id": "node/3445677913"
    },
    {
      "type": "Feature",
      "properties": {
        "@id": "node/3481206851",
        "government": "register_office",
        "name": "Standesamt Ismaning",
        "office": "government",
        "opening_hours": "Mo 08:00-12:00,14:00-18:00; Tu-Fr 08:00-12:00"
      },
      "geometry": {
        "type": "Point",
        "coordinates": [
          11.6742301,
          48.228143
        ]
      },
      "id": "node/3481206851"
    },
    {
      "type": "Feature",
      "properties": {
        "@id": "node/3484123118",
        "description": "Landeshauptstadt München Sozialreferat: Stadtjugendamt, Beistandschaft, Beurkundung; Sprechzeiten nach Vereinbarung",
        "name": "Stadtjugendamt, Beistandschaft, Beurkundung",
        "office": "government",
        "opening_hours": "\"nach Vereinbarung\"",
        "wheelchair": "yes"
      },
      "geometry": {
        "type": "Point",
        "coordinates": [
          11.5801005,
          48.1101816
        ]
      },
      "id": "node/3484123118"
    },
    {
      "type": "Feature",
      "properties": {
        "@id": "node/3672244983",
        "addr:city": "München",
        "addr:housenumber": "23",
        "addr:postcode": "81673",
        "addr:street": "Streitfeldstraße",
        "name": "Stadtjugendamt München",
        "office": "government",
        "opening_hours": "Mo-Th 08:00-16:00; Fr 08:00-12:00"
      },
      "geometry": {
        "type": "Point",
        "coordinates": [
          11.6198507,
          48.1316075
        ]
      },
      "id": "node/3672244983"
    },
    {
      "type": "Feature",
      "properties": {
        "@id": "node/3679340327",
        "administrative": "employment_agency",
        "check_date": "2023-01-30",
        "name": "Jobcenter",
        "office": "government",
        "opening_hours": "Mo,We 09:00-12:00,13:00-15:00; Th 13:00-16:00; Fr 09:00-12:00",
        "wheelchair": "yes"
      },
      "geometry": {
        "type": "Point",
        "coordinates": [
          11.5551034,
          48.1376379
        ]
      },
      "id": "node/3679340327"
    },
    {
      "type": "Feature",
      "properties": {
        "@id": "node/3754434951",
        "amenity": "courthouse",
        "check_date:opening_hours": "2023-04-22",
        "name": "Bayerisches Verwaltungsgericht München",
        "opening_hours": "Mo-Th 08:00-16:00; Fr 08:00-14:00",
        "short_name": "VG München"
      },
      "geometry": {
        "type": "Point",
        "coordinates": [
          11.5517203,
          48.1392259
        ]
      },
      "id": "node/3754434951"
    },
    {
      "type": "Feature",
      "properties": {
        "@id": "node/3929290107",
        "addr:city": "München",
        "addr:country": "DE",
        "addr:housenumber": "28a",
        "addr:postcode": "80335",
        "addr:street": "Bayerstraße",
        "contact:email": "rgu@muenchen.de",
        "contact:fax": "+49 89 233 473 05",
        "contact:phone": "+49 89 233 963 00",
        "contact:website": "https://www.lfu.bayern.de/altlasten/altlastenkataster/index.htm",
        "government": "environment",
        "name": "Bayerisches Altlastenkataster, Referat für Gesundheit und Umwelt",
        "office": "government"
      },
      "geometry": {
        "type": "Point",
        "coordinates": [
          11.552618,
          48.139409
        ]
      },
      "id": "node/3929290107"
    },
    {
      "type": "Feature",
      "properties": {
        "@id": "node/3929290108",
        "addr:city": "München",
        "addr:country": "DE",
        "addr:housenumber": "2",
        "addr:postcode": "80539",
        "addr:street": "Ludwigstraße",
        "check_date": "2025-10-10",
        "contact:email": "poststelle@stmelf.bayern.de",
        "contact:phone": "+49 89 2182-0",
        "contact:website": "https://www.stmelf.bayern.de",
        "government": "ministry",
        "name": "Bayerisches Staatsministerium für Ernährung, Landwirtschaft, Forsten und Tourismus",
        "office": "government",
        "old_name": "Zentralministerium des Landes Bayern",
        "short_name": "StMELF",
        "source": "survey by BenE München",
        "wikidata": "Q812440"
      },
      "geometry": {
        "type": "Point",
        "coordinates": [
          11.5789463,
          48.1448131
        ]
      },
      "id": "node/3929290108"
    },
    {
      "type": "Feature",
      "properties": {
        "@id": "node/3929291629",
        "addr:city": "München",
        "addr:country": "DE",
        "addr:housenumber": "155",
        "addr:postcode": "80797",
        "addr:street": "Schellingstraße",
        "contact:email": "kontakt@isb.bayern.de",
        "contact:fax": "+49 89 21702105",
        "contact:phone": "+49 89 2170-2008",
        "contact:website": "https://www.isb.bayern.de/",
        "name": "Staatsinstitut für Schulqualität und Bildungsforschung (ISB)",
        "office": "government",
        "topic": "learning_opportunities"
      },
      "geometry": {
        "type": "Point",
        "coordinates": [
          11.5580276,
          48.1547928
        ]
      },
      "id": "node/3929291629"
    },
    {
      "type": "Feature",
      "properties": {
        "@id": "node/4050350306",
        "addr:city": "München",
        "addr:housenumber": "124",
        "addr:postcode": "80339",
        "addr:street": "Landsberger Straße",
        "name": "Hauptzollamt München - Dienstsitz Landsberger Str. 124",
        "office": "government",
        "phone": "+49 89 5109 2602",
        "toilets:wheelchair": "yes",
        "wheelchair": "limited"
      },
      "geometry": {
        "type": "Point",
        "coordinates": [
          11.5335529,
          48.1410348
        ]
      },
      "id": "node/4050350306"
    },
    {
      "type": "Feature",
      "properties": {
        "@id": "node/4052272989",
        "addr:city": "München",
        "addr:housenumber": "122",
        "addr:postcode": "80339",
        "addr:street": "Landsberger Straße",
        "name": "Hauptzollamt München - Dienstsitz Landsberger Str. 122 - KFZ-Steuerstelle",
        "office": "government",
        "phone": "+49 89 5109 2900",
        "toilets:wheelchair": "yes",
        "website": "https://www.zoll.de/SharedDocs/Dienststellen/DE/1_DSSD_Importer/ZZ_Sonderdienststellen_suchindexausschluss/HZA_Muenchen_Dienstort_Landsberger_Strasse_7605/HZA_Muenchen_Dienstort_Landsberger_Strasse_7605.html?category=KFZSteuer&bcnn=281734",
        "wheelchair": "yes"
      },
      "geometry": {
        "type": "Point",
        "coordinates": [
          11.5336533,
          48.1404006
        ]
      },
      "id": "node/4052272989"
    },
    {
      "type": "Feature",
      "properties": {
        "@id": "node/4052287012",
        "addr:city": "München",
        "addr:housenumber": "6",
        "addr:postcode": "80333",
        "addr:street": "Sophienstraße",
        "government": "tax",
        "name": "Hauptzollamt München",
        "office": "government",
        "phone": "+49 89 5995 00",
        "website": "https://www.zoll.de/SharedDocs/Dienststellen/DE/1_DSSD_Importer/Hauptzollamt/HZA_Muenchen/HZA_Muenchen_7600/HZA_Muenchen_7600.html?bcnn=121952",
        "wheelchair": "limited",
        "wheelchair:description": "Barrierefreier Zugang über Arcostraße 2"
      },
      "geometry": {
        "type": "Point",
        "coordinates": [
          11.567419,
          48.1423625
        ]
      },
      "id": "node/4052287012"
    },
    {
      "type": "Feature",
      "properties": {
        "@id": "node/4076247012",
        "name": "Veterinärwesen",
        "office": "government",
        "opening_hours": "We,Fr 09:00-11:30; PH off",
        "operator": "Landratsamt München"
      },
      "geometry": {
        "type": "Point",
        "coordinates": [
          11.5823584,
          48.1233458
        ]
      },
      "id": "node/4076247012"
    },
    {
      "type": "Feature",
      "properties": {
        "@id": "node/4082319826",
        "name": "Referat für Gesundheit und Umwelt",
        "note:opening_hours": "Vereinigung der unterschiedlichen angegebenen Öffnungszeiten",
        "office": "government",
        "opening_hours": "Mo-Th 07:45-12:00, 13:00-16:00; Fr 07:45-12:00",
        "wheelchair": "yes"
      },
      "geometry": {
        "type": "Point",
        "coordinates": [
          11.5551428,
          48.1373619
        ]
      },
      "id": "node/4082319826"
    },
    {
      "type": "Feature",
      "properties": {
        "@id": "node/4111957489",
        "addr:city": "Ottobrunn",
        "addr:country": "DE",
        "addr:housenumber": "4",
        "addr:postcode": "85521",
        "addr:street": "Finsinger Feld",
        "amenity": "police",
        "name": "Bundespolizeidirektion München - Diensthundeausbildungsanlage Ottobrunn",
        "operator": "Bundespolizei Deutschland"
      },
      "geometry": {
        "type": "Point",
        "coordinates": [
          11.6501141,
          48.0698914
        ]
      },
      "id": "node/4111957489"
    },
    {
      "type": "Feature",
      "properties": {
        "@id": "node/4159114144",
        "addr:city": "München",
        "addr:country": "DE",
        "addr:housenumber": "106",
        "addr:postcode": "80797",
        "addr:street": "Winzererstraße",
        "amenity": "courthouse",
        "check_date": "2026-03-09",
        "contact:city": "München",
        "contact:country": "DE",
        "contact:fax": "+49 89 306 19-298",
        "contact:phone": "+49 89 306 19-0",
        "contact:pobox": "40 01 80",
        "contact:postcode": "80701",
        "contact:website": "https://www.arbg.bayern.de/die-arbeitsgerichtsbarkeit-in-bayern/arbg-muenchen/",
        "name": "Arbeitsgericht München",
        "opening_hours": "Mo-Th 08:00-16:00; Fr 08:00-14:00"
      },
      "geometry": {
        "type": "Point",
        "coordinates": [
          11.5631418,
          48.1644164
        ]
      },
      "id": "node/4159114144"
    },
    {
      "type": "Feature",
      "properties": {
        "@id": "node/4973525853",
        "amenity": "townhall",
        "name": "Gemeindeverwaltung Schäftlarn",
        "opening_hours": "Mo,Tu,We,Fr 08:00-12:00;We 14:00-18:00; PH off",
        "phone": "+49 8178 9303-0",
        "website": "https://www.schaeftlarn.de/",
        "wheelchair": "yes"
      },
      "geometry": {
        "type": "Point",
        "coordinates": [
          11.4508888,
          47.9913184
        ]
      },
      "id": "node/4973525853"
    },
    {
      "type": "Feature",
      "properties": {
        "@id": "node/13667142489",
        "addr:city": "Sauerlach",
        "addr:country": "DE",
        "addr:housenumber": "11",
        "addr:postcode": "82054",
        "addr:street": "Rudolf-Diesel-Ring",
        "amenity": "building_yard",
        "check_date": "2026-02-28",
        "contact:phone": "+49 8104 6646-29;+49 8104 6646-0",
        "contact:website": "https://www.sauerlach.de/",
        "government": "public_utility",
        "name": "Bauhof Sauerlach",
        "office": "government",
        "operator": "Gemeinde Saueralch"
      },
      "geometry": {
        "type": "Point",
        "coordinates": [
          11.662969,
          47.9699743
        ]
      },
      "id": "node/13667142489"
    },
    {
      "type": "Feature",
      "properties": {
        "@id": "node/10108720552",
        "building": "bunker",
        "bunker_type": "personnel_shelter",
        "military": "bunker",
        "name": "Splitterschutzzelle"
      },
      "geometry": {
        "type": "Point",
        "coordinates": [
          11.413145,
          48.1429905
        ]
      },
      "id": "node/10108720552"
    },
    {
      "type": "Feature",
      "properties": {
        "@id": "node/6319550731",
        "amenity": "townhall",
        "name": "Rathaus Neuried",
        "opening_hours": "Mo-Th 08:00-12:00, We 15:00-18:00, Fr 07:30-12:00",
        "website": "https://www.neuried.de/",
        "wheelchair": "yes"
      },
      "geometry": {
        "type": "Point",
        "coordinates": [
          11.4601424,
          48.0882821
        ]
      },
      "id": "node/6319550731"
    },
    {
      "type": "Feature",
      "properties": {
        "@id": "node/8412331854",
        "building:part": "bunker",
        "bunker_type": "observation",
        "description": "Von der Zugspitzstraße aus sichtbarer verbunkerter Beobachtungpunkt auf dem Dach. Wohl ein Relikt aus dem 2. Weltkrieg.",
        "historic": "yes",
        "image": "https://commons.wikimedia.org/wiki/File:Splitterschutzzelle_auf_dem_Dach._H%C3%B6llriegelskreuth_United_Initiators_02.jpg#/media/File:Splitterschutzzelle_auf_dem_Dach._Höllriegelskreuth_United_Initiators_02.jpg",
        "military": "bunker",
        "wikidata": "Q2311847",
        "wikipedia": "de:Splitterschutzzelle"
      },
      "geometry": {
        "type": "Point",
        "coordinates": [
          11.5076664,
          48.0413151
        ]
      },
      "id": "node/8412331854"
    },
    {
      "type": "Feature",
      "properties": {
        "@id": "node/7160480215",
        "addr:housenumber": "8",
        "addr:street": "Zeillerstraße",
        "building": "bunker",
        "bunker_type": "bomb_shelter",
        "description": "Denkmalsgeschützter Luftschutzbunker. Zugang von der Straße gut sichtbar - grüne Tür direkt zum Fußweg.\nHeute Eventlocation.",
        "heritage": "yes",
        "historic": "yes",
        "image": "https://commons.wikimedia.org/wiki/File:Bunker_Gr%C3%BCnwald_Zeillerstra%C3%9Fe_8_f%C3%BCr_%C3%9Cberbau_pr%C3%A4pariert_Haupteingang_Stra%C3%9Fe.jpg#/media/File:Bunker_Grünwald_Zeillerstraße_8_für_Überbau_präpariert_Haupteingang_Straße.jpg",
        "military": "bunker",
        "name": "Ehemaliger Luftwaffenbunker",
        "source_ref:url": "https://www.merkur.de/lokales/muenchen-lk/gruenwald-ort28770/villa-bunker-landratsamt-lehnt-nobelbau-gruenwald-6567078.html",
        "source_url": "https://www.bunkerfreunde-muenchen.de/main.php?g2_itemId=209642",
        "tourism": "attraction"
      },
      "geometry": {
        "type": "Point",
        "coordinates": [
          11.5202058,
          48.0433624
        ]
      },
      "id": "node/7160480215"
    },
    {
      "type": "Feature",
      "properties": {
        "@id": "node/8647683805",
        "abandoned": "yes",
        "building": "bunker",
        "bunker_type": "observation",
        "description": "Splitterschutzzelle",
        "historic": "yes",
        "historic:period": "1942 - 1945",
        "image": "https://commons.wikimedia.org/wiki/File:Splitterschutzzelle_Bunker_am_Laufwasserkraftwerk_Pullach_bei_M%C3%BCnchen_01.jpg#/media/Datei:Splitterschutzzelle_Bunker_am_Laufwasserkraftwerk_Pullach_bei_München_01.jpg",
        "military": "bunker"
      },
      "geometry": {
        "type": "Point",
        "coordinates": [
          11.5227449,
          48.0539288
        ]
      },
      "id": "node/8647683805"
    },
    {
      "type": "Feature",
      "properties": {
        "@id": "node/4817583030",
        "addr:city": "Pullach i. Isartal",
        "addr:housenumber": "21",
        "addr:postcode": "82049",
        "addr:street": "Johann-Bader-Straße",
        "amenity": "townhall",
        "email": "info@pullach.de",
        "internet_access": "wlan",
        "name": "Rathaus der Gemeinde Pullach i. Isartal",
        "name:de": "Rathaus der Gemeinde Pullach i. Isartal",
        "opening_hours": "Mo-We, Fr 08:00-12:00; Th 08:00-12:00, 15:00-18:00",
        "phone": "+49 89 744744-0",
        "toilets:wheelchair": "yes",
        "townhall:type": "village",
        "website": "https://www.pullach.de/",
        "wheelchair": "limited"
      },
      "geometry": {
        "type": "Point",
        "coordinates": [
          11.5204754,
          48.0545166
        ]
      },
      "id": "node/4817583030"
    },
    {
      "type": "Feature",
      "properties": {
        "@id": "node/13100389006",
        "building": "bunker",
        "bunker_type": "pillbox",
        "military": "bunker",
        "note": "Out of Service/Ausser betrieb"
      },
      "geometry": {
        "type": "Point",
        "coordinates": [
          11.5099532,
          48.0653066
        ]
      },
      "id": "node/13100389006"
    },
    {
      "type": "Feature",
      "properties": {
        "@id": "node/8428004785",
        "building": "bunker",
        "bunker_type": "bomb_shelter",
        "description": "Geschlossener Eingang/Niedergang mit schwerer Stahltür zum ehemaligen Personalbunker der Reichssiedlung Rudolf Heß.",
        "historic": "yes",
        "image": "https://commons.wikimedia.org/wiki/File:Bunker_Reichssiedlung_Rudolf_He%C3%9F_auf_dem_Gel%C3%A4nde_AWO-Kindertagesst%C3%A4tte_M%C3%A4useburg_Pullach.jpg#/media/File:Bunker_Reichssiedlung_Rudolf_Heß_auf_dem_Gelände_AWO-Kindertagesstätte_Mäuseburg_Pullach.j",
        "military": "bunker",
        "name": "Bunker für die Angestellten",
        "source_ref": "https://photos1.blogger.com/blogger/6018/501/1600/BND.jpg",
        "website": "https://www.bunkerfreunde-muenchen.de/main.php?g2_itemId=15250",
        "wikidata": "Q15842025",
        "wikipedia": "de:Reichssiedlung Rudolf Heß"
      },
      "geometry": {
        "type": "Point",
        "coordinates": [
          11.5255022,
          48.0592424
        ]
      },
      "id": "node/8428004785"
    },
    {
      "type": "Feature",
      "properties": {
        "@id": "node/8425442269",
        "building": "bunker",
        "bunker_type": "bomb_shelter",
        "historic": "yes",
        "image": "https://commons.wikimedia.org/wiki/File:20191006_Bundesnachrichtendienst_Pullach_Bunker_Martin_Bormann_by_OlafKosinsky_MG_1238.jpg#/media/File:20191006_Bundesnachrichtendienst_Pullach_Bunker_Martin_Bormann_by_OlafKosinsky_MG_1238.jpg",
        "military": "bunker",
        "name": "Bunker for Martin Bormann under the presidential villa"
      },
      "geometry": {
        "type": "Point",
        "coordinates": [
          11.5266061,
          48.0622761
        ]
      },
      "id": "node/8425442269"
    },
    {
      "type": "Feature",
      "properties": {
        "@id": "node/8414413329",
        "building": "bunker",
        "bunker_type": "bomb_shelter",
        "description": "Bunker „Hagen“ des ehemaligen Führerhauptquartiers „Siegfried“.\nStahlbetonbau auf rechteckigem Grundriss mit zwei Zugängen, vom Architekturbüro\n\nHermann Giesler, 1943/44",
        "heritage": "yes",
        "historic": "yes",
        "image": "https://commons.wikimedia.org/wiki/File:20191006_Bundesnachrichtendienst_Pullach_Verwaltungsgeb%C3%A4ude_by_OlafKosinsky_5054.jpg#/media/File:20191006_Bundesnachrichtendienst_Pullach_Verwaltungsgebäude_by_OlafKosinsky_5054.jpg",
        "military": "bunker",
        "name": "Bunker \"Hagen\"",
        "start_date": "1943",
        "website": "http://www.bnd-standortpullach.de/html/hist_bnd_geschichte.html",
        "wikidata": "Q31839001",
        "wikipedia": "de:Liste der Baudenkmäler in Pullach im Isartal"
      },
      "geometry": {
        "type": "Point",
        "coordinates": [
          11.5302063,
          48.0638911
        ]
      },
      "id": "node/8414413329"
    },
    {
      "type": "Feature",
      "properties": {
        "@id": "node/8556438949",
        "building": "bunker",
        "bunker_type": "bomb_shelter",
        "description": "Bunker unter dem ehemaligen Kindergarten.",
        "military": "bunker",
        "website": "https://www.focus.de/immobilien/bauen/alte-bnd-zentrale-so-sieht-es-auf-dem-sagenumwobenen-areal-in-pullach-aus_id_5440752.html"
      },
      "geometry": {
        "type": "Point",
        "coordinates": [
          11.5280415,
          48.0642578
        ]
      },
      "id": "node/8556438949"
    },
    {
      "type": "Feature",
      "properties": {
        "@id": "node/8574278448",
        "building": "bunker",
        "bunker_type": "bomb_shelter",
        "description": "Dieser Bunker befindet sich unter einem der in den 1970er-Jahren erbauten Gebäude. Im Falle einer möglichen militärischen Auseinandersetzung während der Zeit des Kalten Kriegs sollten BND-Mitarbeiter hier Zuflucht finden",
        "military": "bunker",
        "source_ref": "http://media.libri.de/shop/coverscans/218/21856553_lprob.pdf",
        "start_date": "1970er"
      },
      "geometry": {
        "type": "Point",
        "coordinates": [
          11.5329055,
          48.0627078
        ]
      },
      "id": "node/8574278448"
    },
    {
      "type": "Feature",
      "properties": {
        "@id": "node/6498825436",
        "addr:city": "München",
        "addr:housenumber": "20",
        "addr:postcode": "81477",
        "addr:street": "Meglingerstraße",
        "amenity": "police",
        "check_date": "2025-08-23",
        "fax": "+49 89 78501-128",
        "name": "Polizeiinspektion München 29 (Forstenried)",
        "phone": "+49 89 78501-0",
        "ref": "PI 29",
        "website": "https://www.polizei.bayern.de/wir-ueber-uns/organisation/dienststellen/0900812090000.html"
      },
      "geometry": {
        "type": "Point",
        "coordinates": [
          11.5060929,
          48.0924209
        ]
      },
      "id": "node/6498825436"
    },
    {
      "type": "Feature",
      "properties": {
        "@id": "node/7404847287",
        "building": "bunker",
        "bunker_type": "civil_shelter",
        "description": "Sichtbare verbunkerte Zugänge/Niedergänge zum ehemaligen Schutzräumen im Gewerbegebäude.",
        "military": "bunker"
      },
      "geometry": {
        "type": "Point",
        "coordinates": [
          11.5092502,
          48.0729736
        ]
      },
      "id": "node/7404847287"
    },
    {
      "type": "Feature",
      "properties": {
        "@id": "node/8022082786",
        "building": "bunker",
        "bunker_type": "civil_shelter",
        "description": "Sichtbare verbunkerte Zugänge/Niedergänge zum ehemaligen Schutzräumen im Gewerbegebäude.",
        "military": "bunker"
      },
      "geometry": {
        "type": "Point",
        "coordinates": [
          11.5131955,
          48.0739695
        ]
      },
      "id": "node/8022082786"
    },
    {
      "type": "Feature",
      "properties": {
        "@id": "node/8660058758",
        "addr:city": "München",
        "addr:country": "DE",
        "addr:housenumber": "69",
        "addr:postcode": "81377",
        "addr:street": "Heiglhofstraße",
        "air_conditioning": "yes",
        "amenity": "clinic",
        "check_date": "2025-07-30",
        "contact:phone": "+49 89 71009-0",
        "contact:website": "https://kbo-kinderzentrum-muenchen.de/",
        "email": "info-kinderzentrum@kbo.de",
        "fax": "+49 89 710091144",
        "healthcare": "hospital",
        "healthcare:speciality": "paediatrics",
        "internet_access": "wlan",
        "internet_access:fee": "no",
        "name": "kbo-Kinderzentrum München",
        "opening_hours": "24/7",
        "operator": "Bezirk Oberbayern",
        "operator:type": "county_government",
        "ref:vatin": "DE262904720",
        "wheelchair": "yes",
        "wikidata": "Q15823532",
        "wikipedia": "de:Kinderzentrum München"
      },
      "geometry": {
        "type": "Point",
        "coordinates": [
          11.477925,
          48.10614
        ]
      },
      "id": "node/8660058758"
    },
    {
      "type": "Feature",
      "properties": {
        "@id": "node/5555074809",
        "addr:housenumber": "111",
        "addr:street": "Planegger Straße",
        "check_date": "2024-02-20",
        "government": "transportation",
        "name": "Baureferat, Tiefbau, Straßenunterhaltsbezirk West",
        "office": "government"
      },
      "geometry": {
        "type": "Point",
        "coordinates": [
          11.4532637,
          48.1355615
        ]
      },
      "id": "node/5555074809"
    },
    {
      "type": "Feature",
      "properties": {
        "@id": "node/7297764878",
        "check_date:opening_hours": "2025-08-19",
        "contact:website": "https://bahnland-bayern.de",
        "level": "1;2",
        "name": "Bayerische Eisenbahngesellschaft",
        "office": "government",
        "opening_hours:signed": "no",
        "source": "estimate; extrapolate; survey"
      },
      "geometry": {
        "type": "Point",
        "coordinates": [
          11.5300998,
          48.0996252
        ]
      },
      "id": "node/7297764878"
    },
    {
      "type": "Feature",
      "properties": {
        "@id": "node/12595715547",
        "building": "bunker",
        "bunker_type": "bomb_shelter",
        "description": "Ehemaliger Luftschutzraum. Rahmen von Druckschutzklappen 2025 noch erkennbar.",
        "military": "bunker"
      },
      "geometry": {
        "type": "Point",
        "coordinates": [
          11.5159403,
          48.1140024
        ]
      },
      "id": "node/12595715547"
    },
    {
      "type": "Feature",
      "properties": {
        "@id": "node/7128037228",
        "addr:city": "München",
        "addr:housenumber": "7",
        "addr:postcode": "80686",
        "addr:street": "Rüdesheimer Straße",
        "level": "0",
        "name": "TÜV Süd Auto Service GmbH – Bereich Fahrerlaubnis",
        "office": "government"
      },
      "geometry": {
        "type": "Point",
        "coordinates": [
          11.5230154,
          48.1322961
        ]
      },
      "id": "node/7128037228"
    },
    {
      "type": "Feature",
      "properties": {
        "@id": "node/7523056624",
        "addr:city": "München",
        "addr:country": "DE",
        "addr:housenumber": "19-21",
        "addr:postcode": "81373",
        "addr:street": "Garmischer Straße",
        "alt_name": "Kreisverwaltungsreferat HA2 Führerscheinstelle",
        "name": "Landeshauptstadt München Führerscheinstelle",
        "office": "government"
      },
      "geometry": {
        "type": "Point",
        "coordinates": [
          11.5319574,
          48.1315975
        ]
      },
      "id": "node/7523056624"
    },
    {
      "type": "Feature",
      "properties": {
        "@id": "node/13529465900",
        "name": "Bayerisches Landeskriminalamt",
        "office": "government"
      },
      "geometry": {
        "type": "Point",
        "coordinates": [
          11.533666,
          48.1323312
        ]
      },
      "id": "node/13529465900"
    },
    {
      "type": "Feature",
      "properties": {
        "@id": "node/4801275000",
        "addr:city": "München",
        "addr:country": "DE",
        "addr:housenumber": "24",
        "addr:postcode": "80686",
        "addr:street": "Hansastraße",
        "amenity": "police",
        "name": "Kriminalfachdezernat 1, 4 und 8 München",
        "police": "offices",
        "ref": "K 1;K 4;K 8"
      },
      "geometry": {
        "type": "Point",
        "coordinates": [
          11.5273199,
          48.133207
        ]
      },
      "id": "node/4801275000"
    },
    {
      "type": "Feature",
      "properties": {
        "@id": "node/13723012401",
        "addr:housenumber": "185",
        "addr:postcode": "80686",
        "addr:street": "Westendstraße",
        "amenity": "hospital",
        "name": "Psychosomatische Tagesklinik Westend",
        "website": "https://www.tagesklinik-westend.de/"
      },
      "geometry": {
        "type": "Point",
        "coordinates": [
          11.5235721,
          48.1340296
        ]
      },
      "id": "node/13723012401"
    },
    {
      "type": "Feature",
      "properties": {
        "@id": "node/5789807130",
        "addr:city": "München",
        "addr:housenumber": "20",
        "addr:postcode": "80339",
        "addr:street": "Barthstraße",
        "email": "bv.muenchen@vbg.de",
        "fax": "+498950095111",
        "government": "yes",
        "name": "Verwaltungs-Berufsgenossenschaft (VBG)",
        "office": "government",
        "phone": "+4989500950",
        "website": "https://www.vbg.de/cms/standorte-der-vbg/muenchen"
      },
      "geometry": {
        "type": "Point",
        "coordinates": [
          11.5278414,
          48.1379365
        ]
      },
      "id": "node/5789807130"
    },
    {
      "type": "Feature",
      "properties": {
        "@id": "node/8696741219",
        "addr:city": "München",
        "addr:country": "DE",
        "addr:housenumber": "17",
        "addr:postcode": "80634",
        "addr:street": "Richelstraße",
        "name": "Zentrum Bayern Familie und Soziales - Region Oberbayern",
        "office": "government"
      },
      "geometry": {
        "type": "Point",
        "coordinates": [
          11.5278502,
          48.1455601
        ]
      },
      "id": "node/8696741219"
    },
    {
      "type": "Feature",
      "properties": {
        "@id": "node/8040868568",
        "addr:city": "München",
        "addr:country": "DE",
        "addr:housenumber": "32",
        "addr:postcode": "81247",
        "addr:street": "Betzenweg",
        "government": "telecommunication",
        "name": "Bundesnetzagentur",
        "office": "government"
      },
      "geometry": {
        "type": "Point",
        "coordinates": [
          11.4678249,
          48.1674853
        ]
      },
      "id": "node/8040868568"
    },
    {
      "type": "Feature",
      "properties": {
        "@id": "node/12966402645",
        "building": "bunker",
        "bunker_type": "personnel_shelter",
        "military": "bunker"
      },
      "geometry": {
        "type": "Point",
        "coordinates": [
          11.462932,
          48.174933
        ]
      },
      "id": "node/12966402645"
    },
    {
      "type": "Feature",
      "properties": {
        "@id": "node/12951470964",
        "addr:city": "München",
        "addr:housenumber": "27",
        "addr:postcode": "80992",
        "addr:street": "Schragenhofstraße",
        "amenity": "courthouse",
        "name": "Amtsgericht München - Versteigerungen/Pfandkammer"
      },
      "geometry": {
        "type": "Point",
        "coordinates": [
          11.4960911,
          48.1703848
        ]
      },
      "id": "node/12951470964"
    },
    {
      "type": "Feature",
      "properties": {
        "@id": "node/4846393161",
        "addr:city": "München",
        "addr:housenumber": "56",
        "addr:postcode": "80992",
        "addr:street": "Hanauer Straße",
        "description": "Projektrealisierung",
        "name": "Stadtwerke München",
        "office": "government"
      },
      "geometry": {
        "type": "Point",
        "coordinates": [
          11.5300374,
          48.1811974
        ]
      },
      "id": "node/4846393161"
    },
    {
      "type": "Feature",
      "properties": {
        "@id": "node/4846393162",
        "addr:city": "München",
        "addr:housenumber": "56",
        "addr:postcode": "80992",
        "addr:street": "Hanauer Straße",
        "check_date": "2023-05-28",
        "name": "Kreisverwaltungsreferat",
        "office": "government",
        "opening_hours": "Mo,We,Fr 07:30-12:00; Tu 08:30-12:00,14:00-16:00; Th 08:30-15:00; PH off",
        "phone": "+49 89 233 38600"
      },
      "geometry": {
        "type": "Point",
        "coordinates": [
          11.5299618,
          48.1811934
        ]
      },
      "id": "node/4846393162"
    },
    {
      "type": "Feature",
      "properties": {
        "@id": "node/8544908512",
        "building": "bunker",
        "bunker_type": "bomb_shelter",
        "military": "bunker",
        "ruins": "yes"
      },
      "geometry": {
        "type": "Point",
        "coordinates": [
          11.4633392,
          48.2102896
        ]
      },
      "id": "node/8544908512"
    },
    {
      "type": "Feature",
      "properties": {
        "@id": "node/4837335594",
        "addr:city": "München",
        "addr:country": "DE",
        "addr:housenumber": "11",
        "addr:postcode": "81737",
        "addr:street": "Bayerwaldstraße",
        "contact:email": "poststelle.rst_muenchen@thw.de",
        "contact:fax": "+49 89 63021618",
        "contact:phone": "+49 89 6302160",
        "contact:website": "https://www.thw.de/",
        "government": "emergency",
        "name": "THW Regionalstelle München",
        "office": "government",
        "old_name": "THW Geschäftsstelle München",
        "operator": "Bundesanstalt Technisches Hilfswerk",
        "operator:short": "THW",
        "operator:wikidata": "Q697698",
        "ref:thw": "GMUC",
        "thw:lv": "THW Landesverband Bayern",
        "thw:rb": "THW Regionalbereich München"
      },
      "geometry": {
        "type": "Point",
        "coordinates": [
          11.6311069,
          48.0914756
        ]
      },
      "id": "node/4837335594"
    },
    {
      "type": "Feature",
      "properties": {
        "@id": "node/8636316784",
        "building": "bunker",
        "bunker_type": "bomb_shelter",
        "description": "Vermutlich stark verbunkerter Ausgang/Eingang eines Luftschutzraumes von der Steinerstraße aus gut zu sehen.",
        "historic": "yes",
        "historic:period": "1942 - 1945",
        "image": "https://commons.wikimedia.org/wiki/File:M%C3%BCnchen_Waakirchner_Stra%C3%9Fe_Bunker_Luftschutzbunker_Notausgang_Ausgang_neuhof_Fachoberschule.jpg#/media/File:München_Waakirchner_Straße_Bunker_Luftschutzbunker_Notausgang_Ausgang_neuhof_Fachoberschule.jpg",
        "military": "bunker",
        "unused": "yes"
      },
      "geometry": {
        "type": "Point",
        "coordinates": [
          11.5370642,
          48.1034021
        ]
      },
      "id": "node/8636316784"
    },
    {
      "type": "Feature",
      "properties": {
        "@id": "node/5447630249",
        "addr:city": "München",
        "addr:housenumber": "18",
        "addr:postcode": "81371",
        "addr:street": "Brudermühlstraße",
        "amenity": "dentist",
        "check_date:opening_hours": "2025-10-18",
        "email": "info@zahnarzt-feichtner.de",
        "healthcare": "hospital",
        "healthcare:speciality": "dentist",
        "level": "0",
        "name": "Zahnarztpraxis Feichtner",
        "opening_hours": "Mo-Th 09:00-17:00; Fr 09:00-13:00",
        "phone": "+49 89 723 27 53",
        "website": "https://www.feichtner-implantologie.de/"
      },
      "geometry": {
        "type": "Point",
        "coordinates": [
          11.5511176,
          48.1125144
        ]
      },
      "id": "node/5447630249"
    },
    {
      "type": "Feature",
      "properties": {
        "@id": "node/13745467809",
        "addr:city": "München",
        "addr:country": "DE",
        "addr:housenumber": "52b",
        "addr:postcode": "81371",
        "addr:street": "Gotzinger Straße",
        "level": "4",
        "name": "Branddirektion München: Einsatzvorbeugung: Blitzschutz",
        "office": "government"
      },
      "geometry": {
        "type": "Point",
        "coordinates": [
          11.5497154,
          48.1187491
        ]
      },
      "id": "node/13745467809"
    },
    {
      "type": "Feature",
      "properties": {
        "@id": "node/4695118547",
        "addr:city": "München",
        "addr:housenumber": "7a",
        "addr:postcode": "80336",
        "addr:street": "Bavariastraße",
        "government": "migration",
        "name": "Einbürgerungsstelle",
        "office": "government",
        "opening_hours": "Mo,We \"nur mit Termin\"; Tu 08:30-12:00, 14:00-18:00; Th 08:30-15:00; Fr 07:30-12:00; PH off",
        "website": "https://stadt.muenchen.de/service/info/einburgerungsbehorde/1080548/"
      },
      "geometry": {
        "type": "Point",
        "coordinates": [
          11.5466431,
          48.1260425
        ]
      },
      "id": "node/4695118547"
    },
    {
      "type": "Feature",
      "properties": {
        "@id": "node/12704577602",
        "addr:housenumber": "11",
        "addr:postcode": "80337",
        "addr:street": "Ruppertstraße",
        "name": "Standesamt München",
        "office": "government",
        "website": "https://stadt.muenchen.de/buergerservice/familie-kind.html"
      },
      "geometry": {
        "type": "Point",
        "coordinates": [
          11.5520216,
          48.1238232
        ]
      },
      "id": "node/12704577602"
    },
    {
      "type": "Feature",
      "properties": {
        "@id": "node/5110996243",
        "addr:city": "München",
        "addr:country": "DE",
        "addr:housenumber": "46",
        "addr:postcode": "80336",
        "addr:street": "Bavariaring",
        "amenity": "hospital",
        "beds": "52",
        "email": "info@maria-theresia-klinik.de",
        "healthcare": "hospital",
        "healthcare:speciality": "internal;surgery",
        "name": "Maria-Theresia-Klinik",
        "official_name": "Maria-Theresia-Klinik - Fachklinik für Chirurgie und Innere Medizin",
        "operator": "Kongregation der Barmherzigen Schwestern vom hl. Vinzenz von Paul",
        "operator:type": "religious",
        "phone": "+49 89 7207-1",
        "website": "https://www.maria-theresia-klinik.de/",
        "wheelchair": "no",
        "wikidata": "Q98644173"
      },
      "geometry": {
        "type": "Point",
        "coordinates": [
          11.5493435,
          48.1266722
        ]
      },
      "id": "node/5110996243"
    },
    {
      "type": "Feature",
      "properties": {
        "@id": "node/5167233260",
        "name": "European Patent Office - Pschorr VIII",
        "office": "government",
        "website": "https://www.epo.org/en/service-support/contact-us"
      },
      "geometry": {
        "type": "Point",
        "coordinates": [
          11.5469337,
          48.1405483
        ]
      },
      "id": "node/5167233260"
    },
    {
      "type": "Feature",
      "properties": {
        "@id": "node/8696362972",
        "addr:city": "München",
        "addr:country": "DE",
        "addr:housenumber": "28a",
        "addr:postcode": "80335",
        "addr:street": "Bayerstraße",
        "government": "yes",
        "name": "Referat für Klima und Umweltschutz",
        "office": "government",
        "operator": "Landeshauptstadt München"
      },
      "geometry": {
        "type": "Point",
        "coordinates": [
          11.5527196,
          48.1392276
        ]
      },
      "id": "node/8696362972"
    },
    {
      "type": "Feature",
      "properties": {
        "@id": "node/6085975522",
        "addr:housenumber": "16-18",
        "addr:street": "Arnulfstraße",
        "government": "prosecutor",
        "name": "Staatsanwaltschaft München II",
        "office": "government",
        "opening_hours": "Mo-Fr 08:00-12:00",
        "phone": "+49 89 559705",
        "website": "https://www.justiz.bayern.de/gerichte-und-behoerden/staatsanwaltschaft/muenchen-2/"
      },
      "geometry": {
        "type": "Point",
        "coordinates": [
          11.5580815,
          48.1420344
        ]
      },
      "id": "node/6085975522"
    },
    {
      "type": "Feature",
      "properties": {
        "@id": "node/12899110103",
        "addr:city": "München",
        "addr:housenumber": "1",
        "addr:postcode": "80335",
        "addr:street": "Denisstraße",
        "amenity": "police",
        "name": "Bundespolizeiinspektion München",
        "opening_hours": "24/7",
        "operator": "Bundespolizei",
        "operator:short": "BPOL",
        "operator:wikidata": "Q56026"
      },
      "geometry": {
        "type": "Point",
        "coordinates": [
          11.5558335,
          48.1442445
        ]
      },
      "id": "node/12899110103"
    },
    {
      "type": "Feature",
      "properties": {
        "@id": "node/8100536922",
        "check_date": "2023-08-24",
        "name": "Kommunalreferat",
        "office": "government",
        "operator": "Landeshauptstadt München"
      },
      "geometry": {
        "type": "Point",
        "coordinates": [
          11.5698792,
          48.1335855
        ]
      },
      "id": "node/8100536922"
    },
    {
      "type": "Feature",
      "properties": {
        "@id": "node/7852554049",
        "addr:city": "München",
        "addr:country": "DE",
        "addr:housenumber": "21",
        "addr:postcode": "80333",
        "addr:street": "Karlstraße",
        "government": "tax",
        "name": "Finanzamt München, Abteilung Körperschaften",
        "office": "government",
        "wikidata": "Q41180740"
      },
      "geometry": {
        "type": "Point",
        "coordinates": [
          11.5656747,
          48.1431962
        ]
      },
      "id": "node/7852554049"
    },
    {
      "type": "Feature",
      "properties": {
        "@id": "node/9602375044",
        "addr:city": "München",
        "addr:housenumber": "3",
        "addr:postcode": "80335",
        "addr:street": "Luitpoldstraße",
        "government": "administrative",
        "level": "3",
        "name": "Stadtjugendamt München",
        "office": "government",
        "opening_hours": "Mo-Fr 08:00-15:00",
        "phone": "+498923349501",
        "website": "https://stadt.muenchen.de/infos/jugendamt.html"
      },
      "geometry": {
        "type": "Point",
        "coordinates": [
          11.5625567,
          48.1409582
        ]
      },
      "id": "node/9602375044"
    },
    {
      "type": "Feature",
      "properties": {
        "@id": "node/12346373520",
        "addr:city": "München",
        "addr:country": "DE",
        "addr:housenumber": "9;11",
        "addr:postcode": "80333",
        "addr:street": "Karlstraße",
        "government": "tax",
        "name": "Finanzamt München, Abteilung IV",
        "office": "government",
        "opening_hours:signed": "no",
        "wheelchair": "yes"
      },
      "geometry": {
        "type": "Point",
        "coordinates": [
          11.5668461,
          48.1428985
        ]
      },
      "id": "node/12346373520"
    },
    {
      "type": "Feature",
      "properties": {
        "@id": "node/12591506308",
        "name": "Bayerisches Staatsministerium der Justiz",
        "office": "government"
      },
      "geometry": {
        "type": "Point",
        "coordinates": [
          11.5642598,
          48.1406332
        ]
      },
      "id": "node/12591506308"
    },
    {
      "type": "Feature",
      "properties": {
        "@id": "node/12591506309",
        "addr:city": "München",
        "addr:housenumber": "7",
        "addr:postcode": "80335",
        "addr:street": "Prielmayerstraße",
        "amenity": "courthouse",
        "check_date": "2025-10-26",
        "description": "Zivilverfahren",
        "email": "poststelle@lg-m1.bayern.de",
        "name": "Landgericht München I",
        "operator": "Freistaat Bayern",
        "phone": "+49 89 5597 03"
      },
      "geometry": {
        "type": "Point",
        "coordinates": [
          11.5651099,
          48.1403707
        ]
      },
      "id": "node/12591506309"
    },
    {
      "type": "Feature",
      "properties": {
        "@id": "node/12591506310",
        "addr:city": "München",
        "addr:housenumber": "5",
        "addr:postcode": "80335",
        "addr:street": "Prielmayerstraße",
        "amenity": "courthouse",
        "email": "verfgh-m.poststelle@olg-m.bayern.de",
        "name": "Bayerischer Verfassungsgerichtshof",
        "operator": "Freistaat Bayern",
        "phone": "+49 89 5597 3177"
      },
      "geometry": {
        "type": "Point",
        "coordinates": [
          11.5630797,
          48.1407814
        ]
      },
      "id": "node/12591506310"
    },
    {
      "type": "Feature",
      "properties": {
        "@id": "node/7775849838",
        "addr:city": "München",
        "addr:housenumber": "1-3",
        "addr:postcode": "80333",
        "addr:street": "Prinz-Ludwig-Straße",
        "check_date:opening_hours": "2026-01-30",
        "description": "Postanschrift: Finanzamt München Steuerfahndungsstelle 80276 München",
        "email": "poststelle-abteilung4@famuc.bayern.de",
        "government": "tax",
        "name": "Finanzamt München – Steuerfahndungsstelle",
        "office": "government",
        "opening_hours:signed": "no",
        "phone": "+49 89 1252 1111",
        "website": "https://www.finanzamt-muenchen.de/kontakt/anschrift-fax-e-mail/aussenpruefung",
        "wheelchair": "no"
      },
      "geometry": {
        "type": "Point",
        "coordinates": [
          11.5715568,
          48.1452552
        ]
      },
      "id": "node/7775849838"
    },
    {
      "type": "Feature",
      "properties": {
        "@id": "node/11575981503",
        "addr:city": "München",
        "addr:country": "DE",
        "addr:housenumber": "5",
        "addr:postcode": "80333",
        "addr:street": "Pacellistraße",
        "amenity": "courthouse",
        "name": "Amtsgericht München Zivilverfahren"
      },
      "geometry": {
        "type": "Point",
        "coordinates": [
          11.5703182,
          48.1404822
        ]
      },
      "id": "node/11575981503"
    },
    {
      "type": "Feature",
      "properties": {
        "@id": "node/6089726292",
        "addr:city": "München",
        "addr:housenumber": "35",
        "addr:postcode": "80333",
        "addr:street": "Oskar-von-Miller-Ring",
        "government": "ministry",
        "name": "Bayerisches Staatsministerium für Digitales",
        "office": "government",
        "wheelchair": "no",
        "wikidata": "Q58582357",
        "wikipedia": "de:Bayerisches Staatsministerium für Digitales"
      },
      "geometry": {
        "type": "Point",
        "coordinates": [
          11.5768711,
          48.1458876
        ]
      },
      "id": "node/6089726292"
    },
    {
      "type": "Feature",
      "properties": {
        "@id": "node/12676897069",
        "addr:city": "München",
        "addr:housenumber": "10",
        "addr:postcode": "81549",
        "addr:street": "Stettnerstraße",
        "amenity": "courthouse",
        "name": "Hochsicherheitsgerichtssaal in der Justizvollzugsanstalt Stadelheim",
        "operator": "Freistaat Bayern"
      },
      "geometry": {
        "type": "Point",
        "coordinates": [
          11.5906609,
          48.0981221
        ]
      },
      "id": "node/12676897069"
    },
    {
      "type": "Feature",
      "properties": {
        "@id": "node/9303773998",
        "government": "migration",
        "name": "Landeshauptstadt München, Sozialreferat, Amt für Wohnen und Migration",
        "office": "government",
        "opening_hours": "Mo,We,Fr 08:30-12:00 \"Vorsprache bitte spätestens bis 11:30 Uhr\"; We 15:00-17:00 \"nur für Berufstätige\"",
        "website": "https://stadt.muenchen.de/buergerservice/wohnen-meldewesen/mieten.html"
      },
      "geometry": {
        "type": "Point",
        "coordinates": [
          11.5973185,
          48.1157914
        ]
      },
      "id": "node/9303773998"
    },
    {
      "type": "Feature",
      "properties": {
        "@id": "node/9241416608",
        "admin_level": "6",
        "check_date:opening_hours": "2023-03-16",
        "government": "administrative",
        "name": "Landeshauptstadt München, Personal- und Organisationsreferat",
        "office": "government",
        "opening_hours:signed": "no"
      },
      "geometry": {
        "type": "Point",
        "coordinates": [
          11.5989447,
          48.1226979
        ]
      },
      "id": "node/9241416608"
    },
    {
      "type": "Feature",
      "properties": {
        "@id": "node/9765061652",
        "check_date:opening_hours": "2026-01-30",
        "contact:email": "jobcenter-muenchen.zwi@jobcenter-ge.de",
        "government": "employment_agency",
        "name": "jobcenter",
        "office": "government",
        "opening_hours": "Fr 08:00-16:00; Mo-Th 08:00-18:00"
      },
      "geometry": {
        "type": "Point",
        "coordinates": [
          11.5931323,
          48.1277717
        ]
      },
      "id": "node/9765061652"
    },
    {
      "type": "Feature",
      "properties": {
        "@id": "node/5352753647",
        "addr:city": "München",
        "addr:housenumber": "53",
        "addr:postcode": "81669",
        "addr:street": "Sankt-Martin-Straße",
        "check_date": "2024-06-26",
        "contact:phone": "+49 89 233 49723",
        "government": "social_security",
        "name": "Sozialreferat Landeshauptstadt München",
        "office": "government",
        "operator": "Stadt München",
        "social_facility:for": "refugees",
        "wheelchair": "yes"
      },
      "geometry": {
        "type": "Point",
        "coordinates": [
          11.6004258,
          48.1199461
        ]
      },
      "id": "node/5352753647"
    },
    {
      "type": "Feature",
      "properties": {
        "@id": "node/13430346801",
        "addr:housenumber": "29",
        "addr:street": "Anzinger Straße",
        "internet_access": "wlan",
        "name": "Deutsches Patent- und Markenamt",
        "office": "government",
        "short_name": "DPMA",
        "website": "https://www.dpma.de/"
      },
      "geometry": {
        "type": "Point",
        "coordinates": [
          11.610136,
          48.1214566
        ]
      },
      "id": "node/13430346801"
    },
    {
      "type": "Feature",
      "properties": {
        "@id": "node/4801415223",
        "addr:city": "München",
        "addr:country": "DE",
        "addr:housenumber": "10",
        "addr:postcode": "81667",
        "addr:street": "Orleansplatz",
        "amenity": "police",
        "email": "bpolr.muenchen@polizei.bund.de",
        "fax": "+49 89 6661697-16",
        "name": "Bundespolizeirevier München-Ost",
        "name:en": "Federal Police Station Munich-East",
        "operator": "Bundespolizei",
        "operator:short": "BPOL",
        "operator:wikidata": "Q56026",
        "operator:wikimedia_commons": "Category:Federal Police of Germany",
        "operator:wikipedia": "de:Bundespolizei (Deutschland)",
        "phone": "+49 89 6661697-0",
        "short_name": "BPOLR München-Ost",
        "website": "https://www.bundespolizei.de/SharedDocs/Webs/Web/Organisationseinheiten/BPOLR/Muenchen-Ost.html"
      },
      "geometry": {
        "type": "Point",
        "coordinates": [
          11.6050869,
          48.1280149
        ]
      },
      "id": "node/4801415223"
    },
    {
      "type": "Feature",
      "properties": {
        "@id": "node/9849605022",
        "addr:city": "München",
        "addr:housenumber": "3",
        "addr:postcode": "80538",
        "addr:street": "Praterinsel",
        "government": "administrative",
        "name": "Landtagsamt",
        "office": "government",
        "wikidata": "Q1803995"
      },
      "geometry": {
        "type": "Point",
        "coordinates": [
          11.5908653,
          48.136376
        ]
      },
      "id": "node/9849605022"
    },
    {
      "type": "Feature",
      "properties": {
        "@id": "node/4305720928",
        "admin_level": "4",
        "cannabis:recreational": "no",
        "check_date": "2025-10-26",
        "contact:email": "landtag@bayern.landtag.de",
        "contact:facebook": "Bayern.Landtag",
        "contact:fax": "+498941261392",
        "contact:instagram": "bayerischer.landtag",
        "contact:mastodon": "@BayerischerLandtag@social.bund.de",
        "contact:phone": "+498941260",
        "contact:website": "https://www.bayern.landtag.de/",
        "name": "Bayerischer Landtag",
        "name:de": "Bayerischer Landtag",
        "name:en": "State Diet of Bavaria",
        "name:es": "Dieta del Estado de Baviera",
        "name:fr": "Landtag de Bavière",
        "name:it": "Dieta statale della Baviera",
        "name:nl": "Beierse Landdag",
        "name:pl": "Landtag Bawarii",
        "name:ru": "Баварский ландтаг",
        "office": "government",
        "toilets:wheelchair": "yes",
        "wheelchair": "yes",
        "wikidata": "Q641439",
        "wikipedia": "de:Bayerischer Landtag"
      },
      "geometry": {
        "type": "Point",
        "coordinates": [
          11.5941368,
          48.1361881
        ]
      },
      "id": "node/4305720928"
    },
    {
      "type": "Feature",
      "properties": {
        "@id": "node/11328877067",
        "addr:city": "München",
        "addr:housenumber": "18",
        "addr:postcode": "80538",
        "addr:street": "Wagmüllerstraße",
        "check_date:opening_hours": "2024-12-29",
        "email": "poststelle@datenschutz-bayern.de",
        "fax": "+49 89 212672 50",
        "government": "data_protection",
        "name": "Bayerischer Landesbeauftragte für den Datenschutz",
        "office": "government",
        "opening_hours:signed": "no",
        "phone": "+49 89 212672 0",
        "ref:vatin": "DE811335517",
        "short_name": "BayLfD",
        "website": "https://www.datenschutz-bayern.de/",
        "wikidata": "Q55499721"
      },
      "geometry": {
        "type": "Point",
        "coordinates": [
          11.5887887,
          48.1421747
        ]
      },
      "id": "node/11328877067"
    },
    {
      "type": "Feature",
      "properties": {
        "@id": "node/8254727319",
        "addr:city": "München",
        "addr:country": "DE",
        "addr:housenumber": "37",
        "addr:postcode": "81673",
        "addr:street": "Streitfeldstraße",
        "contact:email": "service@bamf.bund.de",
        "contact:fax": "+49 911 943 99 99846",
        "contact:phone": "+49 89 620 29-0",
        "contact:website": "https://www.bamf.de/SharedDocs/Struktur/Organisationseinheiten/DE/Standorte/muenchen-liegenschaft-1-as-einheit.html",
        "full_name": "Bundesamt für Migration und Flüchtlinge, Referat 53A",
        "government": "migration",
        "name": "BAMF Außenstelle",
        "office": "government"
      },
      "geometry": {
        "type": "Point",
        "coordinates": [
          11.6227777,
          48.1310507
        ]
      },
      "id": "node/8254727319"
    },
    {
      "type": "Feature",
      "properties": {
        "@id": "node/9017869322",
        "addr:city": "Ottobrunn",
        "addr:country": "DE",
        "addr:housenumber": "46-48",
        "addr:postcode": "85521",
        "addr:street": "Ludwig-Thoma-Straße",
        "government": "healthcare",
        "name": "Sozialpsychiatrischer Dienst München-Land Süd",
        "office": "government",
        "opening_hours:signed": "no",
        "source": "survey",
        "website": "https://projekteverein.de/standorte/munchen-land-sued/",
        "wheelchair": "yes"
      },
      "geometry": {
        "type": "Point",
        "coordinates": [
          11.6801082,
          48.0636445
        ]
      },
      "id": "node/9017869322"
    },
    {
      "type": "Feature",
      "properties": {
        "@id": "node/6069330974",
        "government": "register_office",
        "name": "Bürgerbüro Neubiberg",
        "office": "government",
        "opening_hours": "Mo-We,Fr 07:30-12:00; Th 07:30-12:00,14:00-18:00",
        "wheelchair": "yes"
      },
      "geometry": {
        "type": "Point",
        "coordinates": [
          11.6610639,
          48.0755557
        ]
      },
      "id": "node/6069330974"
    },
    {
      "type": "Feature",
      "properties": {
        "@id": "node/9694465355",
        "addr:city": "München",
        "addr:country": "DE",
        "addr:housenumber": "20",
        "addr:postcode": "81829",
        "addr:street": "Joseph-Wild-Straße",
        "contact:email": "poststelle@lra-m.bayern.de",
        "contact:fax": "+49 89 62212278",
        "contact:phone": "+49 89 62210",
        "contact:website": "https://www.landkreis-muenchen.de/landratsamt/standorte-und-oeffnungszeiten/muenchen-riem/",
        "description": "Beratungsstelle für Eltern, Kinder und Jugendliche | Digitalisierungskoordination | Klimaschutz & Abfallwirtschaft | Energie & Mobilität | Hochbau | Immobilien | Schulen",
        "government": "administrative",
        "name": "Landratsamt München (München Riem)",
        "office": "government",
        "opening_hours": "Mo-Fr 08:00-12:00; Th 08:00-12:00,14:00-17:30; Sa,Su,PH off"
      },
      "geometry": {
        "type": "Point",
        "coordinates": [
          11.6882069,
          48.1353393
        ]
      },
      "id": "node/9694465355"
    },
    {
      "type": "Feature",
      "properties": {
        "@id": "node/5167241037",
        "addr:city": "Haar",
        "addr:housenumber": "8",
        "addr:postcode": "85540",
        "addr:street": "Richard-Reitzner-Allee",
        "government": "patent_office",
        "name": "European Patent Office - Haar building - Board of Appeal",
        "office": "government",
        "phone": "+49 89 2399-0",
        "website": "https://www.epo.org/en/service-support/contact-us/locations/"
      },
      "geometry": {
        "type": "Point",
        "coordinates": [
          11.7319149,
          48.1146147
        ]
      },
      "id": "node/5167241037"
    },
    {
      "type": "Feature",
      "properties": {
        "@id": "node/6418521130",
        "addr:city": "München",
        "addr:country": "DE",
        "addr:housenumber": "27",
        "addr:postcode": "80335",
        "addr:street": "Seidlstraße",
        "name": "Ausländerbehörde",
        "office": "government",
        "official_name": "Kreisverwaltungsreferat Hauptabteilung II Bürgerangelegenheiten, Ausländerangelegenheiten, Asylangelegenheiten",
        "opening_hours": "Mo,Fr 07:30-12:00; Tu 08:30-12:00,14:00-18:00; We \"nur mit Termin\"; Th 08:30-15:00; Sa,Su,PH off",
        "phone": "+4989115",
        "website": "https://stadt.muenchen.de/infos/asyl.html"
      },
      "geometry": {
        "type": "Point",
        "coordinates": [
          11.5581597,
          48.1468733
        ]
      },
      "id": "node/6418521130"
    },
    {
      "type": "Feature",
      "properties": {
        "@id": "node/12591576621",
        "addr:city": "München",
        "addr:housenumber": "16",
        "addr:postcode": "80335",
        "addr:street": "Nymphenburger Straße",
        "amenity": "courthouse",
        "description": "Strafabteilungen",
        "name": "Landgericht München I"
      },
      "geometry": {
        "type": "Point",
        "coordinates": [
          11.5548742,
          48.1486783
        ]
      },
      "id": "node/12591576621"
    },
    {
      "type": "Feature",
      "properties": {
        "@id": "node/12591576622",
        "addr:city": "München",
        "addr:housenumber": "16",
        "addr:postcode": "80335",
        "addr:street": "Nymphenburger Straße",
        "amenity": "courthouse",
        "description": "Strafabteilungen",
        "name": "Landgericht München II"
      },
      "geometry": {
        "type": "Point",
        "coordinates": [
          11.5547067,
          48.1488637
        ]
      },
      "id": "node/12591576622"
    },
    {
      "type": "Feature",
      "properties": {
        "@id": "node/12591576623",
        "addr:city": "München",
        "addr:housenumber": "16",
        "addr:postcode": "80335",
        "addr:street": "Nymphenburger Straße",
        "amenity": "courthouse",
        "description": "Strafabteilung",
        "name": "Amtsgericht München"
      },
      "geometry": {
        "type": "Point",
        "coordinates": [
          11.5544894,
          48.1487346
        ]
      },
      "id": "node/12591576623"
    },
    {
      "type": "Feature",
      "properties": {
        "@id": "node/4683603591",
        "addr:city": "München",
        "addr:housenumber": "9",
        "addr:postcode": "80797",
        "addr:street": "Winzererstraße",
        "check_date": "2025-05-05",
        "name": "Bayerisches Staatsministerium für Arbeit und Soziales, Familie und Integration",
        "office": "government",
        "toilets:wheelchair": "yes",
        "wheelchair": "yes"
      },
      "geometry": {
        "type": "Point",
        "coordinates": [
          11.5589529,
          48.1562237
        ]
      },
      "id": "node/4683603591"
    },
    {
      "type": "Feature",
      "properties": {
        "@id": "node/7775742423",
        "addr:city": "München",
        "addr:country": "DE",
        "addr:housenumber": "1",
        "addr:postcode": "80797",
        "addr:street": "Infanteriestraße",
        "admin_level": "5",
        "contact:email": "poststelle@ale-ob.bayern.de",
        "contact:fax": "+49 89 1213 1406",
        "contact:phone": "+49 89 1213 01",
        "contact:website": "https://www.ale-oberbayern.bayern.de/",
        "government": "administrative",
        "name": "Amt für Ländliche Entwicklung Oberbayern",
        "office": "government",
        "opening_hours": "Mo-Th 08:00-12:00,13:30-16:00; Fr 08:00-12:00; PH off",
        "wheelchair": "yes"
      },
      "geometry": {
        "type": "Point",
        "coordinates": [
          11.5573375,
          48.1572043
        ]
      },
      "id": "node/7775742423"
    },
    {
      "type": "Feature",
      "properties": {
        "@id": "node/9974574480",
        "addr:city": "München",
        "addr:country": "DE",
        "addr:housenumber": "130",
        "addr:postcode": "80797",
        "addr:street": "Heßstraße",
        "admin_level": "5",
        "contact:email": "luftamt@reg-ob.bayern.de",
        "contact:website": "https://www.regierung.oberbayern.bayern.de/ueber_uns/zentralezustaendigkeiten/luftamt_suedbayern/index.html",
        "government": "transportation",
        "name": "Luftamt Südbayern",
        "office": "government",
        "opening_hours": "Mo-Th 08:00-16:00; Fr 08:00-14:00; PH off",
        "operator": "Regierung von Oberbayern",
        "short_name": "SG 25"
      },
      "geometry": {
        "type": "Point",
        "coordinates": [
          11.5541528,
          48.15758
        ]
      },
      "id": "node/9974574480"
    },
    {
      "type": "Feature",
      "properties": {
        "@id": "node/11090526304",
        "addr:city": "München",
        "addr:country": "DE",
        "addr:housenumber": "9",
        "addr:postcode": "80797",
        "addr:street": "Infanteriestraße",
        "contact:email": "poststelle@sta-m1.bayern.de",
        "contact:phone": "+49 89 5597-07",
        "contact:website": "https://www.justiz.bayern.de/gerichte-und-behoerden/staatsanwaltschaft/muenchen-1/",
        "description": "Außenstelle Infanteriestraße",
        "government": "prosecutor",
        "name": "Staatsanwaltschaft München I - Außenstelle Infanteriestraße",
        "office": "government"
      },
      "geometry": {
        "type": "Point",
        "coordinates": [
          11.5551739,
          48.1577814
        ]
      },
      "id": "node/11090526304"
    },
    {
      "type": "Feature",
      "properties": {
        "@id": "node/11090616357",
        "addr:city": "München",
        "addr:country": "DE",
        "addr:housenumber": "5",
        "addr:street": "Infanteriestraße",
        "amenity": "courthouse",
        "contact:email": "poststelle@ag-m.bayern.de",
        "contact:phone": "+49 89 5597-06",
        "contact:website": "https://www.justiz.bayern.de/gerichte-und-behoerden/amtsgerichte/muenchen/kontakt.php",
        "name": "Amtsgericht München",
        "wikidata": "Q480899",
        "wikipedia": "de:Amtsgericht München"
      },
      "geometry": {
        "type": "Point",
        "coordinates": [
          11.5563051,
          48.1581363
        ]
      },
      "id": "node/11090616357"
    },
    {
      "type": "Feature",
      "properties": {
        "@id": "node/13049941923",
        "addr:city": "München",
        "addr:country": "DE",
        "addr:housenumber": "130",
        "addr:postcode": "80797",
        "addr:street": "Heßstraße",
        "admin_level": "5",
        "government": "inspection",
        "name": "Gewerbeaufsichtsamt",
        "office": "government",
        "opening_hours": "Mo-Th 08:00-16:00; Fr 08:00-14:00; PH off",
        "operator": "Regierung von Oberbayern",
        "short_name": "GAA",
        "website": "https://www.regierung.oberbayern.bayern.de/ueber_uns/organisation/dienststellen/index.html"
      },
      "geometry": {
        "type": "Point",
        "coordinates": [
          11.5542291,
          48.1576278
        ]
      },
      "id": "node/13049941923"
    },
    {
      "type": "Feature",
      "properties": {
        "@id": "node/11362970076",
        "addr:city": "München",
        "addr:country": "DE",
        "addr:housenumber": "122",
        "addr:postcode": "80637",
        "addr:street": "Dachauer Straße",
        "check_date": "2024-11-15",
        "contact:website": "https://stadt.muenchen.de/infos/hilfen_fuer_gefluechtete_aus_ukraine.html",
        "government": "migration",
        "name": "Erstanlaufstelle für ukrainische Geflüchtete",
        "office": "government",
        "opening_hours": "Mo-Fr 08:00-16:00",
        "operator": "Kreisverwaltungsreferat München"
      },
      "geometry": {
        "type": "Point",
        "coordinates": [
          11.5445686,
          48.1620437
        ]
      },
      "id": "node/11362970076"
    },
    {
      "type": "Feature",
      "properties": {
        "@id": "node/7772258205",
        "addr:city": "München",
        "addr:country": "DE",
        "addr:housenumber": "16",
        "addr:postcode": "80539",
        "addr:street": "Kaulbachstraße",
        "contact:email": "kontakt@orff-zentrum.de",
        "contact:fax": "+49 89 288105-33",
        "contact:phone": "+49 89 288105-0",
        "contact:website": "https://www.orff-zentrum.de/",
        "government": "education",
        "image": "https://upload.wikimedia.org/wikipedia/commons/1/15/Orff-Zentrum_M%C3%BCnchen_8680.jpg",
        "name": "Orff-Zentrum München Staatsinstitut für Forschung und Dokumentation",
        "office": "government",
        "wikidata": "Q97940516"
      },
      "geometry": {
        "type": "Point",
        "coordinates": [
          11.5835932,
          48.1478558
        ]
      },
      "id": "node/7772258205"
    },
    {
      "type": "Feature",
      "properties": {
        "@id": "node/7772494080",
        "addr:city": "München",
        "addr:housenumber": "9",
        "addr:postcode": "80539",
        "addr:street": "Kaulbachstraße",
        "email": "poststelle@orh.bayern.de",
        "government": "audit",
        "name": "Bayerischer Oberster Rechnungshof",
        "office": "government",
        "phone": "+49 89 28626-0",
        "smoking": "outside",
        "website": "https://www.orh.bayern.de/",
        "wikidata": "Q812362",
        "wikimedia_commons": "Category:Bayerischer Oberster Rechnungshof",
        "wikipedia": "de:Bayerischer Oberster Rechnungshof"
      },
      "geometry": {
        "type": "Point",
        "coordinates": [
          11.5824426,
          48.1467732
        ]
      },
      "id": "node/7772494080"
    },
    {
      "type": "Feature",
      "properties": {
        "@id": "node/10809230529",
        "addr:city": "München",
        "addr:country": "DE",
        "addr:housenumber": "43",
        "addr:postcode": "80797",
        "addr:street": "Winzererstraße",
        "admin_level": "6",
        "check_date": "2026-03-09",
        "check_date:opening_hours": "2025-10-20",
        "contact:email": "poststelle@stbafs.bayern.de",
        "contact:website": "https://stbafs.bayern.de",
        "government": "administrative",
        "name": "Staatliches Bauamt Freising",
        "office": "government",
        "opening_hours:signed": "no"
      },
      "geometry": {
        "type": "Point",
        "coordinates": [
          11.5620447,
          48.1624503
        ]
      },
      "id": "node/10809230529"
    },
    {
      "type": "Feature",
      "properties": {
        "@id": "node/11771268469",
        "addr:city": "München",
        "addr:country": "DE",
        "addr:housenumber": "106",
        "addr:postcode": "80797",
        "addr:street": "Winzererstraße",
        "amenity": "courthouse",
        "check_date": "2026-03-09",
        "contact:city": "München",
        "contact:country": "DE",
        "contact:fax": "+49 89 306 19-211",
        "contact:phone": "+49 89 306 19-0",
        "contact:pobox": "40 01 80",
        "contact:postcode": "80701",
        "contact:website": "https://www.arbg.bayern.de/muenchen/lag/",
        "name": "Landesarbeitsgericht München",
        "opening_hours": "Mo-Th 08:00-16:00; Fr 08:00-14:00"
      },
      "geometry": {
        "type": "Point",
        "coordinates": [
          11.5631389,
          48.1643297
        ]
      },
      "id": "node/11771268469"
    },
    {
      "type": "Feature",
      "properties": {
        "@id": "node/13173696106",
        "addr:city": "München",
        "addr:country": "DE",
        "addr:housenumber": "77",
        "addr:postcode": "80804",
        "addr:street": "Belgradstraße",
        "amenity": "townhall",
        "check_date": "2026-01-14",
        "contact:fax": "+49 89 233738690",
        "contact:phone": "+49 89 233-96000",
        "contact:website": "https://stadt.muenchen.de/service/info/burgerburo-scheidplatz/1073582/",
        "government": "town_council",
        "name": "Bürgerbüro Scheidplatz",
        "office": "government",
        "opening_hours": "Mo, We, Fr 07:30-13:00; Tu, Th 08:30-13:00, 14:00-18:00; Sa,Su,PH off",
        "operator": "Kreisverwaltungsreferat München",
        "operator:short": "KVR München",
        "wheelchair": "yes"
      },
      "geometry": {
        "type": "Point",
        "coordinates": [
          11.5736218,
          48.1676858
        ]
      },
      "id": "node/13173696106"
    },
    {
      "type": "Feature",
      "properties": {
        "@id": "node/12395359449",
        "addr:city": "München",
        "addr:country": "DE",
        "addr:housenumber": "170",
        "addr:postcode": "80939",
        "addr:street": "Heidemannstraße",
        "contact:email": "sbh-sf.soz@muenchen.de",
        "contact:fax": "+49 89 233 733015",
        "contact:phone": "+49 89 233 96833",
        "contact:website": "https://stadt.muenchen.de/infos/sbh-sf.html",
        "government": "social_services",
        "name": "Sozialbürgerhaus Schwabing-Freimann",
        "office": "government"
      },
      "geometry": {
        "type": "Point",
        "coordinates": [
          11.6067485,
          48.1994387
        ]
      },
      "id": "node/12395359449"
    },
    {
      "type": "Feature",
      "properties": {
        "@id": "node/7326395828",
        "government": "environment",
        "name": "Bundesamt für Strahlenschutz",
        "office": "government",
        "opening_hours": "Mo-Fr 09:00-15:00"
      },
      "geometry": {
        "type": "Point",
        "coordinates": [
          11.589453,
          48.2210641
        ]
      },
      "id": "node/7326395828"
    },
    {
      "type": "Feature",
      "properties": {
        "@id": "node/13659596169",
        "addr:city": "Garching bei München",
        "addr:housenumber": "1",
        "addr:postcode": "85748",
        "addr:street": "Rathausplatz",
        "government": "administrative",
        "level": "0",
        "name": "Finanzverwaltung",
        "office": "government"
      },
      "geometry": {
        "type": "Point",
        "coordinates": [
          11.6505997,
          48.2508903
        ]
      },
      "id": "node/13659596169"
    },
    {
      "type": "Feature",
      "properties": {
        "@id": "node/9336458084",
        "aeroway": "airstrip",
        "description": "Private Airstrip near Heimatshofen, Bavaria"
      },
      "geometry": {
        "type": "Point",
        "coordinates": [
          11.8209492,
          47.9577323
        ]
      },
      "id": "node/9336458084"
    },
    {
      "type": "Feature",
      "properties": {
        "@id": "node/9575366954",
        "addr:city": "Grasbrunn",
        "addr:housenumber": "4",
        "addr:postcode": "85630",
        "addr:street": "Bretonischer Ring",
        "addr:suburb": "Neukeferloh",
        "check_date:opening_hours": "2024-03-26",
        "email": "fahrerlaubnis@lra-m.bayern.de",
        "fax": "+49 89 6221-3128",
        "government": "yes",
        "name": "Führerscheinstelle",
        "office": "government",
        "opening_hours": "Mo-Fr 07:30-12:00, Tu,Th 13:30-16:00",
        "phone": "+49 89 6221-3000",
        "website": "https://www.landkreis-muenchen.de/landratsamt/standorte-und-oeffnungszeiten/grasbrunn-neukeferloh/"
      },
      "geometry": {
        "type": "Point",
        "coordinates": [
          11.7621459,
          48.1005993
        ]
      },
      "id": "node/9575366954"
    },
    {
      "type": "Feature",
      "properties": {
        "@id": "node/13100654566",
        "name": "Bayerisches Landesamt für Gesundheit und Lebensmittelsicherheit (LGL)",
        "office": "government"
      },
      "geometry": {
        "type": "Point",
        "coordinates": [
          11.5577011,
          48.2610872
        ]
      },
      "id": "node/13100654566"
    },
    {
      "type": "Feature",
      "properties": {
        "@id": "node/13100654569",
        "government": "administrative",
        "name": "Bauamt Oberschleißheim",
        "office": "government"
      },
      "geometry": {
        "type": "Point",
        "coordinates": [
          11.557596,
          48.2617197
        ]
      },
      "id": "node/13100654569"
    },
    {
      "type": "Feature",
      "properties": {
        "@id": "node/4418168575",
        "addr:city": "Unterschleißheim",
        "addr:housenumber": "1",
        "addr:postcode": "85716",
        "addr:street": "Rathausplatz",
        "amenity": "townhall",
        "contact:email": "stadt@ush.bayern.de",
        "contact:fax": "+49 89 3103705",
        "contact:phone": "+49 89 310090",
        "contact:website": "https://www.unterschleissheim.de/startseite.html",
        "name": "Rathaus Unterschleißheim",
        "opening_hours": "mo 08:00-12:30, 14:00-16:00; tu 08:00-12:30, 14:00-18:00; we 07:00-12:30; th 14:00-18:00; fr 08:00-12:30; PH off",
        "wheelchair": "yes",
        "wikidata": "Q59096",
        "wikipedia": "de:Unterschleißheim"
      },
      "geometry": {
        "type": "Point",
        "coordinates": [
          11.5707141,
          48.2728735
        ]
      },
      "id": "node/4418168575"
    },
    {
      "type": "Feature",
      "properties": {
        "@id": "node/12289904248",
        "addr:city": "Unterschleißheim",
        "addr:housenumber": "1",
        "addr:postcode": "85716",
        "addr:street": "Valerystraße",
        "check_date": "2025-11-01",
        "description": "Geschäftsbereiche:\n50.1 Technisches Bauamt | Liegenschaften\n50.2 Bauverwaltung, Bauleitplanung, Umwelt",
        "email": "bauunterlagen@ush.bayern.de",
        "level": "1",
        "name": "Außenstelle Bauamt",
        "office": "government",
        "opening_hours": "Mo-We,Fr 08:00-12:30; Th 14:00-18:00",
        "operator": "Stadt Unterschleißheim",
        "website": "https://www.unterschleissheim.de/planen-bauen-wohnen-klimaschutz/aussenstelle-bauamt.html"
      },
      "geometry": {
        "type": "Point",
        "coordinates": [
          11.568278,
          48.2721025
        ]
      },
      "id": "node/12289904248"
    },
    {
      "type": "Feature",
      "properties": {
        "@id": "node/13659596170",
        "addr:city": "Garching bei München",
        "addr:housenumber": "1",
        "addr:postcode": "85748",
        "addr:street": "Rathausplatz",
        "government": "parliament",
        "level": "1",
        "name": "Ratsaal",
        "office": "government"
      },
      "geometry": {
        "type": "Point",
        "coordinates": [
          11.6507597,
          48.2509269
        ]
      },
      "id": "node/13659596170"
    },
    {
      "type": "Feature",
      "properties": {
        "@id": "node/5866241755",
        "access": "private",
        "addr:city": "Garching bei München",
        "addr:housenumber": "1",
        "addr:postcode": "85748",
        "addr:street": "Gießenbachstraße",
        "name": "MPA/MPE/MPCDF Verwaltung",
        "office": "government",
        "opening_hours": "Mo-Th 07:55-16:45; Fr 07:55-15:00"
      },
      "geometry": {
        "type": "Point",
        "coordinates": [
          11.671093,
          48.2612889
        ]
      },
      "id": "node/5866241755"
    },
    {
      "type": "Feature",
      "properties": {
        "@id": "node/5860857714",
        "@relations": [
          {
            "role": "address",
            "rel": 4614893,
            "reltags": {
              "landuse": "military",
              "name": "Bundesnachrichtendienst, Außenstelle Pullach im Isartal",
              "name:de": "Bundesnachrichtendienst, Außenstelle Pullach im Isartal",
              "name:en": "Federal Intelligence Service",
              "name:es": "Servicio Federal de Inteligencia",
              "name:fr": "Service fédéral de renseignement",
              "name:it": "Servizio Informazioni Federale",
              "name:ro": "Serviciile Federale de Informații",
              "short_name": "BND",
              "type": "multipolygon",
              "website": "https://www.bnd.bund.de/DE/Der_BND/Unsere-Standorte/standorte-node.html",
              "wikidata": "Q73933322",
              "wikipedia": "de:BND-Liegenschaft in Pullach"
            }
          }
        ]
      },
      "geometry": {
        "type": "Point",
        "coordinates": [
          11.52957,
          48.0633348
        ]
      },
      "id": "node/5860857714"
    }
  ]
}